YEAR,LOCATION,"STATE ANSI","ASD CODE","COUNTY ANSI","REFERENCE PERIOD",COMMODITY,"ALL UTILIZATION PRACTICES in BU","OFF FARM in BU","ON FARM in BU"
1949,ILLINOIS,17,"  ","   ","FIRST OF DEC",SOYBEANS,"64,735,000","45,457,000","19,278,000"
1949,IOWA,19,"  ","   ","FIRST OF DEC",SOYBEANS,"28,740,000","17,337,000","11,403,000"
1949,MINNESOTA,27,"  ","   ","FIRST OF DEC",SOYBEANS,"9,573,000","4,607,000","4,966,000"
1950,ILLINOIS,17,"  ","   ","FIRST OF MAR",SOYBEANS,"44,885,000","29,798,000","15,087,000"
1950,ILLINOIS,17,"  ","   ","FIRST OF JUN",SOYBEANS,"18,826,000","16,311,000","2,515,000"
1950,ILLINOIS,17,"  ","   ","FIRST OF SEP",SOYBEANS,"1,327,000","908,000","419,000"
1950,ILLINOIS,17,"  ","   ","FIRST OF DEC",SOYBEANS,"76,750,000","48,029,000","28,721,000"
1950,IOWA,19,"  ","   ","FIRST OF MAR",SOYBEANS,"19,989,000","11,359,000","8,630,000"
1950,IOWA,19,"  ","   ","FIRST OF JUN",SOYBEANS,"7,552,000","6,782,000","770,000"
1950,IOWA,19,"  ","   ","FIRST OF SEP",SOYBEANS,"393,000","239,000","154,000"
1950,IOWA,19,"  ","   ","FIRST OF DEC",SOYBEANS,"38,217,000","17,836,000","20,381,000"
1950,MINNESOTA,27,"  ","   ","FIRST OF MAR",SOYBEANS,"6,404,000","2,914,000","3,490,000"
1950,MINNESOTA,27,"  ","   ","FIRST OF JUN",SOYBEANS,"1,777,000","1,441,000","336,000"
1950,MINNESOTA,27,"  ","   ","FIRST OF SEP",SOYBEANS,"145,000","78,000","67,000"
1950,MINNESOTA,27,"  ","   ","FIRST OF DEC",SOYBEANS,"15,204,000","6,578,000","8,626,000"
1951,ILLINOIS,17,"  ","   ","FIRST OF MAR",SOYBEANS,"48,337,000","36,849,000","11,488,000"
1951,ILLINOIS,17,"  ","   ","FIRST OF JUN",SOYBEANS,"17,911,000","15,518,000","2,393,000"
1951,ILLINOIS,17,"  ","   ","FIRST OF SEP",SOYBEANS,"1,077,000","598,000","479,000"
1951,ILLINOIS,17,"  ","   ","FIRST OF DEC",SOYBEANS,"73,728,000","40,429,000","33,299,000"
1951,IOWA,19,"  ","   ","FIRST OF MAR",SOYBEANS,"24,620,000","14,854,000","9,766,000"
1951,IOWA,19,"  ","   ","FIRST OF JUN",SOYBEANS,"9,581,000","6,609,000","2,972,000"
1951,IOWA,19,"  ","   ","FIRST OF SEP",SOYBEANS,"854,000","217,000","637,000"
1951,IOWA,19,"  ","   ","FIRST OF DEC",SOYBEANS,"33,268,000","15,419,000","17,849,000"
1951,MINNESOTA,27,"  ","   ","FIRST OF MAR",SOYBEANS,"8,765,000","4,452,000","4,313,000"
1951,MINNESOTA,27,"  ","   ","FIRST OF JUN",SOYBEANS,"2,234,000","1,716,000","518,000"
1951,MINNESOTA,27,"  ","   ","FIRST OF SEP",SOYBEANS,"241,000","68,000","173,000"
1951,MINNESOTA,27,"  ","   ","FIRST OF DEC",SOYBEANS,"13,790,000","5,641,000","8,149,000"
1952,ILLINOIS,17,"  ","   ","FIRST OF MAR",SOYBEANS,"39,297,000","22,172,000","17,125,000"
1952,ILLINOIS,17,"  ","   ","FIRST OF JUN",SOYBEANS,"12,972,000","11,545,000","1,427,000"
1952,ILLINOIS,17,"  ","   ","FIRST OF SEP",SOYBEANS,"848,000","372,000","476,000"
1952,ILLINOIS,17,"  ","   ","FIRST OF DEC",SOYBEANS,"69,320,000","48,808,000","20,512,000"
1952,IOWA,19,"  ","   ","FIRST OF MAR",SOYBEANS,"23,721,000","11,389,000","12,332,000"
1952,IOWA,19,"  ","   ","FIRST OF JUN",SOYBEANS,"8,762,000","7,139,000","1,623,000"
1952,IOWA,19,"  ","   ","FIRST OF SEP",SOYBEANS,"459,000","134,000","325,000"
1952,IOWA,19,"  ","   ","FIRST OF DEC",SOYBEANS,"40,497,000","21,819,000","18,678,000"
1952,MINNESOTA,27,"  ","   ","FIRST OF MAR",SOYBEANS,"7,883,000","3,335,000","4,548,000"
1952,MINNESOTA,27,"  ","   ","FIRST OF JUN",SOYBEANS,"2,055,000","1,581,000","474,000"
1952,MINNESOTA,27,"  ","   ","FIRST OF SEP",SOYBEANS,"148,000","53,000","95,000"
1952,MINNESOTA,27,"  ","   ","FIRST OF DEC",SOYBEANS,"15,171,000","7,490,000","7,681,000"
1953,ILLINOIS,17,"  ","   ","FIRST OF MAR",SOYBEANS,"45,409,000","31,140,000","14,269,000"
1953,ILLINOIS,17,"  ","   ","FIRST OF JUN",SOYBEANS,"20,337,000","15,432,000","4,905,000"
1953,ILLINOIS,17,"  ","   ","FIRST OF SEP",SOYBEANS,"1,903,000","565,000","1,338,000"
1953,ILLINOIS,17,"  ","   ","FIRST OF DEC",SOYBEANS,"57,113,000","37,402,000","19,711,000"
1953,IOWA,19,"  ","   ","FIRST OF MAR",SOYBEANS,"26,278,000","12,658,000","13,620,000"
1953,IOWA,19,"  ","   ","FIRST OF JUN",SOYBEANS,"13,310,000","7,473,000","5,837,000"
1953,IOWA,19,"  ","   ","FIRST OF SEP",SOYBEANS,"2,963,000","1,601,000","1,362,000"
1953,IOWA,19,"  ","   ","FIRST OF DEC",SOYBEANS,"37,090,000","20,702,000","16,388,000"
1953,MINNESOTA,27,"  ","   ","FIRST OF MAR",SOYBEANS,"10,945,000","5,239,000","5,706,000"
1953,MINNESOTA,27,"  ","   ","FIRST OF JUN",SOYBEANS,"5,486,000","3,292,000","2,194,000"
1953,MINNESOTA,27,"  ","   ","FIRST OF SEP",SOYBEANS,"1,570,000","692,000","878,000"
1953,MINNESOTA,27,"  ","   ","FIRST OF DEC",SOYBEANS,"19,180,000","7,548,000","11,632,000"
1954,ILLINOIS,17,"  ","   ","FIRST OF MAR",SOYBEANS,"41,318,000","31,857,000","9,461,000"
1954,ILLINOIS,17,"  ","   ","FIRST OF JUN",SOYBEANS,"14,720,000","13,932,000","788,000"
1954,ILLINOIS,17,"  ","   ","FIRST OF SEP",SOYBEANS,"620,000","541,000","79,000"
1954,ILLINOIS,17,"  ","   ","FIRST OF DEC",SOYBEANS,"74,626,000","36,324,000","38,302,000"
1954,IOWA,19,"  ","   ","FIRST OF MAR",SOYBEANS,"22,566,000","15,797,000","6,769,000"
1954,IOWA,19,"  ","   ","FIRST OF JUN",SOYBEANS,"6,776,000","6,242,000","534,000"
1954,IOWA,19,"  ","   ","FIRST OF SEP",SOYBEANS,"86,000","15,000","71,000"
1954,IOWA,19,"  ","   ","FIRST OF DEC",SOYBEANS,"48,135,000","20,490,000","27,645,000"
1954,MINNESOTA,27,"  ","   ","FIRST OF MAR",SOYBEANS,"9,674,000","4,689,000","4,985,000"
1954,MINNESOTA,27,"  ","   ","FIRST OF JUN",SOYBEANS,"1,368,000","1,091,000","277,000"
1954,MINNESOTA,27,"  ","   ","FIRST OF SEP",SOYBEANS,"54,000","26,000","28,000"
1954,MINNESOTA,27,"  ","   ","FIRST OF DEC",SOYBEANS,"34,514,000","12,191,000","22,323,000"
1955,ILLINOIS,17,"  ","   ","FIRST OF MAR",SOYBEANS,"48,888,000","18,603,000","30,285,000"
1955,ILLINOIS,17,"  ","   ","FIRST OF JUN",SOYBEANS,"16,894,000","8,877,000","8,017,000"
1955,ILLINOIS,17,"  ","   ","FIRST OF SEP",SOYBEANS,"1,594,000","703,000","891,000"
1955,ILLINOIS,17,"  ","   ","FIRST OF DEC",SOYBEANS,"79,531,000","49,668,000","29,863,000"
1955,IOWA,19,"  ","   ","FIRST OF MAR",SOYBEANS,"35,550,000","13,547,000","22,003,000"
1955,IOWA,19,"  ","   ","FIRST OF JUN",SOYBEANS,"17,494,000","9,595,000","7,899,000"
1955,IOWA,19,"  ","   ","FIRST OF SEP",SOYBEANS,"1,582,000","454,000","1,128,000"
1955,IOWA,19,"  ","   ","FIRST OF DEC",SOYBEANS,"39,512,000","20,520,000","18,992,000"
1955,MINNESOTA,27,"  ","   ","FIRST OF MAR",SOYBEANS,"24,498,000","8,493,000","16,005,000"
1955,MINNESOTA,27,"  ","   ","FIRST OF JUN",SOYBEANS,"13,425,000","6,265,000","7,160,000"
1955,MINNESOTA,27,"  ","   ","FIRST OF SEP",SOYBEANS,"2,463,000","2,042,000","421,000"
1955,MINNESOTA,27,"  ","   ","FIRST OF DEC",SOYBEANS,"31,920,000","14,786,000","17,134,000"
1956,ILLINOIS,17,"  ","   ","FIRST OF MAR",SOYBEANS,"52,423,000","38,487,000","13,936,000"
1956,ILLINOIS,17,"  ","   ","FIRST OF JUN",SOYBEANS,"24,610,000","22,619,000","1,991,000"
1956,ILLINOIS,17,"  ","   ","FIRST OF SEP",SOYBEANS,"782,000","284,000","498,000"
1956,ILLINOIS,17,"  ","   ","FIRST OF DEC",SOYBEANS,"101,250,000","56,201,000","45,049,000"
1956,IOWA,19,"  ","   ","FIRST OF MAR",SOYBEANS,"26,190,000","16,694,000","9,496,000"
1956,IOWA,19,"  ","   ","FIRST OF JUN",SOYBEANS,"9,797,000","8,440,000","1,357,000"
1956,IOWA,19,"  ","   ","FIRST OF SEP",SOYBEANS,"687,000","325,000","362,000"
1956,IOWA,19,"  ","   ","FIRST OF DEC",SOYBEANS,"46,597,000","20,597,000","26,000,000"
1956,MINNESOTA,27,"  ","   ","FIRST OF MAR",SOYBEANS,"21,221,000","11,995,000","9,226,000"
1956,MINNESOTA,27,"  ","   ","FIRST OF JUN",SOYBEANS,"6,075,000","5,196,000","879,000"
1956,MINNESOTA,27,"  ","   ","FIRST OF SEP",SOYBEANS,"522,000","302,000","220,000"
1956,MINNESOTA,27,"  ","   ","FIRST OF DEC",SOYBEANS,"41,553,000","14,758,000","26,795,000"
1957,ILLINOIS,17,"  ","   ","FIRST OF MAR",SOYBEANS,"66,175,000","33,051,000","33,124,000"
1957,ILLINOIS,17,"  ","   ","FIRST OF JUN",SOYBEANS,"29,239,000","15,989,000","13,250,000"
1957,ILLINOIS,17,"  ","   ","FIRST OF SEP",SOYBEANS,"2,750,000","2,088,000","662,000"
1957,ILLINOIS,17,"  ","   ","FIRST OF DEC",SOYBEANS,"113,078,000","60,449,000","52,629,000"
1957,IOWA,19,"  ","   ","FIRST OF MAR",SOYBEANS,"33,606,000","14,106,000","19,500,000"
1957,IOWA,19,"  ","   ","FIRST OF JUN",SOYBEANS,"15,633,000","10,133,000","5,500,000"
1957,IOWA,19,"  ","   ","FIRST OF SEP",SOYBEANS,"1,270,000","970,000","300,000"
1957,IOWA,19,"  ","   ","FIRST OF DEC",SOYBEANS,"69,154,000","31,753,000","37,401,000"
1957,MINNESOTA,27,"  ","   ","FIRST OF MAR",SOYBEANS,"31,221,000","11,781,000","19,440,000"
1957,MINNESOTA,27,"  ","   ","FIRST OF JUN",SOYBEANS,"14,678,000","7,848,000","6,830,000"
1957,MINNESOTA,27,"  ","   ","FIRST OF SEP",SOYBEANS,"1,185,000","397,000","788,000"
1957,MINNESOTA,27,"  ","   ","FIRST OF DEC",SOYBEANS,"50,262,000","22,312,000","27,950,000"
1958,ILLINOIS,17,"  ","   ","FIRST OF MAR",SOYBEANS,"73,897,000","43,823,000","30,074,000"
1958,ILLINOIS,17,"  ","   ","FIRST OF JUN",SOYBEANS,"29,188,000","24,802,000","4,386,000"
1958,ILLINOIS,17,"  ","   ","FIRST OF SEP",SOYBEANS,"1,542,000","1,166,000","376,000"
1958,ILLINOIS,17,"  ","   ","FIRST OF DEC",SOYBEANS,"123,224,000","69,322,000","53,902,000"
1958,IOWA,19,"  ","   ","FIRST OF MAR",SOYBEANS,"51,993,000","25,278,000","26,715,000"
1958,IOWA,19,"  ","   ","FIRST OF JUN",SOYBEANS,"30,004,000","20,845,000","9,159,000"
1958,IOWA,19,"  ","   ","FIRST OF SEP",SOYBEANS,"10,298,000","10,069,000","229,000"
1958,IOWA,19,"  ","   ","FIRST OF DEC",SOYBEANS,"79,487,000","42,142,000","37,345,000"
1958,MINNESOTA,27,"  ","   ","FIRST OF MAR",SOYBEANS,"39,179,000","19,450,000","19,729,000"
1958,MINNESOTA,27,"  ","   ","FIRST OF JUN",SOYBEANS,"16,218,000","10,190,000","6,028,000"
1958,MINNESOTA,27,"  ","   ","FIRST OF SEP",SOYBEANS,"3,244,000","2,422,000","822,000"
1958,MINNESOTA,27,"  ","   ","FIRST OF DEC",SOYBEANS,"51,655,000","26,306,000","25,349,000"
1959,ILLINOIS,17,"  ","   ","FIRST OF MAR",SOYBEANS,"82,786,000","51,579,000","31,207,000"
1959,ILLINOIS,17,"  ","   ","FIRST OF JUN",SOYBEANS,"39,058,000","33,384,000","5,674,000"
1959,ILLINOIS,17,"  ","   ","FIRST OF SEP",SOYBEANS,"12,247,000","10,119,000","2,128,000"
1959,ILLINOIS,17,"  ","   ","FIRST OF DEC",SOYBEANS,"108,795,000","56,423,000","52,372,000"
1959,IOWA,19,"  ","   ","FIRST OF MAR",SOYBEANS,"66,359,000","36,960,000","29,399,000"
1959,IOWA,19,"  ","   ","FIRST OF JUN",SOYBEANS,"41,128,000","30,004,000","11,124,000"
1959,IOWA,19,"  ","   ","FIRST OF SEP",SOYBEANS,"24,979,000","17,828,000","7,151,000"
1959,IOWA,19,"  ","   ","FIRST OF DEC",SOYBEANS,"75,696,000","43,679,000","32,017,000"
1959,MINNESOTA,27,"  ","   ","FIRST OF MAR",SOYBEANS,"38,042,000","20,783,000","17,259,000"
1959,MINNESOTA,27,"  ","   ","FIRST OF JUN",SOYBEANS,"22,655,000","14,025,000","8,630,000"
1959,MINNESOTA,27,"  ","   ","FIRST OF SEP",SOYBEANS,"14,585,000","10,270,000","4,315,000"
1959,MINNESOTA,27,"  ","   ","FIRST OF DEC",SOYBEANS,"47,334,000","24,516,000","22,818,000"
1960,ILLINOIS,17,"  ","   ","FIRST OF MAR",SOYBEANS,"71,733,000","34,324,000","37,409,000"
1960,ILLINOIS,17,"  ","   ","FIRST OF JUN",SOYBEANS,"31,802,000","20,579,000","11,223,000"
1960,ILLINOIS,17,"  ","   ","FIRST OF SEP",SOYBEANS,"3,654,000","2,781,000","873,000"
1960,ILLINOIS,17,"  ","   ","FIRST OF DEC",SOYBEANS,"100,923,000","56,962,000","43,961,000"
1960,IOWA,19,"  ","   ","FIRST OF MAR",SOYBEANS,"55,867,000","29,500,000","26,367,000"
1960,IOWA,19,"  ","   ","FIRST OF JUN",SOYBEANS,"32,929,000","22,885,000","10,044,000"
1960,IOWA,19,"  ","   ","FIRST OF SEP",SOYBEANS,"10,725,000","10,097,000","628,000"
1960,IOWA,19,"  ","   ","FIRST OF DEC",SOYBEANS,"63,863,000","32,051,000","31,812,000"
1960,MINNESOTA,27,"  ","   ","FIRST OF MAR",SOYBEANS,"35,427,000","17,679,000","17,748,000"
1960,MINNESOTA,27,"  ","   ","FIRST OF JUN",SOYBEANS,"15,717,000","9,379,000","6,338,000"
1960,MINNESOTA,27,"  ","   ","FIRST OF SEP",SOYBEANS,"1,301,000","963,000","338,000"
1960,MINNESOTA,27,"  ","   ","FIRST OF DEC",SOYBEANS,"38,787,000","20,447,000","18,340,000"
1961,ILLINOIS,17,"  ","   ","FIRST OF MAR",SOYBEANS,"60,995,000","46,772,000","14,223,000"
1961,ILLINOIS,17,"  ","   ","FIRST OF JUN",SOYBEANS,"22,903,000","20,964,000","1,939,000"
1961,ILLINOIS,17,"  ","   ","FIRST OF SEP",SOYBEANS,"864,000","605,000","259,000"
1961,ILLINOIS,17,"  ","   ","FIRST OF DEC",SOYBEANS,"133,654,000","69,153,000","64,501,000"
1961,IOWA,19,"  ","   ","FIRST OF MAR",SOYBEANS,"35,825,000","21,245,000","14,580,000"
1961,IOWA,19,"  ","   ","FIRST OF JUN",SOYBEANS,"11,303,000","9,315,000","1,988,000"
1961,IOWA,19,"  ","   ","FIRST OF SEP",SOYBEANS,"547,000","348,000","199,000"
1961,IOWA,19,"  ","   ","FIRST OF DEC",SOYBEANS,"86,851,000","32,507,000","54,344,000"
1961,MINNESOTA,27,"  ","   ","FIRST OF MAR",SOYBEANS,"26,031,000","17,065,000","8,966,000"
1961,MINNESOTA,27,"  ","   ","FIRST OF JUN",SOYBEANS,"8,960,000","7,330,000","1,630,000"
1961,MINNESOTA,27,"  ","   ","FIRST OF SEP",SOYBEANS,"507,000","303,000","204,000"
1961,MINNESOTA,27,"  ","   ","FIRST OF DEC",SOYBEANS,"47,155,000","18,080,000","29,075,000"
1962,ILLINOIS,17,"  ","   ","FIRST OF MAR",SOYBEANS,"82,829,000","46,645,000","36,184,000"
1962,ILLINOIS,17,"  ","   ","FIRST OF JUN",SOYBEANS,"35,908,000","29,615,000","6,293,000"
1962,ILLINOIS,17,"  ","   ","FIRST OF SEP",SOYBEANS,"13,698,000","12,597,000","1,101,000"
1962,ILLINOIS,17,"  ","   ","FIRST OF DEC",SOYBEANS,"137,760,000","77,383,000","60,377,000"
1962,IOWA,19,"  ","   ","FIRST OF MAR",SOYBEANS,"67,829,000","28,042,000","39,787,000"
1962,IOWA,19,"  ","   ","FIRST OF JUN",SOYBEANS,"41,224,000","27,638,000","13,586,000"
1962,IOWA,19,"  ","   ","FIRST OF SEP",SOYBEANS,"24,788,000","18,965,000","5,823,000"
1962,IOWA,19,"  ","   ","FIRST OF DEC",SOYBEANS,"96,181,000","49,362,000","46,819,000"
1962,MINNESOTA,27,"  ","   ","FIRST OF MAR",SOYBEANS,"38,222,000","14,531,000","23,691,000"
1962,MINNESOTA,27,"  ","   ","FIRST OF JUN",SOYBEANS,"18,314,000","11,314,000","7,000,000"
1962,MINNESOTA,27,"  ","   ","FIRST OF SEP",SOYBEANS,"8,710,000","4,941,000","3,769,000"
1962,MINNESOTA,27,"  ","   ","FIRST OF DEC",SOYBEANS,"41,114,000","19,225,000","21,889,000"
1963,ILLINOIS,17,"  ","   ","FIRST OF MAR",SOYBEANS,"86,375,000","54,597,000","31,778,000"
1963,ILLINOIS,17,"  ","   ","FIRST OF JUN",SOYBEANS,"33,958,000","26,808,000","7,150,000"
1963,ILLINOIS,17,"  ","   ","FIRST OF SEP",SOYBEANS,"2,488,000","1,694,000","794,000"
1963,IOWA,19,"  ","   ","FIRST OF MAR",SOYBEANS,"65,699,000","32,926,000","32,773,000"
1963,IOWA,19,"  ","   ","FIRST OF JUN",SOYBEANS,"32,012,000","17,966,000","14,046,000"
1963,IOWA,19,"  ","   ","FIRST OF SEP",SOYBEANS,"3,843,000","2,907,000","936,000"
1963,MINNESOTA,27,"  ","   ","FIRST OF MAR",SOYBEANS,"32,249,000","16,369,000","15,880,000"
1963,MINNESOTA,27,"  ","   ","FIRST OF JUN",SOYBEANS,"13,029,000","7,449,000","5,580,000"
1963,MINNESOTA,27,"  ","   ","FIRST OF SEP",SOYBEANS,"2,301,000","1,657,000","644,000"
1964,ILLINOIS,17,"  ","   ","FIRST OF MAR",SOYBEANS,"84,722,000","38,673,000","46,049,000"
1964,ILLINOIS,17,"  ","   ","FIRST OF JUN",SOYBEANS,"40,779,000","24,333,000","16,446,000"
1964,ILLINOIS,17,"  ","   ","FIRST OF SEP",SOYBEANS,"4,396,000","2,916,000","1,480,000"
1964,ILLINOIS,17,"  ","   ","FIRST OF DEC",SOYBEANS,"116,256,000","70,384,000","45,872,000"
1964,IOWA,19,"  ","   ","FIRST OF MAR",SOYBEANS,"74,009,000","26,032,000","47,977,000"
1964,IOWA,19,"  ","   ","FIRST OF JUN",SOYBEANS,"38,772,000","15,874,000","22,898,000"
1964,IOWA,19,"  ","   ","FIRST OF SEP",SOYBEANS,"11,296,000","5,299,000","5,997,000"
1964,IOWA,19,"  ","   ","FIRST OF DEC",SOYBEANS,"100,695,000","55,837,000","44,858,000"
1964,MINNESOTA,27,"  ","   ","FIRST OF MAR",SOYBEANS,"40,261,000","15,802,000","24,459,000"
1964,MINNESOTA,27,"  ","   ","FIRST OF JUN",SOYBEANS,"18,375,000","7,893,000","10,482,000"
1964,MINNESOTA,27,"  ","   ","FIRST OF SEP",SOYBEANS,"5,814,000","2,320,000","3,494,000"
1964,MINNESOTA,27,"  ","   ","FIRST OF DEC",SOYBEANS,"47,003,000","24,187,000","22,816,000"
1965,ILLINOIS,17,"  ","   ","FIRST OF MAR",SOYBEANS,"77,883,000","59,247,000","18,636,000"
1965,ILLINOIS,17,"  ","   ","FIRST OF JUN",SOYBEANS,"29,922,000","26,338,000","3,584,000"
1965,ILLINOIS,17,"  ","   ","FIRST OF SEP",SOYBEANS,"5,995,000","5,278,000","717,000"
1965,ILLINOIS,17,"  ","   ","FIRST OF DEC",SOYBEANS,"129,392,000","65,449,000","63,943,000"
1965,IOWA,19,"  ","   ","FIRST OF MAR",SOYBEANS,"67,065,000","41,605,000","25,460,000"
1965,IOWA,19,"  ","   ","FIRST OF JUN",SOYBEANS,"30,844,000","21,145,000","9,699,000"
1965,IOWA,19,"  ","   ","FIRST OF SEP",SOYBEANS,"9,304,000","5,061,000","4,243,000"
1965,IOWA,19,"  ","   ","FIRST OF DEC",SOYBEANS,"116,497,000","50,925,000","65,572,000"
1965,MINNESOTA,27,"  ","   ","FIRST OF MAR",SOYBEANS,"37,850,000","23,590,000","14,260,000"
1965,MINNESOTA,27,"  ","   ","FIRST OF JUN",SOYBEANS,"12,306,000","9,454,000","2,852,000"
1965,MINNESOTA,27,"  ","   ","FIRST OF SEP",SOYBEANS,"2,607,000","1,466,000","1,141,000"
1965,MINNESOTA,27,"  ","   ","FIRST OF DEC",SOYBEANS,"53,716,000","20,916,000","32,800,000"
1966,ILLINOIS,17,"  ","   ","FIRST OF MAR",SOYBEANS,"81,027,000","50,832,000","30,195,000"
1966,ILLINOIS,17,"  ","   ","FIRST OF JUN",SOYBEANS,"32,610,000","30,834,000","1,776,000"
1966,ILLINOIS,17,"  ","   ","FIRST OF SEP",SOYBEANS,"8,662,000","8,307,000","355,000"
1966,ILLINOIS,17,"  ","   ","FIRST OF DEC",SOYBEANS,"117,007,000","51,240,000","65,767,000"
1966,IOWA,19,"  ","   ","FIRST OF MAR",SOYBEANS,"67,331,000","32,023,000","35,308,000"
1966,IOWA,19,"  ","   ","FIRST OF JUN",SOYBEANS,"22,903,000","17,859,000","5,044,000"
1966,IOWA,19,"  ","   ","FIRST OF SEP",SOYBEANS,"5,968,000","4,707,000","1,261,000"
1966,IOWA,19,"  ","   ","FIRST OF DEC",SOYBEANS,"142,737,000","58,729,000","84,008,000"
1966,MINNESOTA,27,"  ","   ","FIRST OF MAR",SOYBEANS,"38,345,000","19,017,000","19,328,000"
1966,MINNESOTA,27,"  ","   ","FIRST OF JUN",SOYBEANS,"12,153,000","9,224,000","2,929,000"
1966,MINNESOTA,27,"  ","   ","FIRST OF SEP",SOYBEANS,"1,840,000","1,430,000","410,000"
1966,MINNESOTA,27,"  ","   ","FIRST OF DEC",SOYBEANS,"75,939,000","27,613,000","48,326,000"
1967,ILLINOIS,17,"  ","   ","FIRST OF MAR",SOYBEANS,"73,995,000","37,101,000","36,894,000"
1967,ILLINOIS,17,"  ","   ","FIRST OF JUN",SOYBEANS,"10,950,000","6,560,000","4,390,000"
1967,ILLINOIS,17,"  ","   ","FIRST OF SEP",SOYBEANS,"10,289,000","7,883,000","2,406,000"
1967,ILLINOIS,17,"  ","   ","FIRST OF DEC",SOYBEANS,"134,660,000","65,737,000","68,923,000"
1967,IOWA,19,"  ","   ","FIRST OF MAR",SOYBEANS,"101,152,000","42,199,000","58,953,000"
1967,IOWA,19,"  ","   ","FIRST OF JUN",SOYBEANS,"58,795,000","24,897,000","33,898,000"
1967,IOWA,19,"  ","   ","FIRST OF SEP",SOYBEANS,"31,541,000","12,381,000","19,160,000"
1967,IOWA,19,"  ","   ","FIRST OF DEC",SOYBEANS,"154,959,000","68,400,000","86,559,000"
1967,MINNESOTA,27,"  ","   ","FIRST OF MAR",SOYBEANS,"58,941,000","21,891,000","37,050,000"
1967,MINNESOTA,27,"  ","   ","FIRST OF JUN",SOYBEANS,"29,597,000","12,683,000","16,914,000"
1967,MINNESOTA,27,"  ","   ","FIRST OF SEP",SOYBEANS,"17,997,000","6,721,000","11,276,000"
1967,MINNESOTA,27,"  ","   ","FIRST OF DEC",SOYBEANS,"76,567,000","29,651,000","46,916,000"
1968,ILLINOIS,17,"  ","   ","FIRST OF MAR",SOYBEANS,"94,737,000","48,167,000","46,570,000"
1968,ILLINOIS,17,"  ","   ","FIRST OF JUN",SOYBEANS,"43,565,000","27,731,000","15,834,000"
1968,ILLINOIS,17,"  ","   ","FIRST OF SEP",SOYBEANS,"22,865,000","19,139,000","3,726,000"
1968,ILLINOIS,17,"  ","   ","FIRST OF DEC",SOYBEANS,"175,218,000","97,561,000","77,657,000"
1968,IOWA,19,"  ","   ","FIRST OF MAR",SOYBEANS,"118,998,000","51,193,000","67,805,000"
1968,IOWA,19,"  ","   ","FIRST OF JUN",SOYBEANS,"82,680,000","37,958,000","44,722,000"
1968,IOWA,19,"  ","   ","FIRST OF SEP",SOYBEANS,"58,656,000","32,688,000","25,968,000"
1968,IOWA,19,"  ","   ","FIRST OF DEC",SOYBEANS,"217,349,000","105,239,000","112,110,000"
1968,MINNESOTA,27,"  ","   ","FIRST OF MAR",SOYBEANS,"64,909,000","23,595,000","41,314,000"
1968,MINNESOTA,27,"  ","   ","FIRST OF JUN",SOYBEANS,"46,906,000","18,196,000","28,710,000"
1968,MINNESOTA,27,"  ","   ","FIRST OF SEP",SOYBEANS,"35,990,000","17,084,000","18,906,000"
1968,MINNESOTA,27,"  ","   ","FIRST OF DEC",SOYBEANS,"94,897,000","45,124,000","49,773,000"
1969,ILLINOIS,17,"  ","   ","FIRST OF MAR",SOYBEANS,"129,948,000","83,774,000","46,174,000"
1969,ILLINOIS,17,"  ","   ","FIRST OF JUN",SOYBEANS,"77,393,000","59,553,000","17,840,000"
1969,ILLINOIS,17,"  ","   ","FIRST OF SEP",SOYBEANS,"56,722,000","52,524,000","4,198,000"
1969,ILLINOIS,17,"  ","   ","FIRST OF DEC",SOYBEANS,"213,400,000","133,313,000","80,087,000"
1969,IOWA,19,"  ","   ","FIRST OF MAR",SOYBEANS,"179,000,000","90,024,000","88,976,000"
1969,IOWA,19,"  ","   ","FIRST OF JUN",SOYBEANS,"141,688,000","82,964,000","58,724,000"
1969,IOWA,19,"  ","   ","FIRST OF SEP",SOYBEANS,"113,593,000","81,562,000","32,031,000"
1969,IOWA,19,"  ","   ","FIRST OF DEC",SOYBEANS,"239,794,000","144,146,000","95,648,000"
1969,MINNESOTA,27,"  ","   ","FIRST OF MAR",SOYBEANS,"82,841,000","40,179,000","42,662,000"
1969,MINNESOTA,27,"  ","   ","FIRST OF JUN",SOYBEANS,"66,292,000","36,428,000","29,864,000"
1969,MINNESOTA,27,"  ","   ","FIRST OF SEP",SOYBEANS,"58,965,000","34,790,000","24,175,000"
1969,MINNESOTA,27,"  ","   ","FIRST OF DEC",SOYBEANS,"107,019,000","56,769,000","50,250,000"
1970,ILLINOIS,17,"  ","   ","FIRST OF MAR",SOYBEANS,"146,220,000","114,185,000","32,035,000"
1970,ILLINOIS,17,"  ","   ","FIRST OF JUN",SOYBEANS,"77,756,000","70,891,000","6,865,000"
1970,ILLINOIS,17,"  ","   ","FIRST OF SEP",SOYBEANS,"39,391,000","37,789,000","1,602,000"
1970,ILLINOIS,17,"  ","   ","FIRST OF DEC",SOYBEANS,"194,007,000","109,687,000","84,320,000"
1970,IOWA,19,"  ","   ","FIRST OF MAR",SOYBEANS,"191,757,000","122,678,000","69,079,000"
1970,IOWA,19,"  ","   ","FIRST OF JUN",SOYBEANS,"125,910,000","95,799,000","30,111,000"
1970,IOWA,19,"  ","   ","FIRST OF SEP",SOYBEANS,"86,256,000","68,543,000","17,713,000"
1970,IOWA,19,"  ","   ","FIRST OF DEC",SOYBEANS,"201,321,000","99,791,000","101,530,000"
1970,MINNESOTA,27,"  ","   ","FIRST OF MAR",SOYBEANS,"90,982,000","49,732,000","41,250,000"
1970,MINNESOTA,27,"  ","   ","FIRST OF JUN",SOYBEANS,"55,844,000","33,344,000","22,500,000"
1970,MINNESOTA,27,"  ","   ","FIRST OF SEP",SOYBEANS,"38,339,000","23,339,000","15,000,000"
1970,MINNESOTA,27,"  ","   ","FIRST OF DEC",SOYBEANS,"82,066,000","35,586,000","46,480,000"
1971,ILLINOIS,17,"  ","   ","FIRST OF MAR",SOYBEANS," ","73,014,000","48,484,000"
1971,ILLINOIS,17,"  ","   ","FIRST OF JUN",SOYBEANS,"56,466,000","41,710,000","14,756,000"
1971,ILLINOIS,17,"  ","   ","FIRST OF SEP",SOYBEANS,"18,489,000","16,381,000","2,108,000"
1971,ILLINOIS,17,"  ","   ","FIRST OF DEC",SOYBEANS,"191,798,000","102,137,000","89,661,000"
1971,IOWA,19,"  ","   ","FIRST OF MAR",SOYBEANS,"136,526,000","66,378,000","70,148,000"
1971,IOWA,19,"  ","   ","FIRST OF JUN",SOYBEANS,"60,461,000","30,925,000","29,536,000"
1971,IOWA,19,"  ","   ","FIRST OF SEP",SOYBEANS,"18,950,000","10,643,000","8,307,000"
1971,IOWA,19,"  ","   ","FIRST OF DEC",SOYBEANS,"150,581,000","62,993,000","87,588,000"
1971,MINNESOTA,27,"  ","   ","FIRST OF MAR",SOYBEANS,"63,634,000","26,607,000","37,027,000"
1971,MINNESOTA,27,"  ","   ","FIRST OF JUN",SOYBEANS,"30,980,000","13,648,000","17,332,000"
1971,MINNESOTA,27,"  ","   ","FIRST OF SEP",SOYBEANS,"10,142,000","6,203,000","3,939,000"
1971,MINNESOTA,27,"  ","   ","FIRST OF DEC",SOYBEANS,"56,039,000","20,872,000","35,167,000"
1972,ILLINOIS,17,"  ","   ","FIRST OF MAR",SOYBEANS,"113,818,000","71,347,000","42,471,000"
1972,ILLINOIS,17,"  ","   ","FIRST OF JUN",SOYBEANS,"52,966,000","41,168,000","11,798,000"
1972,ILLINOIS,17,"  ","   ","FIRST OF SEP",SOYBEANS,"19,160,000","17,508,000","1,652,000"
1972,ILLINOIS,17,"  ","   ","FIRST OF DEC",SOYBEANS,"178,416,000","90,206,000","88,210,000"
1972,IOWA,19,"  ","   ","FIRST OF MAR",SOYBEANS,"103,297,000","44,309,000","58,988,000"
1972,IOWA,19,"  ","   ","FIRST OF JUN",SOYBEANS,"39,787,000","25,487,000","14,300,000"
1972,IOWA,19,"  ","   ","FIRST OF SEP",SOYBEANS,"12,886,000","9,311,000","3,575,000"
1972,IOWA,19,"  ","   ","FIRST OF DEC",SOYBEANS,"165,434,000","79,034,000","86,400,000"
1972,MINNESOTA,27,"  ","   ","FIRST OF MAR",SOYBEANS,"40,474,000","16,177,000","24,297,000"
1972,MINNESOTA,27,"  ","   ","FIRST OF JUN",SOYBEANS,"14,159,000","7,765,000","6,394,000"
1972,MINNESOTA,27,"  ","   ","FIRST OF SEP",SOYBEANS,"3,713,000","2,754,000","959,000"
1972,MINNESOTA,27,"  ","   ","FIRST OF DEC",SOYBEANS,"65,022,000","28,902,000","36,120,000"
1973,ILLINOIS,17,"  ","   ","FIRST OF MAR",SOYBEANS,"90,627,000","67,277,000","23,350,000"
1973,ILLINOIS,17,"  ","   ","FIRST OF JUN",SOYBEANS,"32,578,000","24,276,000","8,302,000"
1973,ILLINOIS,17,"  ","   ","FIRST OF SEP",SOYBEANS,"12,602,000","10,267,000","2,335,000"
1973,ILLINOIS,17,"  ","   ","FIRST OF DEC",SOYBEANS,"199,167,000","87,005,000","112,162,000"
1973,IOWA,19,"  ","   ","FIRST OF MAR",SOYBEANS,"98,227,000","59,347,000","38,880,000"
1973,IOWA,19,"  ","   ","FIRST OF JUN",SOYBEANS,"35,944,000","27,304,000","8,640,000"
1973,IOWA,19,"  ","   ","FIRST OF SEP",SOYBEANS,"11,033,000","8,657,000","2,376,000"
1973,IOWA,19,"  ","   ","FIRST OF DEC",SOYBEANS,"223,705,000","91,054,000","132,651,000"
1973,MINNESOTA,27,"  ","   ","FIRST OF MAR",SOYBEANS,"44,957,000","27,800,000","17,157,000"
1973,MINNESOTA,27,"  ","   ","FIRST OF JUN",SOYBEANS,"14,236,000","10,624,000","3,612,000"
1973,MINNESOTA,27,"  ","   ","FIRST OF SEP",SOYBEANS,"3,336,000","2,433,000","903,000"
1973,MINNESOTA,27,"  ","   ","FIRST OF DEC",SOYBEANS,"92,765,000","30,560,000","62,205,000"
1974,ILLINOIS,17,"  ","   ","FIRST OF MAR",SOYBEANS,"124,799,000","70,156,000","54,643,000"
1974,ILLINOIS,17,"  ","   ","FIRST OF JUN",SOYBEANS,"62,467,000","35,145,000","27,322,000"
1974,ILLINOIS,17,"  ","   ","FIRST OF SEP",SOYBEANS,"38,466,000","26,962,000","11,504,000"
1974,ILLINOIS,17,"  ","   ","FIRST OF DEC",SOYBEANS,"182,073,000","91,090,000","90,983,000"
1974,IOWA,19,"  ","   ","FIRST OF MAR",SOYBEANS,"146,470,000","68,440,000","78,030,000"
1974,IOWA,19,"  ","   ","FIRST OF JUN",SOYBEANS,"71,103,000","34,689,000","36,414,000"
1974,IOWA,19,"  ","   ","FIRST OF SEP",SOYBEANS,"36,953,000","20,046,000","16,907,000"
1974,IOWA,19,"  ","   ","FIRST OF DEC",SOYBEANS,"177,780,000","74,258,000","103,522,000"
1974,MINNESOTA,27,"  ","   ","FIRST OF MAR",SOYBEANS,"69,469,000","28,414,000","41,055,000"
1974,MINNESOTA,27,"  ","   ","FIRST OF JUN",SOYBEANS,"35,947,000","16,041,000","19,906,000"
1974,MINNESOTA,27,"  ","   ","FIRST OF SEP",SOYBEANS,"14,451,000","8,230,000","6,221,000"
1974,MINNESOTA,27,"  ","   ","FIRST OF DEC",SOYBEANS,"72,698,000","25,992,000","46,706,000"
1975,ILLINOIS,17,"  ","   ","FIRST OF MAR",SOYBEANS,"123,373,000","65,475,000","57,898,000"
1975,ILLINOIS,17,"  ","   ","FIRST OF JUN",SOYBEANS,"56,136,000","33,390,000","22,746,000"
1975,ILLINOIS,17,"  ","   ","FIRST OF SEP",SOYBEANS,"28,241,000","19,970,000","8,271,000"
1975,ILLINOIS,17,"  ","   ","FIRST OF DEC",SOYBEANS,"249,579,000","123,781,000","125,798,000"
1975,IOWA,19,"  ","   ","FIRST OF MAR",SOYBEANS,"136,592,000","56,960,000","79,632,000"
1975,IOWA,19,"  ","   ","FIRST OF JUN",SOYBEANS,"86,973,000","41,185,000","45,788,000"
1975,IOWA,19,"  ","   ","FIRST OF SEP",SOYBEANS,"54,771,000","28,891,000","25,880,000"
1975,IOWA,19,"  ","   ","FIRST OF DEC",SOYBEANS,"242,549,000","116,950,000","125,599,000"
1975,MINNESOTA,27,"  ","   ","FIRST OF MAR",SOYBEANS,"53,470,000","19,502,000","33,968,000"
1975,MINNESOTA,27,"  ","   ","FIRST OF JUN",SOYBEANS,"35,436,000","16,754,000","18,682,000"
1975,MINNESOTA,27,"  ","   ","FIRST OF SEP",SOYBEANS,"21,814,000","10,774,000","11,040,000"
1975,MINNESOTA,27,"  ","   ","FIRST OF DEC",SOYBEANS,"102,546,000","41,445,000","61,101,000"
1976,ILLINOIS,17,"  ","   ","FIRST OF MAR",SOYBEANS,"185,922,000","96,066,000","89,856,000"
1976,ILLINOIS,17,"  ","   ","FIRST OF JUN",SOYBEANS,"129,894,000","69,990,000","59,904,000"
1976,ILLINOIS,17,"  ","   ","FIRST OF SEP",SOYBEANS,"53,257,000","36,783,000","16,474,000"
1976,ILLINOIS,17,"  ","   ","FIRST OF DEC",SOYBEANS,"219,561,000","109,790,000","109,771,000"
1976,IOWA,19,"  ","   ","FIRST OF MAR",SOYBEANS,"190,298,000","88,397,000","101,901,000"
1976,IOWA,19,"  ","   ","FIRST OF JUN",SOYBEANS,"135,844,000","64,750,000","71,094,000"
1976,IOWA,19,"  ","   ","FIRST OF SEP",SOYBEANS,"73,390,000","42,583,000","30,807,000"
1976,IOWA,19,"  ","   ","FIRST OF DEC",SOYBEANS,"218,283,000","108,310,000","109,973,000"
1976,MINNESOTA,27,"  ","   ","FIRST OF MAR",SOYBEANS,"78,707,000","34,359,000","44,348,000"
1976,MINNESOTA,27,"  ","   ","FIRST OF JUN",SOYBEANS,"51,976,000","23,396,000","28,580,000"
1976,MINNESOTA,27,"  ","   ","FIRST OF SEP",SOYBEANS,"26,997,000","15,171,000","11,826,000"
1976,MINNESOTA,27,"  ","   ","FIRST OF DEC",SOYBEANS,"73,994,000","34,130,000","39,864,000"
1977,ILLINOIS,17,"  ","   ","FIRST OF MAR",SOYBEANS,"139,920,000","82,540,000","57,380,000"
1977,ILLINOIS,17,"  ","   ","FIRST OF JUN",SOYBEANS,"77,663,000","55,210,000","22,453,000"
1977,ILLINOIS,17,"  ","   ","FIRST OF SEP",SOYBEANS,"23,944,000","16,460,000","7,484,000"
1977,ILLINOIS,17,"  ","   ","FIRST OF DEC",SOYBEANS,"283,685,000","132,350,000","151,335,000"
1977,IOWA,19,"  ","   ","FIRST OF MAR",SOYBEANS,"142,012,000","82,027,000","59,985,000"
1977,IOWA,19,"  ","   ","FIRST OF JUN",SOYBEANS,"71,511,000","45,517,000","25,994,000"
1977,IOWA,19,"  ","   ","FIRST OF SEP",SOYBEANS,"29,960,000","19,962,000","9,998,000"
1977,IOWA,19,"  ","   ","FIRST OF DEC",SOYBEANS,"242,289,000","111,592,000","130,697,000"
1977,MINNESOTA,27,"  ","   ","FIRST OF MAR",SOYBEANS,"52,274,000","31,013,000","21,261,000"
1977,MINNESOTA,27,"  ","   ","FIRST OF JUN",SOYBEANS,"32,641,000","21,346,000","11,295,000"
1977,MINNESOTA,27,"  ","   ","FIRST OF SEP",SOYBEANS,"9,232,000","5,910,000","3,322,000"
1977,MINNESOTA,27,"  ","   ","FIRST OF DEC",SOYBEANS,"107,398,000","40,480,000","66,918,000"
1978,ILLINOIS,17,"  ","   ","FIRST OF MAR",SOYBEANS,"187,534,000","93,370,000","94,164,000"
1978,ILLINOIS,17,"  ","   ","FIRST OF JUN",SOYBEANS,"108,819,000","65,100,000","43,719,000"
1978,ILLINOIS,17,"  ","   ","FIRST OF SEP",SOYBEANS,"28,669,000","18,580,000","10,089,000"
1978,ILLINOIS,17,"  ","   ","FIRST OF DEC",SOYBEANS,"265,088,000","122,700,000","142,388,000"
1978,IOWA,19,"  ","   ","FIRST OF MAR",SOYBEANS,"190,326,000","97,330,000","92,996,000"
1978,IOWA,19,"  ","   ","FIRST OF JUN",SOYBEANS,"123,738,000","63,416,000","60,322,000"
1978,IOWA,19,"  ","   ","FIRST OF SEP",SOYBEANS,"48,230,000","30,636,000","17,594,000"
1978,IOWA,19,"  ","   ","FIRST OF DEC",SOYBEANS,"248,942,000","115,873,000","133,069,000"
1978,MINNESOTA,27,"  ","   ","FIRST OF MAR",SOYBEANS,"83,628,000","38,124,000","45,504,000"
1978,MINNESOTA,27,"  ","   ","FIRST OF JUN",SOYBEANS,"57,526,000","26,744,000","30,782,000"
1978,MINNESOTA,27,"  ","   ","FIRST OF SEP",SOYBEANS,"19,217,000","8,510,000","10,707,000"
1978,MINNESOTA,27,"  ","   ","FIRST OF DEC",SOYBEANS,"111,370,000","38,290,000","73,080,000"
1979,ILLINOIS,17,"  ","   ","FIRST OF MAR",SOYBEANS,"193,412,000","100,550,000","92,862,000"
1979,ILLINOIS,17,"  ","   ","FIRST OF JUN",SOYBEANS,"122,711,000","73,185,000","49,526,000"
1979,ILLINOIS,17,"  ","   ","FIRST OF SEP",SOYBEANS,"39,924,000","29,090,000","10,834,000"
1979,ILLINOIS,17,"  ","   ","FIRST OF DEC",SOYBEANS,"340,068,000","156,230,000","183,838,000"
1979,IOWA,19,"  ","   ","FIRST OF MAR",SOYBEANS,"184,689,000","91,258,000","93,431,000"
1979,IOWA,19,"  ","   ","FIRST OF JUN",SOYBEANS,"122,840,000","60,552,000","62,288,000"
1979,IOWA,19,"  ","   ","FIRST OF SEP",SOYBEANS,"44,180,000","28,608,000","15,572,000"
1979,IOWA,19,"  ","   ","FIRST OF DEC",SOYBEANS,"280,891,000","133,831,000","147,060,000"
1979,MINNESOTA,27,"  ","   ","FIRST OF MAR",SOYBEANS,"84,418,000","33,262,000","51,156,000"
1979,MINNESOTA,27,"  ","   ","FIRST OF JUN",SOYBEANS,"60,419,000","22,417,000","38,002,000"
1979,MINNESOTA,27,"  ","   ","FIRST OF SEP",SOYBEANS,"22,145,000","10,452,000","11,693,000"
1979,MINNESOTA,27,"  ","   ","FIRST OF DEC",SOYBEANS,"137,001,000","47,593,000","89,408,000"
1980,ILLINOIS,17,"  ","   ","FIRST OF MAR",SOYBEANS,"240,459,000","116,650,000","123,809,000"
1980,ILLINOIS,17,"  ","   ","FIRST OF JUN",SOYBEANS,"166,140,000","83,600,000","82,540,000"
1980,ILLINOIS,17,"  ","   ","FIRST OF SEP",SOYBEANS,"84,406,000","61,895,000","22,511,000"
1980,ILLINOIS,17,"  ","   ","FIRST OF DEC",SOYBEANS,"306,718,000","156,370,000","150,348,000"
1980,IOWA,19,"  ","   ","FIRST OF MAR",SOYBEANS,"203,313,000","89,954,000","113,359,000"
1980,IOWA,19,"  ","   ","FIRST OF JUN",SOYBEANS,"141,319,000","61,661,000","79,658,000"
1980,IOWA,19,"  ","   ","FIRST OF SEP",SOYBEANS,"66,514,000","43,536,000","22,978,000"
1980,IOWA,19,"  ","   ","FIRST OF DEC",SOYBEANS,"294,746,000","135,548,000","159,198,000"
1980,MINNESOTA,27,"  ","   ","FIRST OF MAR",SOYBEANS,"105,430,000","38,780,000","66,650,000"
1980,MINNESOTA,27,"  ","   ","FIRST OF JUN",SOYBEANS,"79,569,000","27,550,000","52,019,000"
1980,MINNESOTA,27,"  ","   ","FIRST OF SEP",SOYBEANS,"37,688,000","16,555,000","21,133,000"
1980,MINNESOTA,27,"  ","   ","FIRST OF DEC",SOYBEANS,"125,768,000","46,300,000","79,468,000"
1981,ILLINOIS,17,"  ","   ","FIRST OF MAR",SOYBEANS,"208,814,000","105,450,000","103,364,000"
1981,ILLINOIS,17,"  ","   ","FIRST OF JUN",SOYBEANS,"141,870,000","72,960,000","68,910,000"
1981,ILLINOIS,17,"  ","   ","FIRST OF SEP",SOYBEANS,"60,508,000","35,450,000","25,058,000"
1981,ILLINOIS,17,"  ","   ","FIRST OF DEC",SOYBEANS,"321,577,000","144,250,000","177,327,000"
1981,IOWA,19,"  ","   ","FIRST OF MAR",SOYBEANS,"213,523,000","89,349,000","124,174,000"
1981,IOWA,19,"  ","   ","FIRST OF JUN",SOYBEANS,"144,828,000","55,677,000","89,151,000"
1981,IOWA,19,"  ","   ","FIRST OF SEP",SOYBEANS,"72,875,000","37,852,000","35,023,000"
1981,IOWA,19,"  ","   ","FIRST OF DEC",SOYBEANS,"312,320,000","141,660,000","170,660,000"
1981,MINNESOTA,27,"  ","   ","FIRST OF MAR",SOYBEANS,"97,317,000","31,343,000","65,974,000"
1981,MINNESOTA,27,"  ","   ","FIRST OF JUN",SOYBEANS,"72,368,000","19,889,000","52,479,000"
1981,MINNESOTA,27,"  ","   ","FIRST OF SEP",SOYBEANS,"37,229,000","13,239,000","23,990,000"
1981,MINNESOTA,27,"  ","   ","FIRST OF DEC",SOYBEANS,"122,797,000","25,357,000","97,440,000"
1982,ILLINOIS,17,"  ","   ","FIRST OF MAR",SOYBEANS,"219,318,000","101,100,000","118,218,000"
1982,ILLINOIS,17,"  ","   ","FIRST OF JUN",SOYBEANS,"144,017,000","71,000,000","73,017,000"
1982,ILLINOIS,17,"  ","   ","FIRST OF SEP",SOYBEANS,"46,747,000","31,100,000","15,647,000"
1982,ILLINOIS,17,"  ","   ","FIRST OF DEC",SOYBEANS,"304,032,000","141,100,000","162,932,000"
1982,IOWA,19,"  ","   ","FIRST OF MAR",SOYBEANS,"243,795,000","102,115,000","141,680,000"
1982,IOWA,19,"  ","   ","FIRST OF JUN",SOYBEANS,"166,534,000","69,934,000","96,600,000"
1982,IOWA,19,"  ","   ","FIRST OF SEP",SOYBEANS,"74,401,000","38,981,000","35,420,000"
1982,IOWA,19,"  ","   ","FIRST OF DEC",SOYBEANS,"329,538,000","139,446,000","190,092,000"
1982,MINNESOTA,27,"  ","   ","FIRST OF MAR",SOYBEANS,"112,288,000","38,512,000","73,776,000"
1982,MINNESOTA,27,"  ","   ","FIRST OF JUN",SOYBEANS,"77,180,000","24,284,000","52,896,000"
1982,MINNESOTA,27,"  ","   ","FIRST OF SEP",SOYBEANS,"32,603,000","13,115,000","19,488,000"
1982,MINNESOTA,27,"  ","   ","FIRST OF DEC",SOYBEANS,"164,930,000","48,285,000","116,645,000"
1983,ILLINOIS,17,"  ","   ","FIRST OF MAR",SOYBEANS,"214,286,000","97,400,000","116,886,000"
1983,ILLINOIS,17,"  ","   ","FIRST OF JUN",SOYBEANS,"154,574,000","76,650,000","77,924,000"
1983,ILLINOIS,17,"  ","   ","FIRST OF SEP",SOYBEANS,"74,893,000","51,870,000","23,023,000"
1983,ILLINOIS,17,"  ","   ","FIRST OF DEC",SOYBEANS,"251,329,000","131,190,000","120,139,000"
1983,IOWA,19,"  ","   ","FIRST OF MAR",SOYBEANS,"240,587,000","96,485,000","144,102,000"
1983,IOWA,19,"  ","   ","FIRST OF JUN",SOYBEANS,"182,975,000","75,665,000","107,310,000"
1983,IOWA,19,"  ","   ","FIRST OF SEP",SOYBEANS,"89,648,000","58,988,000","30,660,000"
1983,IOWA,19,"  ","   ","FIRST OF DEC",SOYBEANS,"247,887,000","116,945,000","130,942,000"
1983,MINNESOTA,27,"  ","   ","FIRST OF MAR",SOYBEANS,"136,984,000","45,697,000","91,287,000"
1983,MINNESOTA,27,"  ","   ","FIRST OF JUN",SOYBEANS,"104,971,000","37,351,000","67,620,000"
1983,MINNESOTA,27,"  ","   ","FIRST OF SEP",SOYBEANS,"44,335,000","27,430,000","16,905,000"
1983,MINNESOTA,27,"  ","   ","FIRST OF DEC",SOYBEANS,"134,293,000","52,321,000","81,972,000"
1984,ILLINOIS,17,"  ","   ","FIRST OF MAR",SOYBEANS,"164,718,000","84,625,000","80,093,000"
1984,ILLINOIS,17,"  ","   ","FIRST OF JUN",SOYBEANS,"100,357,000","62,980,000","37,377,000"
1984,ILLINOIS,17,"  ","   ","FIRST OF SEP",SOYBEANS,"35,839,000","25,160,000","10,679,000"
1984,ILLINOIS,17,"  ","   ","FIRST OF DEC",SOYBEANS,"257,122,000","120,740,000","136,382,000"
1984,IOWA,19,"  ","   ","FIRST OF MAR",SOYBEANS,"165,653,000","76,501,000","89,152,000"
1984,IOWA,19,"  ","   ","FIRST OF JUN",SOYBEANS,"102,494,000","57,918,000","44,576,000"
1984,IOWA,19,"  ","   ","FIRST OF SEP",SOYBEANS,"46,046,000","26,544,000","19,502,000"
1984,IOWA,19,"  ","   ","FIRST OF DEC",SOYBEANS,"236,926,000","104,626,000","132,300,000"
1984,MINNESOTA,27,"  ","   ","FIRST OF MAR",SOYBEANS,"96,501,000","43,371,000","53,130,000"
1984,MINNESOTA,27,"  ","   ","FIRST OF JUN",SOYBEANS,"56,916,000","28,074,000","28,842,000"
1984,MINNESOTA,27,"  ","   ","FIRST OF SEP",SOYBEANS,"22,786,000","10,642,000","12,144,000"
1984,MINNESOTA,27,"  ","   ","FIRST OF DEC",SOYBEANS,"154,413,000","50,661,000","103,752,000"
1985,ILLINOIS,17,"  ","   ","FIRST OF MAR",SOYBEANS,"177,678,000","83,915,000","93,763,000"
1985,ILLINOIS,17,"  ","   ","FIRST OF JUN",SOYBEANS,"118,761,000","61,935,000","56,826,000"
1985,ILLINOIS,17,"  ","   ","FIRST OF SEP",SOYBEANS,"53,950,000","31,220,000","22,730,000"
1985,ILLINOIS,17,"  ","   ","FIRST OF DEC",SOYBEANS,"352,855,000","180,730,000","172,125,000"
1985,IOWA,19,"  ","   ","FIRST OF MAR",SOYBEANS,"181,437,000","78,243,000","103,194,000"
1985,IOWA,19,"  ","   ","FIRST OF JUN",SOYBEANS,"140,785,000","61,405,000","79,380,000"
1985,IOWA,19,"  ","   ","FIRST OF SEP",SOYBEANS,"82,291,000","47,893,000","34,398,000"
1985,IOWA,19,"  ","   ","FIRST OF DEC",SOYBEANS,"322,273,000","158,132,000","164,141,000"
1985,MINNESOTA,27,"  ","   ","FIRST OF MAR",SOYBEANS,"112,071,000","37,715,000","74,356,000"
1985,MINNESOTA,27,"  ","   ","FIRST OF JUN",SOYBEANS,"87,804,000","27,282,000","60,522,000"
1985,MINNESOTA,27,"  ","   ","FIRST OF SEP",SOYBEANS,"56,926,000","29,259,000","27,667,000"
1985,MINNESOTA,27,"  ","   ","FIRST OF DEC",SOYBEANS,"196,427,000","73,227,000","123,200,000"
1986,ILLINOIS,17,"  ","   ","FIRST OF MAR",SOYBEANS,"256,355,000","122,480,000","133,875,000"
1986,ILLINOIS,17,"  ","   ","FIRST OF JUN",SOYBEANS,"164,865,000","92,190,000","72,675,000"
1986,ILLINOIS,17,"  ","   ","FIRST OF SEP",SOYBEANS,"99,480,000","76,480,000","23,000,000"
1986,ILLINOIS,17,"  ","   ","FIRST OF DEC",SOYBEANS,"352,740,000","187,740,000","165,000,000"
1986,IOWA,19,"  ","   ","FIRST OF MAR",SOYBEANS,"258,453,000","125,282,000","133,171,000"
1986,IOWA,19,"  ","   ","FIRST OF JUN",SOYBEANS,"214,931,000","106,536,000","108,395,000"
1986,IOWA,19,"  ","   ","FIRST OF SEP",SOYBEANS,"158,380,000","106,380,000","52,000,000"
1986,IOWA,19,"  ","   ","FIRST OF DEC",SOYBEANS,"407,180,000","197,180,000","210,000,000"
1986,MINNESOTA,27,"  ","   ","FIRST OF MAR",SOYBEANS,"156,673,000","62,273,000","94,400,000"
1986,MINNESOTA,27,"  ","   ","FIRST OF JUN",SOYBEANS,"125,371,000","56,571,000","68,800,000"
1986,MINNESOTA,27,"  ","   ","FIRST OF SEP",SOYBEANS,"89,984,000","60,484,000","29,500,000"
1986,MINNESOTA,27,"  ","   ","FIRST OF DEC",SOYBEANS,"227,329,000","102,329,000","125,000,000"
1987,ILLINOIS,17,"  ","   ","FIRST OF MAR",SOYBEANS,"246,125,000","146,125,000","100,000,000"
1987,ILLINOIS,17,"  ","   ","FIRST OF JUN",SOYBEANS,"127,040,000","92,040,000","35,000,000"
1987,ILLINOIS,17,"  ","   ","FIRST OF SEP",SOYBEANS,"74,820,000","60,820,000","14,000,000"
1987,ILLINOIS,17,"  ","   ","FIRST OF DEC",SOYBEANS,"329,480,000","174,480,000","155,000,000"
1987,IOWA,19,"  ","   ","FIRST OF MAR",SOYBEANS,"313,588,000","173,588,000","140,000,000"
1987,IOWA,19,"  ","   ","FIRST OF JUN",SOYBEANS,"228,568,000","148,568,000","80,000,000"
1987,IOWA,19,"  ","   ","FIRST OF SEP",SOYBEANS,"132,080,000","105,080,000","27,000,000"
1987,IOWA,19,"  ","   ","FIRST OF DEC",SOYBEANS,"377,362,000","192,362,000","185,000,000"
1987,MINNESOTA,27,"  ","   ","FIRST OF MAR",SOYBEANS,"204,577,000","99,577,000","105,000,000"
1987,MINNESOTA,27,"  ","   ","FIRST OF JUN",SOYBEANS,"146,193,000","86,193,000","60,000,000"
1987,MINNESOTA,27,"  ","   ","FIRST OF SEP",SOYBEANS,"86,178,000","60,178,000","26,000,000"
1987,MINNESOTA,27,"  ","   ","FIRST OF DEC",SOYBEANS,"208,181,000","88,181,000","120,000,000"
1988,ILLINOIS,17,"  ","   ","FIRST OF MAR",SOYBEANS,"218,910,000","115,910,000","103,000,000"
1988,ILLINOIS,17,"  ","   ","FIRST OF JUN",SOYBEANS,"123,950,000","75,950,000","48,000,000"
1988,ILLINOIS,17,"  ","   ","FIRST OF SEP",SOYBEANS,"68,470,000","50,470,000","18,000,000"
1988,ILLINOIS,17,"  ","   ","FIRST OF DEC",SOYBEANS,"244,830,000","134,830,000","110,000,000"
1988,IOWA,19,"  ","   ","FIRST OF MAR",SOYBEANS,"258,663,000","124,663,000","134,000,000"
1988,IOWA,19,"  ","   ","FIRST OF JUN",SOYBEANS,"163,617,000","69,617,000","94,000,000"
1988,IOWA,19,"  ","   ","FIRST OF SEP",SOYBEANS,"74,038,000","44,038,000","30,000,000"
1988,IOWA,19,"  ","   ","FIRST OF DEC",SOYBEANS,"274,452,000","126,452,000","148,000,000"
1988,MINNESOTA,27,"  ","   ","FIRST OF MAR",SOYBEANS,"163,217,000","68,217,000","95,000,000"
1988,MINNESOTA,27,"  ","   ","FIRST OF JUN",SOYBEANS,"106,559,000","41,559,000","65,000,000"
1988,MINNESOTA,27,"  ","   ","FIRST OF SEP",SOYBEANS,"46,508,000","23,508,000","23,000,000"
1988,MINNESOTA,27,"  ","   ","FIRST OF DEC",SOYBEANS,"124,544,000","49,544,000","75,000,000"
1989,ILLINOIS,17,"  ","   ","FIRST OF MAR",SOYBEANS,"171,400,000","91,400,000","80,000,000"
1989,ILLINOIS,17,"  ","   ","FIRST OF JUN",SOYBEANS,"90,700,000","54,700,000","36,000,000"
1989,ILLINOIS,17,"  ","   ","FIRST OF SEP",SOYBEANS,"34,260,000","21,760,000","12,500,000"
1989,ILLINOIS,17,"  ","   ","FIRST OF DEC",SOYBEANS,"320,980,000","160,980,000","160,000,000"
1989,IOWA,19,"  ","   ","FIRST OF MAR",SOYBEANS,"188,335,000","88,335,000","100,000,000"
1989,IOWA,19,"  ","   ","FIRST OF JUN",SOYBEANS,"105,345,000","45,345,000","60,000,000"
1989,IOWA,19,"  ","   ","FIRST OF SEP",SOYBEANS,"48,439,000","24,439,000","24,000,000"
1989,IOWA,19,"  ","   ","FIRST OF DEC",SOYBEANS,"302,942,000","137,942,000","165,000,000"
1989,MINNESOTA,27,"  ","   ","FIRST OF MAR",SOYBEANS,"93,657,000","33,657,000","60,000,000"
1989,MINNESOTA,27,"  ","   ","FIRST OF JUN",SOYBEANS,"58,085,000","17,085,000","41,000,000"
1989,MINNESOTA,27,"  ","   ","FIRST OF SEP",SOYBEANS,"21,777,000","8,777,000","13,000,000"
1989,MINNESOTA,27,"  ","   ","FIRST OF DEC",SOYBEANS,"149,575,000","49,575,000","100,000,000"
1990,ILLINOIS,17,"  ","   ","FIRST OF MAR",SOYBEANS,"217,580,000","107,580,000","110,000,000"
1990,ILLINOIS,17,"  ","   ","FIRST OF JUN",SOYBEANS,"129,250,000","79,250,000","50,000,000"
1990,ILLINOIS,17,"  ","   ","FIRST OF SEP",SOYBEANS,"45,130,000","33,130,000","12,000,000"
1990,ILLINOIS,17,"  ","   ","FIRST OF DEC",SOYBEANS,"337,010,000","192,010,000","145,000,000"
1990,IOWA,19,"  ","   ","FIRST OF MAR",SOYBEANS,"235,081,000","105,081,000","130,000,000"
1990,IOWA,19,"  ","   ","FIRST OF JUN",SOYBEANS,"127,998,000","64,998,000","63,000,000"
1990,IOWA,19,"  ","   ","FIRST OF SEP",SOYBEANS,"55,046,000","32,046,000","23,000,000"
1990,IOWA,19,"  ","   ","FIRST OF DEC",SOYBEANS,"309,278,000","159,278,000","150,000,000"
1990,MINNESOTA,27,"  ","   ","FIRST OF MAR",SOYBEANS,"119,185,000","39,185,000","80,000,000"
1990,MINNESOTA,27,"  ","   ","FIRST OF JUN",SOYBEANS,"76,588,000","26,588,000","50,000,000"
1990,MINNESOTA,27,"  ","   ","FIRST OF SEP",SOYBEANS,"29,815,000","13,815,000","16,000,000"
1990,MINNESOTA,27,"  ","   ","FIRST OF DEC",SOYBEANS,"173,625,000","63,625,000","110,000,000"
1991,ILLINOIS,17,"  ","   ","FIRST OF MAR",SOYBEANS,"250,820,000","140,820,000","110,000,000"
1991,ILLINOIS,17,"  ","   ","FIRST OF JUN",SOYBEANS,"155,720,000","92,720,000","63,000,000"
1991,ILLINOIS,17,"  ","   ","FIRST OF SEP",SOYBEANS,"66,905,000","49,905,000","17,000,000"
1991,ILLINOIS,17,"  ","   ","FIRST OF DEC",SOYBEANS,"331,505,000","181,505,000","150,000,000"
1991,IOWA,19,"  ","   ","FIRST OF MAR",SOYBEANS,"238,541,000","118,541,000","120,000,000"
1991,IOWA,19,"  ","   ","FIRST OF JUN",SOYBEANS,"161,390,000","76,390,000","85,000,000"
1991,IOWA,19,"  ","   ","FIRST OF SEP",SOYBEANS,"78,762,000","46,762,000","32,000,000"
1991,IOWA,19,"  ","   ","FIRST OF DEC",SOYBEANS,"343,317,000","168,317,000","175,000,000"
1991,MINNESOTA,27,"  ","   ","FIRST OF MAR",SOYBEANS,"143,781,000","48,781,000","95,000,000"
1991,MINNESOTA,27,"  ","   ","FIRST OF JUN",SOYBEANS,"93,280,000","28,280,000","65,000,000"
1991,MINNESOTA,27,"  ","   ","FIRST OF SEP",SOYBEANS,"48,072,000","23,072,000","25,000,000"
1991,MINNESOTA,27,"  ","   ","FIRST OF DEC",SOYBEANS,"187,777,000","72,777,000","115,000,000"
1992,ILLINOIS,17,"  ","   ","FIRST OF MAR",SOYBEANS,"219,135,000","129,135,000","90,000,000"
1992,ILLINOIS,17,"  ","   ","FIRST OF JUN",SOYBEANS,"133,505,000","83,505,000","50,000,000"
1992,ILLINOIS,17,"  ","   ","FIRST OF SEP",SOYBEANS,"50,775,000","35,775,000","15,000,000"
1992,ILLINOIS,17,"  ","   ","FIRST OF DEC",SOYBEANS,"341,615,000","168,615,000","173,000,000"
1992,IOWA,19,"  ","   ","FIRST OF MAR",SOYBEANS,"255,174,000","130,174,000","125,000,000"
1992,IOWA,19,"  ","   ","FIRST OF JUN",SOYBEANS,"150,087,000","80,087,000","70,000,000"
1992,IOWA,19,"  ","   ","FIRST OF SEP",SOYBEANS,"65,405,000","41,405,000","24,000,000"
1992,IOWA,19,"  ","   ","FIRST OF DEC",SOYBEANS,"362,004,000","192,004,000","170,000,000"
1992,MINNESOTA,27,"  ","   ","FIRST OF MAR",SOYBEANS,"153,561,000","57,561,000","96,000,000"
1992,MINNESOTA,27,"  ","   ","FIRST OF JUN",SOYBEANS,"88,542,000","33,542,000","55,000,000"
1992,MINNESOTA,27,"  ","   ","FIRST OF SEP",SOYBEANS,"40,737,000","16,737,000","24,000,000"
1992,MINNESOTA,27,"  ","   ","FIRST OF DEC",SOYBEANS,"175,718,000","60,718,000","115,000,000"
1993,ILLINOIS,17,"  ","   ","FIRST OF MAR",SOYBEANS,"233,475,000","123,475,000","110,000,000"
1993,ILLINOIS,17,"  ","   ","FIRST OF JUN",SOYBEANS,"131,960,000","68,960,000","63,000,000"
1993,ILLINOIS,17,"  ","   ","FIRST OF SEP",SOYBEANS,"52,110,000","35,110,000","17,000,000"
1993,ILLINOIS,17,"  ","   ","FIRST OF DEC",SOYBEANS,"343,780,000","183,780,000","160,000,000"
1993,IOWA,19,"  ","   ","FIRST OF MAR",SOYBEANS,"268,759,000","128,759,000","140,000,000"
1993,IOWA,19,"  ","   ","FIRST OF JUN",SOYBEANS,"165,742,000","82,742,000","83,000,000"
1993,IOWA,19,"  ","   ","FIRST OF SEP",SOYBEANS,"87,600,000","50,600,000","37,000,000"
1993,IOWA,19,"  ","   ","FIRST OF DEC",SOYBEANS,"273,837,000","150,837,000","123,000,000"
1993,MINNESOTA,27,"  ","   ","FIRST OF MAR",SOYBEANS,"137,348,000","45,348,000","92,000,000"
1993,MINNESOTA,27,"  ","   ","FIRST OF JUN",SOYBEANS,"91,000,000","31,000,000","60,000,000"
1993,MINNESOTA,27,"  ","   ","FIRST OF SEP",SOYBEANS,"49,806,000","22,306,000","27,500,000"
1993,MINNESOTA,27,"  ","   ","FIRST OF DEC",SOYBEANS,"126,746,000","48,746,000","78,000,000"
1994,ILLINOIS,17,"  ","   ","FIRST OF MAR",SOYBEANS,"217,756,000","119,756,000","98,000,000"
1994,ILLINOIS,17,"  ","   ","FIRST OF JUN",SOYBEANS,"109,418,000","65,418,000","44,000,000"
1994,ILLINOIS,17,"  ","   ","FIRST OF SEP",SOYBEANS,"42,832,000","31,332,000","11,500,000"
1994,ILLINOIS,17,"  ","   ","FIRST OF DEC",SOYBEANS,"423,124,000","223,124,000","200,000,000"
1994,IOWA,19,"  ","   ","FIRST OF MAR",SOYBEANS,"204,239,000","115,239,000","89,000,000"
1994,IOWA,19,"  ","   ","FIRST OF JUN",SOYBEANS,"118,177,000","79,177,000","39,000,000"
1994,IOWA,19,"  ","   ","FIRST OF SEP",SOYBEANS,"42,943,000","30,943,000","12,000,000"
1994,IOWA,19,"  ","   ","FIRST OF DEC",SOYBEANS,"404,495,000","214,495,000","190,000,000"
1994,MINNESOTA,27,"  ","   ","FIRST OF MAR",SOYBEANS,"104,945,000","40,445,000","64,500,000"
1994,MINNESOTA,27,"  ","   ","FIRST OF JUN",SOYBEANS,"59,789,000","29,789,000","30,000,000"
1994,MINNESOTA,27,"  ","   ","FIRST OF SEP",SOYBEANS,"25,768,000","14,768,000","11,000,000"
1994,MINNESOTA,27,"  ","   ","FIRST OF DEC",SOYBEANS,"202,333,000","83,333,000","119,000,000"
1995,ILLINOIS,17,"  ","   ","FIRST OF MAR",SOYBEANS,"268,918,000","145,918,000","123,000,000"
1995,ILLINOIS,17,"  ","   ","FIRST OF JUN",SOYBEANS,"151,277,000","90,277,000","61,000,000"
1995,ILLINOIS,17,"  ","   ","FIRST OF SEP",SOYBEANS,"57,361,000","43,361,000","14,000,000"
1995,ILLINOIS,17,"  ","   ","FIRST OF DEC",SOYBEANS,"370,681,000","185,681,000","185,000,000"
1995,IOWA,19,"  ","   ","FIRST OF MAR",SOYBEANS,"296,233,000","149,233,000","147,000,000"
1995,IOWA,19,"  ","   ","FIRST OF JUN",SOYBEANS,"177,051,000","93,051,000","84,000,000"
1995,IOWA,19,"  ","   ","FIRST OF SEP",SOYBEANS,"78,064,000","58,064,000","20,000,000"
1995,IOWA,19,"  ","   ","FIRST OF DEC",SOYBEANS,"368,562,000","202,562,000","166,000,000"
1995,MINNESOTA,27,"  ","   ","FIRST OF MAR",SOYBEANS,"163,393,000","63,393,000","100,000,000"
1995,MINNESOTA,27,"  ","   ","FIRST OF JUN",SOYBEANS,"109,719,000","42,719,000","67,000,000"
1995,MINNESOTA,27,"  ","   ","FIRST OF SEP",SOYBEANS,"54,583,000","35,083,000","19,500,000"
1995,MINNESOTA,27,"  ","   ","FIRST OF DEC",SOYBEANS,"205,592,000","80,592,000","125,000,000"
1996,ILLINOIS,17,"  ","   ","FIRST OF MAR",SOYBEANS,"229,548,000","127,548,000","102,000,000"
1996,ILLINOIS,17,"  ","   ","FIRST OF JUN",SOYBEANS,"124,006,000","73,006,000","51,000,000"
1996,ILLINOIS,17,"  ","   ","FIRST OF SEP",SOYBEANS,"32,422,000","21,422,000","11,000,000"
1996,ILLINOIS,17,"  ","   ","FIRST OF DEC",SOYBEANS,"364,652,000","166,652,000","198,000,000"
1996,IOWA,19,"  ","   ","FIRST OF MAR",SOYBEANS,"276,187,000","145,187,000","131,000,000"
1996,IOWA,19,"  ","   ","FIRST OF JUN",SOYBEANS,"134,720,000","82,720,000","52,000,000"
1996,IOWA,19,"  ","   ","FIRST OF SEP",SOYBEANS,"45,137,000","30,137,000","15,000,000"
1996,IOWA,19,"  ","   ","FIRST OF DEC",SOYBEANS,"353,627,000","176,627,000","177,000,000"
1996,MINNESOTA,27,"  ","   ","FIRST OF MAR",SOYBEANS,"150,941,000","60,941,000","90,000,000"
1996,MINNESOTA,27,"  ","   ","FIRST OF JUN",SOYBEANS,"91,078,000","39,078,000","52,000,000"
1996,MINNESOTA,27,"  ","   ","FIRST OF SEP",SOYBEANS,"22,171,000","11,171,000","11,000,000"
1996,MINNESOTA,27,"  ","   ","FIRST OF DEC",SOYBEANS,"182,877,000","62,877,000","120,000,000"
1997,ILLINOIS,17,"  ","   ","FIRST OF MAR",SOYBEANS,"195,367,000","102,367,000","93,000,000"
1997,ILLINOIS,17,"  ","   ","FIRST OF JUN",SOYBEANS,"95,555,000","49,555,000","46,000,000"
1997,ILLINOIS,17,"  ","   ","FIRST OF SEP",SOYBEANS,"23,886,000","15,886,000","8,000,000"
1997,ILLINOIS,17,"  ","   ","FIRST OF DEC",SOYBEANS,"376,765,000","181,765,000","195,000,000"
1997,IOWA,19,"  ","   ","FIRST OF MAR",SOYBEANS,"241,545,000","108,545,000","133,000,000"
1997,IOWA,19,"  ","   ","FIRST OF JUN",SOYBEANS,"116,598,000","62,598,000","54,000,000"
1997,IOWA,19,"  ","   ","FIRST OF SEP",SOYBEANS,"34,589,000","23,289,000","11,300,000"
1997,IOWA,19,"  ","   ","FIRST OF DEC",SOYBEANS,"405,553,000","192,553,000","213,000,000"
1997,MINNESOTA,27,"  ","   ","FIRST OF MAR",SOYBEANS,"127,983,000","43,983,000","84,000,000"
1997,MINNESOTA,27,"  ","   ","FIRST OF JUN",SOYBEANS,"62,567,000","25,567,000","37,000,000"
1997,MINNESOTA,27,"  ","   ","FIRST OF SEP",SOYBEANS,"13,888,000","7,588,000","6,300,000"
1997,MINNESOTA,27,"  ","   ","FIRST OF DEC",SOYBEANS,"211,474,000","66,474,000","145,000,000"
1998,ILLINOIS,17,"  ","   ","FIRST OF MAR",SOYBEANS,"217,961,000","102,961,000","115,000,000"
1998,ILLINOIS,17,"  ","   ","FIRST OF JUN",SOYBEANS,"109,222,000","50,222,000","59,000,000"
1998,ILLINOIS,17,"  ","   ","FIRST OF SEP",SOYBEANS,"32,570,000","19,570,000","13,000,000"
1998,ILLINOIS,17,"  ","   ","FIRST OF DEC",SOYBEANS,"431,832,000","197,832,000","234,000,000"
1998,IOWA,19,"  ","   ","FIRST OF MAR",SOYBEANS,"275,886,000","120,886,000","155,000,000"
1998,IOWA,19,"  ","   ","FIRST OF JUN",SOYBEANS,"147,085,000","67,085,000","80,000,000"
1998,IOWA,19,"  ","   ","FIRST OF SEP",SOYBEANS,"55,706,000","31,706,000","24,000,000"
1998,IOWA,19,"  ","   ","FIRST OF DEC",SOYBEANS,"448,729,000","211,729,000","237,000,000"
1998,MINNESOTA,27,"  ","   ","FIRST OF MAR",SOYBEANS,"141,869,000","41,869,000","100,000,000"
1998,MINNESOTA,27,"  ","   ","FIRST OF JUN",SOYBEANS,"76,045,000","24,045,000","52,000,000"
1998,MINNESOTA,27,"  ","   ","FIRST OF SEP",SOYBEANS,"21,866,000","10,866,000","11,000,000"
1998,MINNESOTA,27,"  ","   ","FIRST OF DEC",SOYBEANS,"245,920,000","85,920,000","160,000,000"
1999,ILLINOIS,17,"  ","   ","FIRST OF MAR",SOYBEANS,"278,094,000","123,094,000","155,000,000"
1999,ILLINOIS,17,"  ","   ","FIRST OF JUN",SOYBEANS,"149,387,000","79,387,000","70,000,000"
1999,ILLINOIS,17,"  ","   ","FIRST OF SEP",SOYBEANS,"50,272,000","31,272,000","19,000,000"
1999,ILLINOIS,17,"  ","   ","FIRST OF DEC",SOYBEANS,"430,239,000","210,239,000","220,000,000"
1999,IOWA,19,"  ","   ","FIRST OF MAR",SOYBEANS,"332,554,000","147,554,000","185,000,000"
1999,IOWA,19,"  ","   ","FIRST OF JUN",SOYBEANS,"203,835,000","98,835,000","105,000,000"
1999,IOWA,19,"  ","   ","FIRST OF SEP",SOYBEANS,"90,839,000","61,339,000","29,500,000"
1999,IOWA,19,"  ","   ","FIRST OF DEC",SOYBEANS,"434,268,000","209,268,000","225,000,000"
1999,MINNESOTA,27,"  ","   ","FIRST OF MAR",SOYBEANS,"183,691,000","58,691,000","125,000,000"
1999,MINNESOTA,27,"  ","   ","FIRST OF JUN",SOYBEANS,"121,342,000","39,342,000","82,000,000"
1999,MINNESOTA,27,"  ","   ","FIRST OF SEP",SOYBEANS,"52,622,000","24,622,000","28,000,000"
1999,MINNESOTA,27,"  ","   ","FIRST OF DEC",SOYBEANS,"247,026,000","82,026,000","165,000,000"
2000,ILLINOIS,17,"  ","   ","FIRST OF MAR",SOYBEANS,"249,700,000","119,700,000","130,000,000"
2000,ILLINOIS,17,"  ","   ","FIRST OF JUN",SOYBEANS,"142,498,000","74,498,000","68,000,000"
2000,ILLINOIS,17,"  ","   ","FIRST OF SEP",SOYBEANS,"38,955,000","25,955,000","13,000,000"
2000,ILLINOIS,17,"  ","   ","FIRST OF DEC",SOYBEANS,"429,673,000","204,673,000","225,000,000"
2000,IOWA,19,"  ","   ","FIRST OF MAR",SOYBEANS,"310,783,000","135,783,000","175,000,000"
2000,IOWA,19,"  ","   ","FIRST OF JUN",SOYBEANS,"173,879,000","90,879,000","83,000,000"
2000,IOWA,19,"  ","   ","FIRST OF SEP",SOYBEANS,"80,005,000","52,005,000","28,000,000"
2000,IOWA,19,"  ","   ","FIRST OF DEC",SOYBEANS,"440,806,000","210,806,000","230,000,000"
2000,MINNESOTA,27,"  ","   ","FIRST OF MAR",SOYBEANS,"184,604,000","59,604,000","125,000,000"
2000,MINNESOTA,27,"  ","   ","FIRST OF JUN",SOYBEANS,"117,768,000","39,768,000","78,000,000"
2000,MINNESOTA,27,"  ","   ","FIRST OF SEP",SOYBEANS,"40,589,000","22,089,000","18,500,000"
2000,MINNESOTA,27,"  ","   ","FIRST OF DEC",SOYBEANS,"251,633,000","81,633,000","170,000,000"
2001,ILLINOIS,17,"  ","   ","FIRST OF MAR",SOYBEANS,"249,071,000","114,071,000","135,000,000"
2001,ILLINOIS,17,"  ","   ","FIRST OF JUN",SOYBEANS,"118,449,000","57,449,000","61,000,000"
2001,ILLINOIS,17,"  ","   ","FIRST OF SEP",SOYBEANS,"34,748,000","24,748,000","10,000,000"
2001,ILLINOIS,17,"  ","   ","FIRST OF DEC",SOYBEANS,"416,773,000","191,773,000","225,000,000"
2001,IOWA,19,"  ","   ","FIRST OF MAR",SOYBEANS,"305,169,000","135,169,000","170,000,000"
2001,IOWA,19,"  ","   ","FIRST OF JUN",SOYBEANS,"158,630,000","81,630,000","77,000,000"
2001,IOWA,19,"  ","   ","FIRST OF SEP",SOYBEANS,"61,408,000","43,408,000","18,000,000"
2001,IOWA,19,"  ","   ","FIRST OF DEC",SOYBEANS,"444,294,000","209,294,000","235,000,000"
2001,MINNESOTA,27,"  ","   ","FIRST OF MAR",SOYBEANS,"191,005,000","51,005,000","140,000,000"
2001,MINNESOTA,27,"  ","   ","FIRST OF JUN",SOYBEANS,"95,907,000","31,907,000","64,000,000"
2001,MINNESOTA,27,"  ","   ","FIRST OF SEP",SOYBEANS,"34,900,000","19,400,000","15,500,000"
2001,MINNESOTA,27,"  ","   ","FIRST OF DEC",SOYBEANS,"245,247,000","80,247,000","165,000,000"
2002,ILLINOIS,17,"  ","   ","FIRST OF MAR",SOYBEANS,"225,652,000","105,652,000","120,000,000"
2002,ILLINOIS,17,"  ","   ","FIRST OF JUN",SOYBEANS,"108,981,000","53,981,000","55,000,000"
2002,ILLINOIS,17,"  ","   ","FIRST OF SEP",SOYBEANS,"27,226,000","19,426,000","7,800,000"
2002,ILLINOIS,17,"  ","   ","FIRST OF DEC",SOYBEANS,"399,401,000","179,401,000","220,000,000"
2002,IOWA,19,"  ","   ","FIRST OF MAR",SOYBEANS,"301,723,000","141,723,000","160,000,000"
2002,IOWA,19,"  ","   ","FIRST OF JUN",SOYBEANS,"159,175,000","86,175,000","73,000,000"
2002,IOWA,19,"  ","   ","FIRST OF SEP",SOYBEANS,"55,412,000","38,912,000","16,500,000"
2002,IOWA,19,"  ","   ","FIRST OF DEC",SOYBEANS,"423,371,000","202,371,000","221,000,000"
2002,MINNESOTA,27,"  ","   ","FIRST OF MAR",SOYBEANS,"163,204,000","53,204,000","110,000,000"
2002,MINNESOTA,27,"  ","   ","FIRST OF JUN",SOYBEANS,"85,259,000","35,259,000","50,000,000"
2002,MINNESOTA,27,"  ","   ","FIRST OF SEP",SOYBEANS,"27,709,000","16,209,000","11,500,000"
2002,MINNESOTA,27,"  ","   ","FIRST OF DEC",SOYBEANS,"249,798,000","78,798,000","171,000,000"
2003,ILLINOIS,17,"  ","   ","FIRST OF MAR",SOYBEANS,"190,204,000","90,204,000","100,000,000"
2003,ILLINOIS,17,"  ","   ","FIRST OF JUN",SOYBEANS,"89,188,000","49,188,000","40,000,000"
2003,ILLINOIS,17,"  ","   ","FIRST OF SEP",SOYBEANS,"23,307,000","17,107,000","6,200,000"
2003,ILLINOIS,17,"  ","   ","FIRST OF DEC",SOYBEANS,"308,168,000","148,168,000","160,000,000"
2003,IOWA,19,"  ","   ","FIRST OF MAR",SOYBEANS,"286,226,000","126,226,000","160,000,000"
2003,IOWA,19,"  ","   ","FIRST OF JUN",SOYBEANS,"151,650,000","72,650,000","79,000,000"
2003,IOWA,19,"  ","   ","FIRST OF SEP",SOYBEANS,"53,120,000","34,120,000","19,000,000"
2003,IOWA,19,"  ","   ","FIRST OF DEC",SOYBEANS,"305,544,000","150,544,000","155,000,000"
2003,MINNESOTA,27,"  ","   ","FIRST OF MAR",SOYBEANS,"158,431,000","43,431,000","115,000,000"
2003,MINNESOTA,27,"  ","   ","FIRST OF JUN",SOYBEANS,"73,625,000","28,625,000","45,000,000"
2003,MINNESOTA,27,"  ","   ","FIRST OF SEP",SOYBEANS,"19,578,000","12,278,000","7,300,000"
2003,MINNESOTA,27,"  ","   ","FIRST OF DEC",SOYBEANS,"165,924,000","74,924,000","91,000,000"
2004,ILLINOIS,17,"  ","   ","FIRST OF MAR",SOYBEANS,"155,137,000","93,137,000","62,000,000"
2004,ILLINOIS,17,"  ","   ","FIRST OF JUN",SOYBEANS,"68,279,000","53,279,000","15,000,000"
2004,ILLINOIS,17,"  ","   ","FIRST OF SEP",SOYBEANS,"16,459,000","13,559,000","2,900,000"
2004,ILLINOIS,17,"  ","   ","FIRST OF DEC",SOYBEANS,"417,603,000","182,603,000","235,000,000"
2004,IOWA,19,"  ","   ","FIRST OF MAR",SOYBEANS,"199,153,000","99,153,000","100,000,000"
2004,IOWA,19,"  ","   ","FIRST OF JUN",SOYBEANS,"90,315,000","59,315,000","31,000,000"
2004,IOWA,19,"  ","   ","FIRST OF SEP",SOYBEANS,"30,591,000","22,691,000","7,900,000"
2004,IOWA,19,"  ","   ","FIRST OF DEC",SOYBEANS,"427,347,000","200,347,000","227,000,000"
2004,MINNESOTA,27,"  ","   ","FIRST OF MAR",SOYBEANS,"101,876,000","46,876,000","55,000,000"
2004,MINNESOTA,27,"  ","   ","FIRST OF JUN",SOYBEANS,"41,069,000","25,569,000","15,500,000"
2004,MINNESOTA,27,"  ","   ","FIRST OF SEP",SOYBEANS,"12,777,000","6,977,000","5,800,000"
2004,MINNESOTA,27,"  ","   ","FIRST OF DEC",SOYBEANS,"210,503,000","70,503,000","140,000,000"
2005,ILLINOIS,17,"  ","   ","FIRST OF MAR",SOYBEANS,"227,899,000","97,899,000","130,000,000"
2005,ILLINOIS,17,"  ","   ","FIRST OF JUN",SOYBEANS,"121,613,000","63,613,000","58,000,000"
2005,ILLINOIS,17,"  ","   ","FIRST OF SEP",SOYBEANS,"51,422,000","35,422,000","16,000,000"
2005,ILLINOIS,17,"  ","   ","FIRST OF DEC",SOYBEANS,"445,109,000","200,109,000","245,000,000"
2005,IOWA,19,"  ","   ","FIRST OF MAR",SOYBEANS,"289,142,000","124,142,000","165,000,000"
2005,IOWA,19,"  ","   ","FIRST OF JUN",SOYBEANS,"177,360,000","79,360,000","98,000,000"
2005,IOWA,19,"  ","   ","FIRST OF SEP",SOYBEANS,"57,863,000","35,363,000","22,500,000"
2005,IOWA,19,"  ","   ","FIRST OF DEC",SOYBEANS,"483,014,000","238,014,000","245,000,000"
2005,MINNESOTA,27,"  ","   ","FIRST OF MAR",SOYBEANS,"148,814,000","43,814,000","105,000,000"
2005,MINNESOTA,27,"  ","   ","FIRST OF JUN",SOYBEANS,"75,323,000","24,323,000","51,000,000"
2005,MINNESOTA,27,"  ","   ","FIRST OF SEP",SOYBEANS,"29,328,000","13,828,000","15,500,000"
2005,MINNESOTA,27,"  ","   ","FIRST OF DEC",SOYBEANS,"268,169,000","98,169,000","170,000,000"
2006,ILLINOIS,17,"  ","   ","FIRST OF MAR",SOYBEANS,"299,740,000","154,740,000","145,000,000"
2006,ILLINOIS,17,"  ","   ","FIRST OF JUN",SOYBEANS,"170,419,000","98,419,000","72,000,000"
2006,ILLINOIS,17,"  ","   ","FIRST OF SEP",SOYBEANS,"73,412,000","54,412,000","19,000,000"
2006,ILLINOIS,17,"  ","   ","FIRST OF DEC",SOYBEANS,"456,962,000","216,962,000","240,000,000"
2006,IOWA,19,"  ","   ","FIRST OF MAR",SOYBEANS,"369,775,000","169,775,000","200,000,000"
2006,IOWA,19,"  ","   ","FIRST OF JUN",SOYBEANS,"228,708,000","118,708,000","110,000,000"
2006,IOWA,19,"  ","   ","FIRST OF SEP",SOYBEANS,"110,329,000","71,329,000","39,000,000"
2006,IOWA,19,"  ","   ","FIRST OF DEC",SOYBEANS,"499,598,000","234,598,000","265,000,000"
2006,MINNESOTA,27,"  ","   ","FIRST OF MAR",SOYBEANS,"188,434,000","68,434,000","120,000,000"
2006,MINNESOTA,27,"  ","   ","FIRST OF JUN",SOYBEANS,"130,587,000","39,587,000","91,000,000"
2006,MINNESOTA,27,"  ","   ","FIRST OF SEP",SOYBEANS,"64,497,000","28,497,000","36,000,000"
2006,MINNESOTA,27,"  ","   ","FIRST OF DEC",SOYBEANS,"311,786,000","106,786,000","205,000,000"
2007,ILLINOIS,17,"  ","   ","FIRST OF MAR",SOYBEANS,"302,599,000","152,599,000","150,000,000"
2007,ILLINOIS,17,"  ","   ","FIRST OF JUN",SOYBEANS,"180,537,000","107,537,000","73,000,000"
2007,ILLINOIS,17,"  ","   ","FIRST OF SEP",SOYBEANS,"96,642,000","80,642,000","16,000,000"
2007,ILLINOIS,17,"  ","   ","FIRST OF DEC",SOYBEANS,"379,521,000","209,521,000","170,000,000"
2007,IOWA,19,"  ","   ","FIRST OF MAR",SOYBEANS,"379,912,000","184,912,000","195,000,000"
2007,IOWA,19,"  ","   ","FIRST OF JUN",SOYBEANS,"255,015,000","130,015,000","125,000,000"
2007,IOWA,19,"  ","   ","FIRST OF SEP",SOYBEANS,"143,988,000","104,988,000","39,000,000"
2007,IOWA,19,"  ","   ","FIRST OF DEC",SOYBEANS,"467,997,000","252,997,000","215,000,000"
2007,MINNESOTA,27,"  ","   ","FIRST OF MAR",SOYBEANS,"227,627,000","70,627,000","157,000,000"
2007,MINNESOTA,27,"  ","   ","FIRST OF JUN",SOYBEANS,"140,423,000","49,423,000","91,000,000"
2007,MINNESOTA,27,"  ","   ","FIRST OF SEP",SOYBEANS,"68,917,000","41,917,000","27,000,000"
2007,MINNESOTA,27,"  ","   ","FIRST OF DEC",SOYBEANS,"270,442,000","105,442,000","165,000,000"
2008,ILLINOIS,17,"  ","   ","FIRST OF MAR",SOYBEANS,"220,237,000","145,237,000","75,000,000"
2008,ILLINOIS,17,"  ","   ","FIRST OF JUN",SOYBEANS,"112,149,000","81,149,000","31,000,000"
2008,ILLINOIS,17,"  ","   ","FIRST OF SEP",SOYBEANS,"34,738,000","30,538,000","4,200,000"
2008,ILLINOIS,17,"  ","   ","FIRST OF DEC",SOYBEANS,"392,002,000","182,002,000","210,000,000"
2008,IOWA,19,"  ","   ","FIRST OF MAR",SOYBEANS,"326,411,000","181,411,000","145,000,000"
2008,IOWA,19,"  ","   ","FIRST OF JUN",SOYBEANS,"171,100,000","111,100,000","60,000,000"
2008,IOWA,19,"  ","   ","FIRST OF SEP",SOYBEANS,"57,242,000","43,742,000","13,500,000"
2008,IOWA,19,"  ","   ","FIRST OF DEC",SOYBEANS,"410,540,000","210,540,000","200,000,000"
2008,MINNESOTA,27,"  ","   ","FIRST OF MAR",SOYBEANS,"184,264,000","69,264,000","115,000,000"
2008,MINNESOTA,27,"  ","   ","FIRST OF JUN",SOYBEANS,"82,522,000","39,522,000","43,000,000"
2008,MINNESOTA,27,"  ","   ","FIRST OF SEP",SOYBEANS,"21,093,000","12,093,000","9,000,000"
2008,MINNESOTA,27,"  ","   ","FIRST OF DEC",SOYBEANS,"228,234,000","83,234,000","145,000,000"
2009,ILLINOIS,17,"  ","   ","FIRST OF MAR",SOYBEANS,"225,166,000","110,166,000","115,000,000"
2009,ILLINOIS,17,"  ","   ","FIRST OF JUN",SOYBEANS,"90,900,000","54,900,000","36,000,000"
2009,ILLINOIS,17,"  ","   ","FIRST OF SEP",SOYBEANS,"21,853,000","14,853,000","7,000,000"
2009,ILLINOIS,17,"  ","   ","FIRST OF DEC",SOYBEANS,"371,170,000","171,170,000","200,000,000"
2009,IOWA,19,"  ","   ","FIRST OF MAR",SOYBEANS,"289,912,000","139,912,000","150,000,000"
2009,IOWA,19,"  ","   ","FIRST OF JUN",SOYBEANS,"134,233,000","80,233,000","54,000,000"
2009,IOWA,19,"  ","   ","FIRST OF SEP",SOYBEANS,"30,311,000","22,511,000","7,800,000"
2009,IOWA,19,"  ","   ","FIRST OF DEC",SOYBEANS,"396,812,000","201,812,000","195,000,000"
2009,MINNESOTA,27,"  ","   ","FIRST OF MAR",SOYBEANS,"136,621,000","46,621,000","90,000,000"
2009,MINNESOTA,27,"  ","   ","FIRST OF JUN",SOYBEANS,"72,382,000","33,382,000","39,000,000"
2009,MINNESOTA,27,"  ","   ","FIRST OF SEP",SOYBEANS,"14,230,000","10,430,000","3,800,000"
2009,MINNESOTA,27,"  ","   ","FIRST OF DEC",SOYBEANS,"241,462,000","101,462,000","140,000,000"
2010,ILLINOIS,17,"  ","   ","FIRST OF MAR",SOYBEANS,"196,896,000","98,896,000","98,000,000"
2010,ILLINOIS,17,"  ","   ","FIRST OF JUN",SOYBEANS,"92,239,000","52,239,000","40,000,000"
2010,ILLINOIS,17,"  ","   ","FIRST OF SEP",SOYBEANS,"20,668,000","16,868,000","3,800,000"
2010,ILLINOIS,17,"  ","   ","FIRST OF DEC",SOYBEANS,"407,485,000","197,485,000","210,000,000"
2010,IOWA,19,"  ","   ","FIRST OF MAR",SOYBEANS,"251,325,000","136,325,000","115,000,000"
2010,IOWA,19,"  ","   ","FIRST OF JUN",SOYBEANS,"123,024,000","74,024,000","49,000,000"
2010,IOWA,19,"  ","   ","FIRST OF SEP",SOYBEANS,"38,134,000","27,634,000","10,500,000"
2010,IOWA,19,"  ","   ","FIRST OF DEC",SOYBEANS,"387,386,000","227,386,000","160,000,000"
2010,MINNESOTA,27,"  ","   ","FIRST OF MAR",SOYBEANS,"144,906,000","56,906,000","88,000,000"
2010,MINNESOTA,27,"  ","   ","FIRST OF JUN",SOYBEANS,"64,232,000","30,232,000","34,000,000"
2010,MINNESOTA,27,"  ","   ","FIRST OF SEP",SOYBEANS,"14,889,000","9,589,000","5,300,000"
2010,MINNESOTA,27,"  ","   ","FIRST OF DEC",SOYBEANS,"256,073,000","111,073,000","145,000,000"
2011,ILLINOIS,17,"  ","   ","FIRST OF MAR",SOYBEANS,"201,570,000","123,570,000","78,000,000"
2011,ILLINOIS,17,"  ","   ","FIRST OF JUN",SOYBEANS,"99,501,000","63,501,000","36,000,000"
2011,ILLINOIS,17,"  ","   ","FIRST OF SEP",SOYBEANS,"29,298,000","23,298,000","6,000,000"
2011,ILLINOIS,17,"  ","   ","FIRST OF DEC",SOYBEANS,"398,320,000","208,320,000","190,000,000"
2011,IOWA,19,"  ","   ","FIRST OF MAR",SOYBEANS,"246,397,000","152,397,000","94,000,000"
2011,IOWA,19,"  ","   ","FIRST OF JUN",SOYBEANS,"139,225,000","89,225,000","50,000,000"
2011,IOWA,19,"  ","   ","FIRST OF SEP",SOYBEANS,"47,112,000","36,612,000","10,500,000"
2011,IOWA,19,"  ","   ","FIRST OF DEC",SOYBEANS,"422,825,000","237,825,000","185,000,000"
2011,MINNESOTA,27,"  ","   ","FIRST OF MAR",SOYBEANS,"161,652,000","72,652,000","89,000,000"
2011,MINNESOTA,27,"  ","   ","FIRST OF JUN",SOYBEANS,"81,337,000","41,337,000","40,000,000"
2011,MINNESOTA,27,"  ","   ","FIRST OF SEP",SOYBEANS,"25,210,000","19,910,000","5,300,000"
2011,MINNESOTA,27,"  ","   ","FIRST OF DEC",SOYBEANS,"237,521,000","102,521,000","135,000,000"
2012,ILLINOIS,17,"  ","   ","FIRST OF MAR",SOYBEANS,"195,213,000","118,213,000","77,000,000"
2012,ILLINOIS,17,"  ","   ","FIRST OF JUN",SOYBEANS,"100,748,000","76,748,000","24,000,000"
2012,ILLINOIS,17,"  ","   ","FIRST OF SEP",SOYBEANS,"23,697,000","19,197,000","4,500,000"
2012,ILLINOIS,17,"  ","   ","FIRST OF DEC",SOYBEANS,"305,505,000","165,505,000","140,000,000"
2012,IOWA,19,"  ","   ","FIRST OF MAR",SOYBEANS,"295,028,000","175,028,000","120,000,000"
2012,IOWA,19,"  ","   ","FIRST OF JUN",SOYBEANS,"146,588,000","102,588,000","44,000,000"
2012,IOWA,19,"  ","   ","FIRST OF SEP",SOYBEANS,"38,764,000","29,364,000","9,400,000"
2012,IOWA,19,"  ","   ","FIRST OF DEC",SOYBEANS,"338,067,000","193,067,000","145,000,000"
2012,MINNESOTA,27,"  ","   ","FIRST OF MAR",SOYBEANS,"135,247,000","63,247,000","72,000,000"
2012,MINNESOTA,27,"  ","   ","FIRST OF JUN",SOYBEANS,"59,630,000","33,130,000","26,500,000"
2012,MINNESOTA,27,"  ","   ","FIRST OF SEP",SOYBEANS,"15,674,000","11,274,000","4,400,000"
2012,MINNESOTA,27,"  ","   ","FIRST OF DEC",SOYBEANS,"218,407,000","103,407,000","115,000,000"
2013,ILLINOIS,17,"  ","   ","FIRST OF MAR",SOYBEANS,"138,761,000","70,761,000","68,000,000"
2013,ILLINOIS,17,"  ","   ","FIRST OF JUN",SOYBEANS,"53,651,000","32,651,000","21,000,000"
2013,ILLINOIS,17,"  ","   ","FIRST OF SEP",SOYBEANS,"16,365,000","11,365,000","5,000,000"
2013,ILLINOIS,17,"  ","   ","FIRST OF DEC",SOYBEANS,"366,101,000","206,101,000","160,000,000"
2013,IOWA,19,"  ","   ","FIRST OF MAR",SOYBEANS,"207,577,000","118,577,000","89,000,000"
2013,IOWA,19,"  ","   ","FIRST OF JUN",SOYBEANS,"103,421,000","63,421,000","40,000,000"
2013,IOWA,19,"  ","   ","FIRST OF SEP",SOYBEANS,"40,211,000","27,711,000","12,500,000"
2013,IOWA,19,"  ","   ","FIRST OF DEC",SOYBEANS,"339,834,000","204,834,000","135,000,000"
2013,MINNESOTA,27,"  ","   ","FIRST OF MAR",SOYBEANS,"125,658,000","50,658,000","75,000,000"
2013,MINNESOTA,27,"  ","   ","FIRST OF JUN",SOYBEANS,"42,028,000","24,028,000","18,000,000"
2013,MINNESOTA,27,"  ","   ","FIRST OF SEP",SOYBEANS,"15,724,000","9,824,000","5,900,000"
2013,MINNESOTA,27,"  ","   ","FIRST OF DEC",SOYBEANS,"200,607,000","104,607,000","96,000,000"
2014,ILLINOIS,17,"  ","   ","FIRST OF MAR",SOYBEANS,"152,452,000","91,452,000","61,000,000"
2014,ILLINOIS,17,"  ","   ","FIRST OF JUN",SOYBEANS,"56,588,000","39,588,000","17,000,000"
2014,ILLINOIS,17,"  ","   ","FIRST OF SEP",SOYBEANS,"9,920,000","8,320,000","1,600,000"
2014,ILLINOIS,17,"  ","   ","FIRST OF DEC",SOYBEANS,"395,625,000","205,625,000","190,000,000"
2014,IOWA,19,"  ","   ","FIRST OF MAR",SOYBEANS,"208,224,000","134,224,000","74,000,000"
2014,IOWA,19,"  ","   ","FIRST OF JUN",SOYBEANS,"94,193,000","70,193,000","24,000,000"
2014,IOWA,19,"  ","   ","FIRST OF SEP",SOYBEANS,"21,596,000","15,696,000","5,900,000"
2014,IOWA,19,"  ","   ","FIRST OF DEC",SOYBEANS,"408,616,000","228,616,000","180,000,000"
2014,MINNESOTA,27,"  ","   ","FIRST OF MAR",SOYBEANS,"109,142,000","50,142,000","59,000,000"
2014,MINNESOTA,27,"  ","   ","FIRST OF JUN",SOYBEANS,"38,573,000","26,073,000","12,500,000"
2014,MINNESOTA,27,"  ","   ","FIRST OF SEP",SOYBEANS,"10,343,000","7,043,000","3,300,000"
2014,MINNESOTA,27,"  ","   ","FIRST OF DEC",SOYBEANS,"220,865,000","95,865,000","125,000,000"
2015,ILLINOIS,17,"  ","   ","FIRST OF MAR",SOYBEANS,"198,751,000","109,751,000","89,000,000"
2015,ILLINOIS,17,"  ","   ","FIRST OF JUN",SOYBEANS,"93,519,000","58,519,000","35,000,000"
2015,ILLINOIS,17,"  ","   ","FIRST OF SEP",SOYBEANS,"28,219,000","21,819,000","6,400,000"
2015,ILLINOIS,17,"  ","   ","FIRST OF DEC",SOYBEANS,"453,801,000","238,801,000","215,000,000"
2015,IOWA,19,"  ","   ","FIRST OF MAR",SOYBEANS,"257,691,000","147,691,000","110,000,000"
2015,IOWA,19,"  ","   ","FIRST OF JUN",SOYBEANS,"125,505,000","75,505,000","50,000,000"
2015,IOWA,19,"  ","   ","FIRST OF SEP",SOYBEANS,"37,265,000","26,765,000","10,500,000"
2015,IOWA,19,"  ","   ","FIRST OF DEC",SOYBEANS,"455,673,000","260,673,000","195,000,000"
2015,MINNESOTA,27,"  ","   ","FIRST OF MAR",SOYBEANS,"122,183,000","50,183,000","72,000,000"
2015,MINNESOTA,27,"  ","   ","FIRST OF JUN",SOYBEANS,"55,033,000","26,033,000","29,000,000"
2015,MINNESOTA,27,"  ","   ","FIRST OF SEP",SOYBEANS,"17,205,000","10,905,000","6,300,000"
2015,MINNESOTA,27,"  ","   ","FIRST OF DEC",SOYBEANS,"266,366,000","121,366,000","145,000,000"
2016,ILLINOIS,17,"  ","   ","FIRST OF MAR",SOYBEANS,"239,494,000","124,494,000","115,000,000"
2016,ILLINOIS,17,"  ","   ","FIRST OF JUN",SOYBEANS,"139,631,000","95,631,000","44,000,000"
2016,ILLINOIS,17,"  ","   ","FIRST OF SEP",SOYBEANS,"27,524,000","20,124,000","7,400,000"
2016,ILLINOIS,17,"  ","   ","FIRST OF DEC",SOYBEANS,"482,342,000","252,342,000","230,000,000"
2016,IOWA,19,"  ","   ","FIRST OF MAR",SOYBEANS,"328,475,000","173,475,000","155,000,000"
2016,IOWA,19,"  ","   ","FIRST OF JUN",SOYBEANS,"183,673,000","130,673,000","53,000,000"
2016,IOWA,19,"  ","   ","FIRST OF SEP",SOYBEANS,"36,541,000","30,141,000","6,400,000"
2016,IOWA,19,"  ","   ","FIRST OF DEC",SOYBEANS,"457,767,000","272,767,000","185,000,000"
2016,MINNESOTA,27,"  ","   ","FIRST OF MAR",SOYBEANS,"165,493,000","66,493,000","99,000,000"
2016,MINNESOTA,27,"  ","   ","FIRST OF JUN",SOYBEANS,"101,942,000","53,942,000","48,000,000"
2016,MINNESOTA,27,"  ","   ","FIRST OF SEP",SOYBEANS,"17,192,000","13,492,000","3,700,000"
2016,MINNESOTA,27,"  ","   ","FIRST OF DEC",SOYBEANS,"275,249,000","135,249,000","140,000,000"
2017,ILLINOIS,17,"  ","   ","FIRST OF MAR",SOYBEANS,"277,046,000","183,046,000","94,000,000"
2017,ILLINOIS,17,"  ","   ","FIRST OF JUN",SOYBEANS,"164,933,000","120,933,000","44,000,000"
2017,ILLINOIS,17,"  ","   ","FIRST OF SEP",SOYBEANS,"38,564,000","32,264,000","6,300,000"
2017,ILLINOIS,17,"  ","   ","FIRST OF DEC",SOYBEANS,"510,377,000","280,377,000","230,000,000"
2017,IOWA,19,"  ","   ","FIRST OF MAR",SOYBEANS,"309,614,000","194,614,000","115,000,000"
2017,IOWA,19,"  ","   ","FIRST OF JUN",SOYBEANS,"177,472,000","115,472,000","62,000,000"
2017,IOWA,19,"  ","   ","FIRST OF SEP",SOYBEANS,"53,075,000","38,075,000","15,000,000"
2017,IOWA,19,"  ","   ","FIRST OF DEC",SOYBEANS,"487,498,000","277,498,000","210,000,000"
2017,MINNESOTA,27,"  ","   ","FIRST OF MAR",SOYBEANS,"180,332,000","87,332,000","93,000,000"
2017,MINNESOTA,27,"  ","   ","FIRST OF JUN",SOYBEANS,"107,947,000","55,947,000","52,000,000"
2017,MINNESOTA,27,"  ","   ","FIRST OF SEP",SOYBEANS,"32,794,000","19,294,000","13,500,000"
2017,MINNESOTA,27,"  ","   ","FIRST OF DEC",SOYBEANS,"308,794,000","138,794,000","170,000,000"
2018,ILLINOIS,17,"  ","   ","FIRST OF MAR",SOYBEANS,"374,960,000","234,960,000","140,000,000"
2018,ILLINOIS,17,"  ","   ","FIRST OF JUN",SOYBEANS,"249,979,000","179,979,000","70,000,000"
2018,ILLINOIS,17,"  ","   ","FIRST OF SEP",SOYBEANS,"86,196,000","73,796,000","12,400,000"
2018,ILLINOIS,17,"  ","   ","FIRST OF DEC",SOYBEANS,"669,369,000","344,369,000","325,000,000"
2018,IOWA,19,"  ","   ","FIRST OF MAR",SOYBEANS,"365,619,000","215,619,000","150,000,000"
2018,IOWA,19,"  ","   ","FIRST OF JUN",SOYBEANS,"219,578,000","148,578,000","71,000,000"
2018,IOWA,19,"  ","   ","FIRST OF SEP",SOYBEANS,"87,866,000","66,366,000","21,500,000"
2018,IOWA,19,"  ","   ","FIRST OF DEC",SOYBEANS,"527,503,000","277,503,000","250,000,000"
2018,MINNESOTA,27,"  ","   ","FIRST OF MAR",SOYBEANS,"218,481,000","103,481,000","115,000,000"
2018,MINNESOTA,27,"  ","   ","FIRST OF JUN",SOYBEANS,"129,016,000","73,016,000","56,000,000"
2018,MINNESOTA,27,"  ","   ","FIRST OF SEP",SOYBEANS,"41,901,000","26,401,000","15,500,000"
2018,MINNESOTA,27,"  ","   ","FIRST OF DEC",SOYBEANS,"339,133,000","139,133,000","200,000,000"
2019,ILLINOIS,17,"  ","   ","FIRST OF MAR",SOYBEANS,"491,983,000","276,983,000","215,000,000"
2019,ILLINOIS,17,"  ","   ","FIRST OF JUN",SOYBEANS,"320,730,000","220,730,000","100,000,000"
2019,ILLINOIS,17,"  ","   ","FIRST OF SEP",SOYBEANS,"186,980,000","153,980,000","33,000,000"
2019,IOWA,19,"  ","   ","FIRST OF MAR",SOYBEANS,"420,241,000","225,241,000","195,000,000"
2019,IOWA,19,"  ","   ","FIRST OF JUN",SOYBEANS,"301,665,000","161,665,000","140,000,000"
2019,IOWA,19,"  ","   ","FIRST OF SEP",SOYBEANS,"159,236,000","114,736,000","44,500,000"
2019,MINNESOTA,27,"  ","   ","FIRST OF MAR",SOYBEANS,"270,279,000","105,279,000","165,000,000"
2019,MINNESOTA,27,"  ","   ","FIRST OF JUN",SOYBEANS,"181,956,000","82,956,000","99,000,000"
2019,MINNESOTA,27,"  ","   ","FIRST OF SEP",SOYBEANS,"96,170,000","60,170,000","36,000,000"
