YEAR,LOCATION,"CHEMICAL, FUNGICIDE: (AZOXYSTROBIN = 128810)APPLICATIONS in LB","CHEMICAL, FUNGICIDE: (AZOXYSTROBIN = 128810)APPLICATIONS in LB / ACRE / APPLICATION, AVG","CHEMICAL, FUNGICIDE: (AZOXYSTROBIN = 128810)APPLICATIONS in LB / ACRE / YEAR, AVG","CHEMICAL, FUNGICIDE: (AZOXYSTROBIN = 128810)APPLICATIONS in NUMBER, AVG","CHEMICAL, FUNGICIDE: (AZOXYSTROBIN = 128810)TREATED in PCT OF AREA PLANTED, AVG","CHEMICAL, FUNGICIDE: (BACILLUS PUMILUS = 6485)APPLICATIONS in LB","CHEMICAL, FUNGICIDE: (BACILLUS PUMILUS = 6485)APPLICATIONS in LB / ACRE / APPLICATION, AVG","CHEMICAL, FUNGICIDE: (BACILLUS PUMILUS = 6485)APPLICATIONS in LB / ACRE / YEAR, AVG","CHEMICAL, FUNGICIDE: (BACILLUS PUMILUS = 6485)APPLICATIONS in NUMBER, AVG","CHEMICAL, FUNGICIDE: (BACILLUS PUMILUS = 6485)TREATED in PCT OF AREA PLANTED, AVG","CHEMICAL, FUNGICIDE: (BASIC COPPER SULFATE = 8101)APPLICATIONS in LB","CHEMICAL, FUNGICIDE: (BASIC COPPER SULFATE = 8101)APPLICATIONS in LB / ACRE / APPLICATION, AVG","CHEMICAL, FUNGICIDE: (BASIC COPPER SULFATE = 8101)APPLICATIONS in LB / ACRE / YEAR, AVG","CHEMICAL, FUNGICIDE: (BASIC COPPER SULFATE = 8101)APPLICATIONS in NUMBER, AVG","CHEMICAL, FUNGICIDE: (BASIC COPPER SULFATE = 8101)TREATED in PCT OF AREA PLANTED, AVG","CHEMICAL, FUNGICIDE: (BENZOVINDIFLUPYR = 122305)APPLICATIONS in LB","CHEMICAL, FUNGICIDE: (BENZOVINDIFLUPYR = 122305)APPLICATIONS in LB / ACRE / APPLICATION, AVG","CHEMICAL, FUNGICIDE: (BENZOVINDIFLUPYR = 122305)APPLICATIONS in LB / ACRE / YEAR, AVG","CHEMICAL, FUNGICIDE: (BENZOVINDIFLUPYR = 122305)APPLICATIONS in NUMBER, AVG","CHEMICAL, FUNGICIDE: (BENZOVINDIFLUPYR = 122305)TREATED in PCT OF AREA PLANTED, AVG","CHEMICAL, FUNGICIDE: (BORAX DECAHYDRATE = 11102)APPLICATIONS in LB","CHEMICAL, FUNGICIDE: (BORAX DECAHYDRATE = 11102)APPLICATIONS in LB / ACRE / APPLICATION, AVG","CHEMICAL, FUNGICIDE: (BORAX DECAHYDRATE = 11102)APPLICATIONS in LB / ACRE / YEAR, AVG","CHEMICAL, FUNGICIDE: (BORAX DECAHYDRATE = 11102)APPLICATIONS in NUMBER, AVG","CHEMICAL, FUNGICIDE: (BORAX DECAHYDRATE = 11102)TREATED in PCT OF AREA PLANTED, AVG","CHEMICAL, FUNGICIDE: (BOSCALID = 128008)APPLICATIONS in LB","CHEMICAL, FUNGICIDE: (BOSCALID = 128008)APPLICATIONS in LB / ACRE / APPLICATION, AVG","CHEMICAL, FUNGICIDE: (BOSCALID = 128008)APPLICATIONS in LB / ACRE / YEAR, AVG","CHEMICAL, FUNGICIDE: (BOSCALID = 128008)APPLICATIONS in NUMBER, AVG","CHEMICAL, FUNGICIDE: (BOSCALID = 128008)TREATED in PCT OF AREA PLANTED, AVG","CHEMICAL, FUNGICIDE: (CHLOROTHALONIL = 81901)APPLICATIONS in LB","CHEMICAL, FUNGICIDE: (CHLOROTHALONIL = 81901)APPLICATIONS in LB / ACRE / APPLICATION, AVG","CHEMICAL, FUNGICIDE: (CHLOROTHALONIL = 81901)APPLICATIONS in LB / ACRE / YEAR, AVG","CHEMICAL, FUNGICIDE: (CHLOROTHALONIL = 81901)APPLICATIONS in NUMBER, AVG","CHEMICAL, FUNGICIDE: (CHLOROTHALONIL = 81901)TREATED in PCT OF AREA PLANTED, AVG","CHEMICAL, FUNGICIDE: (CONIOTHYRIUM MINITAN = 28836)APPLICATIONS in LB","CHEMICAL, FUNGICIDE: (CONIOTHYRIUM MINITAN = 28836)APPLICATIONS in LB / ACRE / APPLICATION, AVG","CHEMICAL, FUNGICIDE: (CONIOTHYRIUM MINITAN = 28836)APPLICATIONS in LB / ACRE / YEAR, AVG","CHEMICAL, FUNGICIDE: (CONIOTHYRIUM MINITAN = 28836)APPLICATIONS in NUMBER, AVG","CHEMICAL, FUNGICIDE: (CONIOTHYRIUM MINITAN = 28836)TREATED in PCT OF AREA PLANTED, AVG","CHEMICAL, FUNGICIDE: (COPPER CHLORIDE HYD. = 23501)APPLICATIONS in LB","CHEMICAL, FUNGICIDE: (COPPER CHLORIDE HYD. = 23501)APPLICATIONS in LB / ACRE / APPLICATION, AVG","CHEMICAL, FUNGICIDE: (COPPER CHLORIDE HYD. = 23501)APPLICATIONS in LB / ACRE / YEAR, AVG","CHEMICAL, FUNGICIDE: (COPPER CHLORIDE HYD. = 23501)APPLICATIONS in NUMBER, AVG","CHEMICAL, FUNGICIDE: (COPPER CHLORIDE HYD. = 23501)TREATED in PCT OF AREA PLANTED, AVG","CHEMICAL, FUNGICIDE: (CYPROCONAZOLE = 128993)APPLICATIONS in LB","CHEMICAL, FUNGICIDE: (CYPROCONAZOLE = 128993)APPLICATIONS in LB / ACRE / APPLICATION, AVG","CHEMICAL, FUNGICIDE: (CYPROCONAZOLE = 128993)APPLICATIONS in LB / ACRE / YEAR, AVG","CHEMICAL, FUNGICIDE: (CYPROCONAZOLE = 128993)APPLICATIONS in NUMBER, AVG","CHEMICAL, FUNGICIDE: (CYPROCONAZOLE = 128993)TREATED in PCT OF AREA PLANTED, AVG","CHEMICAL, FUNGICIDE: (CYPRODINIL = 288202)APPLICATIONS in LB","CHEMICAL, FUNGICIDE: (CYPRODINIL = 288202)APPLICATIONS in LB / ACRE / APPLICATION, AVG","CHEMICAL, FUNGICIDE: (CYPRODINIL = 288202)APPLICATIONS in LB / ACRE / YEAR, AVG","CHEMICAL, FUNGICIDE: (CYPRODINIL = 288202)APPLICATIONS in NUMBER, AVG","CHEMICAL, FUNGICIDE: (CYPRODINIL = 288202)TREATED in PCT OF AREA PLANTED, AVG","CHEMICAL, FUNGICIDE: (DIFENOCONAZOLE = 128847)APPLICATIONS in LB","CHEMICAL, FUNGICIDE: (DIFENOCONAZOLE = 128847)APPLICATIONS in LB / ACRE / APPLICATION, AVG","CHEMICAL, FUNGICIDE: (DIFENOCONAZOLE = 128847)APPLICATIONS in LB / ACRE / YEAR, AVG","CHEMICAL, FUNGICIDE: (DIFENOCONAZOLE = 128847)APPLICATIONS in NUMBER, AVG","CHEMICAL, FUNGICIDE: (DIFENOCONAZOLE = 128847)TREATED in PCT OF AREA PLANTED, AVG","CHEMICAL, FUNGICIDE: (FENHEXAMID = 90209)APPLICATIONS in LB","CHEMICAL, FUNGICIDE: (FENHEXAMID = 90209)APPLICATIONS in LB / ACRE / APPLICATION, AVG","CHEMICAL, FUNGICIDE: (FENHEXAMID = 90209)APPLICATIONS in LB / ACRE / YEAR, AVG","CHEMICAL, FUNGICIDE: (FENHEXAMID = 90209)APPLICATIONS in NUMBER, AVG","CHEMICAL, FUNGICIDE: (FENHEXAMID = 90209)TREATED in PCT OF AREA PLANTED, AVG","CHEMICAL, FUNGICIDE: (FLUAZINAM = 129098)APPLICATIONS in LB","CHEMICAL, FUNGICIDE: (FLUAZINAM = 129098)APPLICATIONS in LB / ACRE / APPLICATION, AVG","CHEMICAL, FUNGICIDE: (FLUAZINAM = 129098)APPLICATIONS in LB / ACRE / YEAR, AVG","CHEMICAL, FUNGICIDE: (FLUAZINAM = 129098)APPLICATIONS in NUMBER, AVG","CHEMICAL, FUNGICIDE: (FLUAZINAM = 129098)TREATED in PCT OF AREA PLANTED, AVG","CHEMICAL, FUNGICIDE: (FLUDIOXONIL = 71503)APPLICATIONS in LB","CHEMICAL, FUNGICIDE: (FLUDIOXONIL = 71503)APPLICATIONS in LB / ACRE / APPLICATION, AVG","CHEMICAL, FUNGICIDE: (FLUDIOXONIL = 71503)APPLICATIONS in LB / ACRE / YEAR, AVG","CHEMICAL, FUNGICIDE: (FLUDIOXONIL = 71503)APPLICATIONS in NUMBER, AVG","CHEMICAL, FUNGICIDE: (FLUDIOXONIL = 71503)TREATED in PCT OF AREA PLANTED, AVG","CHEMICAL, FUNGICIDE: (FLUOPYRAM = 80302)APPLICATIONS in LB","CHEMICAL, FUNGICIDE: (FLUOPYRAM = 80302)APPLICATIONS in LB / ACRE / APPLICATION, AVG","CHEMICAL, FUNGICIDE: (FLUOPYRAM = 80302)APPLICATIONS in LB / ACRE / YEAR, AVG","CHEMICAL, FUNGICIDE: (FLUOPYRAM = 80302)APPLICATIONS in NUMBER, AVG","CHEMICAL, FUNGICIDE: (FLUOPYRAM = 80302)TREATED in PCT OF AREA PLANTED, AVG","CHEMICAL, FUNGICIDE: (FLUOXASTROBIN = 28869)APPLICATIONS in LB","CHEMICAL, FUNGICIDE: (FLUOXASTROBIN = 28869)APPLICATIONS in LB / ACRE / APPLICATION, AVG","CHEMICAL, FUNGICIDE: (FLUOXASTROBIN = 28869)APPLICATIONS in LB / ACRE / YEAR, AVG","CHEMICAL, FUNGICIDE: (FLUOXASTROBIN = 28869)APPLICATIONS in NUMBER, AVG","CHEMICAL, FUNGICIDE: (FLUOXASTROBIN = 28869)TREATED in PCT OF AREA PLANTED, AVG","CHEMICAL, FUNGICIDE: (FLUXAPYROXAD = 138009)APPLICATIONS in LB","CHEMICAL, FUNGICIDE: (FLUXAPYROXAD = 138009)APPLICATIONS in LB / ACRE / APPLICATION, AVG","CHEMICAL, FUNGICIDE: (FLUXAPYROXAD = 138009)APPLICATIONS in LB / ACRE / YEAR, AVG","CHEMICAL, FUNGICIDE: (FLUXAPYROXAD = 138009)APPLICATIONS in NUMBER, AVG","CHEMICAL, FUNGICIDE: (FLUXAPYROXAD = 138009)TREATED in PCT OF AREA PLANTED, AVG","CHEMICAL, FUNGICIDE: (ISOFETAMID = 270000)APPLICATIONS in LB","CHEMICAL, FUNGICIDE: (ISOFETAMID = 270000)APPLICATIONS in LB / ACRE / APPLICATION, AVG","CHEMICAL, FUNGICIDE: (ISOFETAMID = 270000)APPLICATIONS in LB / ACRE / YEAR, AVG","CHEMICAL, FUNGICIDE: (ISOFETAMID = 270000)APPLICATIONS in NUMBER, AVG","CHEMICAL, FUNGICIDE: (ISOFETAMID = 270000)TREATED in PCT OF AREA PLANTED, AVG","CHEMICAL, FUNGICIDE: (MANCOZEB = 14504)APPLICATIONS in LB","CHEMICAL, FUNGICIDE: (MANCOZEB = 14504)APPLICATIONS in LB / ACRE / APPLICATION, AVG","CHEMICAL, FUNGICIDE: (MANCOZEB = 14504)APPLICATIONS in LB / ACRE / YEAR, AVG","CHEMICAL, FUNGICIDE: (MANCOZEB = 14504)APPLICATIONS in NUMBER, AVG","CHEMICAL, FUNGICIDE: (MANCOZEB = 14504)TREATED in PCT OF AREA PLANTED, AVG","CHEMICAL, FUNGICIDE: (MEFENOXAM = 113502)APPLICATIONS in LB","CHEMICAL, FUNGICIDE: (MEFENOXAM = 113502)APPLICATIONS in LB / ACRE / APPLICATION, AVG","CHEMICAL, FUNGICIDE: (MEFENOXAM = 113502)APPLICATIONS in LB / ACRE / YEAR, AVG","CHEMICAL, FUNGICIDE: (MEFENOXAM = 113502)APPLICATIONS in NUMBER, AVG","CHEMICAL, FUNGICIDE: (MEFENOXAM = 113502)TREATED in PCT OF AREA PLANTED, AVG","CHEMICAL, FUNGICIDE: (METCONAZOLE = 125619)APPLICATIONS in LB","CHEMICAL, FUNGICIDE: (METCONAZOLE = 125619)APPLICATIONS in LB / ACRE / APPLICATION, AVG","CHEMICAL, FUNGICIDE: (METCONAZOLE = 125619)APPLICATIONS in LB / ACRE / YEAR, AVG","CHEMICAL, FUNGICIDE: (METCONAZOLE = 125619)APPLICATIONS in NUMBER, AVG","CHEMICAL, FUNGICIDE: (METCONAZOLE = 125619)TREATED in PCT OF AREA PLANTED, AVG","CHEMICAL, FUNGICIDE: (MONO-POTASSIUM SALT = 76416)APPLICATIONS in LB","CHEMICAL, FUNGICIDE: (MONO-POTASSIUM SALT = 76416)APPLICATIONS in LB / ACRE / APPLICATION, AVG","CHEMICAL, FUNGICIDE: (MONO-POTASSIUM SALT = 76416)APPLICATIONS in LB / ACRE / YEAR, AVG","CHEMICAL, FUNGICIDE: (MONO-POTASSIUM SALT = 76416)APPLICATIONS in NUMBER, AVG","CHEMICAL, FUNGICIDE: (MONO-POTASSIUM SALT = 76416)TREATED in PCT OF AREA PLANTED, AVG","CHEMICAL, FUNGICIDE: (MYCLOBUTANIL = 128857)APPLICATIONS in LB","CHEMICAL, FUNGICIDE: (MYCLOBUTANIL = 128857)APPLICATIONS in LB / ACRE / APPLICATION, AVG","CHEMICAL, FUNGICIDE: (MYCLOBUTANIL = 128857)APPLICATIONS in LB / ACRE / YEAR, AVG","CHEMICAL, FUNGICIDE: (MYCLOBUTANIL = 128857)APPLICATIONS in NUMBER, AVG","CHEMICAL, FUNGICIDE: (MYCLOBUTANIL = 128857)TREATED in PCT OF AREA PLANTED, AVG","CHEMICAL, FUNGICIDE: (PICOXYSTROBIN = 129200)APPLICATIONS in LB","CHEMICAL, FUNGICIDE: (PICOXYSTROBIN = 129200)APPLICATIONS in LB / ACRE / APPLICATION, AVG","CHEMICAL, FUNGICIDE: (PICOXYSTROBIN = 129200)APPLICATIONS in LB / ACRE / YEAR, AVG","CHEMICAL, FUNGICIDE: (PICOXYSTROBIN = 129200)APPLICATIONS in NUMBER, AVG","CHEMICAL, FUNGICIDE: (PICOXYSTROBIN = 129200)TREATED in PCT OF AREA PLANTED, AVG","CHEMICAL, FUNGICIDE: (PROPICONAZOLE = 122101)APPLICATIONS in LB","CHEMICAL, FUNGICIDE: (PROPICONAZOLE = 122101)APPLICATIONS in LB / ACRE / APPLICATION, AVG","CHEMICAL, FUNGICIDE: (PROPICONAZOLE = 122101)APPLICATIONS in LB / ACRE / YEAR, AVG","CHEMICAL, FUNGICIDE: (PROPICONAZOLE = 122101)APPLICATIONS in NUMBER, AVG","CHEMICAL, FUNGICIDE: (PROPICONAZOLE = 122101)TREATED in PCT OF AREA PLANTED, AVG","CHEMICAL, FUNGICIDE: (PROTHIOCONAZOLE = 113961)APPLICATIONS in LB","CHEMICAL, FUNGICIDE: (PROTHIOCONAZOLE = 113961)APPLICATIONS in LB / ACRE / APPLICATION, AVG","CHEMICAL, FUNGICIDE: (PROTHIOCONAZOLE = 113961)APPLICATIONS in LB / ACRE / YEAR, AVG","CHEMICAL, FUNGICIDE: (PROTHIOCONAZOLE = 113961)APPLICATIONS in NUMBER, AVG","CHEMICAL, FUNGICIDE: (PROTHIOCONAZOLE = 113961)TREATED in PCT OF AREA PLANTED, AVG","CHEMICAL, FUNGICIDE: (PYRACLOSTROBIN = 99100)APPLICATIONS in LB","CHEMICAL, FUNGICIDE: (PYRACLOSTROBIN = 99100)APPLICATIONS in LB / ACRE / APPLICATION, AVG","CHEMICAL, FUNGICIDE: (PYRACLOSTROBIN = 99100)APPLICATIONS in LB / ACRE / YEAR, AVG","CHEMICAL, FUNGICIDE: (PYRACLOSTROBIN = 99100)APPLICATIONS in NUMBER, AVG","CHEMICAL, FUNGICIDE: (PYRACLOSTROBIN = 99100)TREATED in PCT OF AREA PLANTED, AVG","CHEMICAL, FUNGICIDE: (SEDAXANE = 129223)APPLICATIONS in LB","CHEMICAL, FUNGICIDE: (SEDAXANE = 129223)APPLICATIONS in LB / ACRE / APPLICATION, AVG","CHEMICAL, FUNGICIDE: (SEDAXANE = 129223)APPLICATIONS in LB / ACRE / YEAR, AVG","CHEMICAL, FUNGICIDE: (SEDAXANE = 129223)APPLICATIONS in NUMBER, AVG","CHEMICAL, FUNGICIDE: (SEDAXANE = 129223)TREATED in PCT OF AREA PLANTED, AVG","CHEMICAL, FUNGICIDE: (STREPTOMYCES LYDICUS = 6327)APPLICATIONS in LB","CHEMICAL, FUNGICIDE: (STREPTOMYCES LYDICUS = 6327)APPLICATIONS in LB / ACRE / APPLICATION, AVG","CHEMICAL, FUNGICIDE: (STREPTOMYCES LYDICUS = 6327)APPLICATIONS in LB / ACRE / YEAR, AVG","CHEMICAL, FUNGICIDE: (STREPTOMYCES LYDICUS = 6327)APPLICATIONS in NUMBER, AVG","CHEMICAL, FUNGICIDE: (STREPTOMYCES LYDICUS = 6327)TREATED in PCT OF AREA PLANTED, AVG","CHEMICAL, FUNGICIDE: (SULFUR = 77501)APPLICATIONS in LB","CHEMICAL, FUNGICIDE: (SULFUR = 77501)APPLICATIONS in LB / ACRE / APPLICATION, AVG","CHEMICAL, FUNGICIDE: (SULFUR = 77501)APPLICATIONS in LB / ACRE / YEAR, AVG","CHEMICAL, FUNGICIDE: (SULFUR = 77501)APPLICATIONS in NUMBER, AVG","CHEMICAL, FUNGICIDE: (SULFUR = 77501)TREATED in PCT OF AREA PLANTED, AVG","CHEMICAL, FUNGICIDE: (TEBUCONAZOLE = 128997)APPLICATIONS in LB","CHEMICAL, FUNGICIDE: (TEBUCONAZOLE = 128997)APPLICATIONS in LB / ACRE / APPLICATION, AVG","CHEMICAL, FUNGICIDE: (TEBUCONAZOLE = 128997)APPLICATIONS in LB / ACRE / YEAR, AVG","CHEMICAL, FUNGICIDE: (TEBUCONAZOLE = 128997)APPLICATIONS in NUMBER, AVG","CHEMICAL, FUNGICIDE: (TEBUCONAZOLE = 128997)TREATED in PCT OF AREA PLANTED, AVG","CHEMICAL, FUNGICIDE: (TETRACONAZOLE = 120603)APPLICATIONS in LB","CHEMICAL, FUNGICIDE: (TETRACONAZOLE = 120603)APPLICATIONS in LB / ACRE / APPLICATION, AVG","CHEMICAL, FUNGICIDE: (TETRACONAZOLE = 120603)APPLICATIONS in LB / ACRE / YEAR, AVG","CHEMICAL, FUNGICIDE: (TETRACONAZOLE = 120603)APPLICATIONS in NUMBER, AVG","CHEMICAL, FUNGICIDE: (TETRACONAZOLE = 120603)TREATED in PCT OF AREA PLANTED, AVG","CHEMICAL, FUNGICIDE: (THIOPHANATE-METHYL = 102001)APPLICATIONS in LB","CHEMICAL, FUNGICIDE: (THIOPHANATE-METHYL = 102001)APPLICATIONS in LB / ACRE / APPLICATION, AVG","CHEMICAL, FUNGICIDE: (THIOPHANATE-METHYL = 102001)APPLICATIONS in LB / ACRE / YEAR, AVG","CHEMICAL, FUNGICIDE: (THIOPHANATE-METHYL = 102001)APPLICATIONS in NUMBER, AVG","CHEMICAL, FUNGICIDE: (THIOPHANATE-METHYL = 102001)TREATED in PCT OF AREA PLANTED, AVG","CHEMICAL, FUNGICIDE: (TOTAL)APPLICATIONS in LB","CHEMICAL, FUNGICIDE: (TOTAL)APPLICATIONS in LB / ACRE / APPLICATION, AVG","CHEMICAL, FUNGICIDE: (TOTAL)APPLICATIONS in LB / ACRE / YEAR, AVG","CHEMICAL, FUNGICIDE: (TOTAL)APPLICATIONS in NUMBER, AVG","CHEMICAL, FUNGICIDE: (TOTAL)TREATED in PCT OF AREA PLANTED, AVG","CHEMICAL, FUNGICIDE: (TRIFLOXYSTROBIN = 129112)APPLICATIONS in LB","CHEMICAL, FUNGICIDE: (TRIFLOXYSTROBIN = 129112)APPLICATIONS in LB / ACRE / APPLICATION, AVG","CHEMICAL, FUNGICIDE: (TRIFLOXYSTROBIN = 129112)APPLICATIONS in LB / ACRE / YEAR, AVG","CHEMICAL, FUNGICIDE: (TRIFLOXYSTROBIN = 129112)APPLICATIONS in NUMBER, AVG","CHEMICAL, FUNGICIDE: (TRIFLOXYSTROBIN = 129112)TREATED in PCT OF AREA PLANTED, AVG","CHEMICAL, FUNGICIDE: (ZOXAMIDE = 101702)APPLICATIONS in LB","CHEMICAL, FUNGICIDE: (ZOXAMIDE = 101702)APPLICATIONS in LB / ACRE / APPLICATION, AVG","CHEMICAL, FUNGICIDE: (ZOXAMIDE = 101702)APPLICATIONS in LB / ACRE / YEAR, AVG","CHEMICAL, FUNGICIDE: (ZOXAMIDE = 101702)APPLICATIONS in NUMBER, AVG","CHEMICAL, FUNGICIDE: (ZOXAMIDE = 101702)TREATED in PCT OF AREA PLANTED, AVG"
2002,LOUISIANA,8000.0,0.07,0.07,1.0,14.0,,,,,,,,,,,,,,,,,,,,,,,,,,,,,,,,,,,,,,,,,,,,,,,,,,,,,,,,,,,,,,,,,,,,,,,,,,,,,,,,,,,,,,,,,,,,,,,,,,,,,,,,,,,,,,,,,,,,,,,,,,,,,,,,,,,,,,,,,,,,,,,,,,,,,,,,,,,,,,,,,,,,,,8000.0,0.0,0.0,0.0,14.0,,,,,,,,,,
2002,MISSISSIPPI,8000.0,0.06,0.06,1.0,9.0,,,,,,,,,,,,,,,,,,,,,,,,,,,,,,,,,,,,,,,,,,,,,,,,,,,,,,,,,,,,,,,,,,,,,,,,,,,,,,,,,,,,,,,,,,,,,,,,,,,,,,,,,,,,,,,,,,,,,,,,,,,,,,,,,,,,,,,,,,,,,,,,,,,,,,,,,,,,,,,,,,,,,,,,,,,,,,,,,,,,
2004,ARKANSAS,23000.0,0.12,0.13,1.0,6.0,,,,,,,,,,,,,,,,,,,,,,,,,,,,,,,,,,,,,,,,,,,,,,,,,,,,,,,,,,,,,,,,,,,,,,,,,,,,,,,,,,,,,,,,,,,,,,,,,,,,,,,,,,,,,,,,,,,,,,,,,,,,,,,,,,,,,,,,,,,,,,,,,,,,,,,,,,,,,,,,,,,,,,23000.0,0.0,0.0,0.0,6.0,,,,,,,,,,
2006,ARKANSAS,21000.0,0.092,0.092,1.0,7.0,,,,,,,,,,,,,,,,,,,,,,,,,,,,,,,,,,,,,,,,,,,,,,,,,,,,,,,,,,,,,,,,,,,,,,,,,,,,,,,,,,,,,,,,,,,,,,,,,,,,,,,,,,,,,,,,,,,,,,,,,,,,,,,,,,,,,,,,,,,,,,,,,,,,,,,,,,,,,,,,,,,,,,26000.0,0.0,0.0,0.0,9.0,,,,,,,,,,
2006,LOUISIANA,22000.0,0.114,0.127,1.1,20.0,,,,,,,,,,,,,,,,,,,,,,,,,,,,,,,,,,,,,,,,,,,,,,,,,,,,,,,,,,,,,,,,,,,,,,,,,,,,,,,,,,,,,,,,,,,,,,,,,,,,,,,,,,,,,,,,,,,,,,,,,12000.0,0.091,0.096,1.1,14.0,,,,,,11000.0,0.135,0.135,1.0,10.0,,,,,,,,,,,,,,,,6000.0,0.128,0.128,1.0,6.0,,,,,,,,,,,66000.0,0.0,0.0,0.0,37.0,5000.0,0.075,0.075,1.0,8.0,,,,,
2006,MISSISSIPPI,11000.0,0.086,0.086,1.0,8.0,,,,,,,,,,,,,,,,,,,,,,,,,,,,,,,,,,,,,,,,,,,,,,,,,,,,,,,,,,,,,,,,,,,,,,,,,,,,,,,,,,,,,,,,,,,,,,,,,,,,,,,,,,,,,,,,,,,,,,,,,,,,,,,,,,,,,,,,,,,,,,,,,,,,,,,,,,,,,,,,,,,,,,30000.0,0.0,0.0,0.0,12.0,,,,,,,,,,
2006,TENNESSEE,12000.0,0.074,0.084,1.1,12.0,,,,,,,,,,,,,,,,,,,,,,,,,,,,,,,,,,,,,,,,,,,,,,,,,,,,,,,,,,,,,,,,,,,,,,,,,,,,,,,,,,,,,,,,,,,,,,,,,,,,,,,,,,,,,,,,,,,,,,,,,,,,,,,,,,,31000.0,0.115,0.115,1.0,23.0,,,,,,,,,,,,,,,,,,,,,,,,,,,,,,,43000.0,0.0,0.0,0.0,35.0,,,,,,,,,,
2012,ARKANSAS,91000.0,0.112,0.158,1.4,18.0,,,,,,,,,,,,,,,,,,,,,,,,,,,,,,,,,,,,,,,,,,,,,,,,,,,,,,,,,,,,,,,,,,,,,,,,,,,,,,,,,0.0,0.0,0.0,0.0,0.0,,,,,,,,,,,,,,,,,,,,,,,,,,,,,,,,,,,,8000.0,0.066,0.066,1.0,4.0,,,,,,25000.0,0.134,0.134,1.0,6.0,,,,,,,,,,,,,,,,0.0,0.0,0.0,0.0,0.0,,,,,,,,,,,132000.0,0.0,0.0,0.0,27.0,0.0,0.0,0.0,0.0,0.0,,,,,
2012,ILLINOIS,0.0,0.0,0.0,0.0,0.0,,,,,,,,,,,,,,,,,,,,,,,,,,,,,,,,,,,,,,,,,,,,,,,,,,,,,,,,,,,,,,,,,,,,,,,,,,,,,,,,,0.0,0.0,0.0,0.0,0.0,,,,,,,,,,,,,,,,,,,,,,,,,,,,,,,,,,,,0.0,0.0,0.0,0.0,0.0,0.0,0.0,0.0,0.0,0.0,69000.0,0.103,0.103,1.0,7.0,,,,,,,,,,,,,,,,0.0,0.0,0.0,0.0,0.0,,,,,,,,,,,105000.0,0.0,0.0,0.0,11.0,0.0,0.0,0.0,0.0,0.0,,,,,
2012,INDIANA,38000.0,0.151,0.151,1.0,5.0,,,,,,,,,,,,,,,,,,,,,,,,,,,,,,,,,,,,,,,,,,,,,,,,,,,,,,,,,,,,,,,,,,,,,,,,,,,,,,,,,,,,,,,,,,,,,,,,,,,,,,,,,,,,,,,,,,,,,,,,,8000.0,0.056,0.056,1.0,3.0,,,,,,31000.0,0.107,0.107,1.0,6.0,,,,,,,,,,,0.0,0.0,0.0,0.0,0.0,,,,,,,,,,,,,,,,95000.0,0.0,0.0,0.0,13.0,0.0,0.0,0.0,0.0,0.0,,,,,
2012,IOWA,0.0,0.0,0.0,0.0,0.0,,,,,,,,,,,,,,,,,,,,,,,,,,,,,,,,,,,,,,,,,,,,,,,,,,,,,,,,,,,,,0.0,0.0,0.0,0.0,0.0,,,,,,,,,,,0.0,0.0,0.0,0.0,0.0,,,,,,,,,,,,,,,,,,,,,,,,,,,,,,,0.0,0.0,0.0,0.0,0.0,,,,,,27000.0,0.132,0.132,1.0,2.0,,,,,,100000.0,0.106,0.106,1.0,10.0,,,,,,,,,,,,,,,,,,,,,0.0,0.0,0.0,0.0,0.0,,,,,,173000.0,0.0,0.0,0.0,16.0,27000.0,0.132,0.132,1.0,2.0,,,,,
2012,KANSAS,0.0,0.0,0.0,0.0,0.0,,,,,,,,,,,,,,,,,,,,,,,,,,,,,,,,,,,,,,,,,,,,,,,,,,,,,,,,,,,,,,,,,,,,,,,,,,,,,,,,,,,,,,,,,,,,,,,,,,,,,,,,,,,,,,,,,,,,,,,,,0.0,0.0,0.0,0.0,0.0,,,,,,0.0,0.0,0.0,0.0,0.0,,,,,,,,,,,,,,,,,,,,,,,,,,,,,,,0.0,0.0,0.0,0.0,0.0,,,,,,,,,,
2012,KENTUCKY,0.0,0.0,0.0,0.0,0.0,,,,,,,,,,,,,,,,,,,,,,,,,,,,,,,,,,,,,,,,,,,,,,,,,,,,,,,,,,,,,,,,,,,,,,,,,,,,,,,,,,,,,,,,,,,,,,,,,,,,,,,,,,,,,,,,,,,,,,,,,,,,,,,,,,,6000.0,0.098,0.098,1.0,4.0,,,,,,,,,,,,,,,,,,,,,0.0,0.0,0.0,0.0,0.0,,,,,,9000.0,0.0,0.0,0.0,7.0,,,,,,,,,,
2012,LOUISIANA,62000.0,0.1,0.131,1.3,42.0,,,,,,,,,,,,,,,,,,,,,,,,,,,,,,,,,,,,,,,,,,,,,,,,,,,,,,,,,,,,,,,,,,,,,,,,,,,,,,,,,0.0,0.0,0.0,0.0,0.0,,,,,,,,,,,,,,,,,,,,,,,,,,,,,,,,,,,,16000.0,0.159,0.159,1.0,9.0,,,,,,24000.0,0.128,0.128,1.0,17.0,,,,,,,,,,,,,,,,,,,,,0.0,0.0,0.0,0.0,0.0,0.0,0.0,0.0,0.0,0.0,130000.0,0.0,0.0,0.0,71.0,16000.0,0.16,0.16,1.0,9.0,,,,,
2012,MICHIGAN,0.0,0.0,0.0,0.0,0.0,,,,,,,,,,,,,,,,,,,,,,,,,,,,,,,,,,,,,,,,,,,,,,,,,,,,,,,,,,,,,,,,,,,,,,,,,,,,,,,,,,,,,,,,,,,,,,,,,,,,,,,,,,,,,,,,,,,,,,,,,0.0,0.0,0.0,0.0,0.0,,,,,,0.0,0.0,0.0,0.0,0.0,,,,,,,,,,,,,,,,,,,,,,,,,,,,,,,0.0,0.0,0.0,0.0,0.0,,,,,,,,,,
2012,MINNESOTA,21000.0,0.09,0.09,1.0,3.0,,,,,,,,,,,,,,,,,,,,,,,,,,,,,,,,,,,,,,,,,,,,,,,,,,,,,,,,,,,,,,,,,,,,,,,,,,,,,,,,,,,,,,,,,,,,,,,,,,,,,,,,,,,,,,,,,,,,,,,,,0.0,0.0,0.0,0.0,0.0,,,,,,30000.0,0.098,0.098,1.0,4.0,,,,,,,,,,,,,,,,,,,,,0.0,0.0,0.0,0.0,0.0,,,,,,54000.0,0.0,0.0,0.0,8.0,,,,,,,,,,
2012,MISSISSIPPI,42000.0,0.094,0.108,1.1,20.0,,,,,,,,,,,,,,,,,,,,,,,,,,,,,,,,,,,,,,,,,,,,,,,,,,,,,,,,,,,,,,,,,,,,,,,,,,,,,,,,,,,,,,,,,,,,,,,,,,,,,,,,,,,,,,,,,,,,,,,,,0.0,0.0,0.0,0.0,0.0,0.0,0.0,0.0,0.0,0.0,12000.0,0.056,0.056,1.0,11.0,,,,,,,,,,,,,,,,,,,,,0.0,0.0,0.0,0.0,0.0,,,,,,60000.0,0.0,0.0,0.0,33.0,0.0,0.0,0.0,0.0,0.0,,,,,
2012,MISSOURI,0.0,0.0,0.0,0.0,0.0,,,,,,,,,,,,,,,,,,,,,,,,,,,,,,,,,,,,,,,,,,,,,,,,,,,,,,,,,,,,,,,,,,,,,,,,,,,,,,,,,,,,,,,,,,,,,,,,,,,,,,,,,,,,,,,,,,,,,,,,,0.0,0.0,0.0,0.0,0.0,,,,,,0.0,0.0,0.0,0.0,0.0,,,,,,,,,,,,,,,,,,,,,,,,,,,,,,,18000.0,0.0,0.0,0.0,4.0,0.0,0.0,0.0,0.0,0.0,,,,,
2012,NEBRASKA,0.0,0.0,0.0,0.0,0.0,,,,,,,,,,,,,,,,,,,,,,,,,,,,,,,,,,,,,,,,,,,,,,,,,,,,,,,,,,,,,,,,,,,,,,,,,,,,,,,,,,,,,,,,,,,,,,,,,,,,,,,,,,,,,,,,,,,,,,,,,0.0,0.0,0.0,0.0,0.0,,,,,,0.0,0.0,0.0,0.0,0.0,,,,,,,,,,,,,,,,,,,,,,,,,,,,,,,23000.0,0.0,0.0,0.0,5.0,0.0,0.0,0.0,0.0,0.0,,,,,
2012,NORTH CAROLINA,0.0,0.0,0.0,0.0,0.0,,,,,,,,,,,,,,,,,,,,,,,,,,,,,,,,,,,,,,,,,,,,,,,,,,,,,,,,,,,,,,,,,,,,,,,,,,,,,,,,,,,,,,,,,,,,,,,,,,,,,,,,,,,,,,,,,,,,,,,,,0.0,0.0,0.0,0.0,0.0,,,,,,0.0,0.0,0.0,0.0,0.0,,,,,,,,,,,,,,,,,,,,,0.0,0.0,0.0,0.0,0.0,,,,,,29000.0,0.0,0.0,0.0,14.0,,,,,,,,,,
2012,OHIO,10000.0,0.066,0.066,1.0,3.0,,,,,,,,,,,,,,,,,,,,,,,,,,,,,,,,,,,,,,,,,,,,,,,,,,,,,,,,,,,,,,,,,,,,,,,,,,,,,,,,,,,,,,,,,,,,,,,,,,,,,,,,,,,,,,,,,,,,,,,,,,,,,,,,,,,28000.0,0.116,0.145,1.3,4.0,,,,,,,,,,,,,,,,,,,,,0.0,0.0,0.0,0.0,0.0,,,,,,40000.0,0.0,0.0,0.0,8.0,,,,,,,,,,
2012,SOUTH DAKOTA,0.0,0.0,0.0,0.0,0.0,,,,,,,,,,,,,,,,,,,,,,,,,,0.0,0.0,0.0,0.0,0.0,,,,,,,,,,,,,,,,,,,,,,,,,,,,,,,,,,,,,,,,,,,,,,,,,,,,,,,,,,,,,,,,,,,,,,,,,,,,,,,,,,,,,,,,,,,,,,,,,,,,,0.0,0.0,0.0,0.0,0.0,,,,,,,,,,,,,,,,,,,,,,,,,,,,,,,77000.0,0.0,0.0,0.0,5.0,,,,,,,,,,
2012,TENNESSEE,8000.0,0.085,0.085,1.0,8.0,,,,,,,,,,,,,,,,,,,,,,,,,,,,,,,,,,,,,,,,,,,,,,,,,,,,,,,,,,,,,,,,,,,,,,,,,,,,,,,,,,,,,,,,,,,,,,,,,,,,,,,,,,,,,,,,,,,,,,,,,13000.0,0.102,0.102,1.0,10.0,,,,,,6000.0,0.075,0.075,1.0,6.0,,,,,,,,,,,,,,,,,,,,,0.0,0.0,0.0,0.0,0.0,,,,,,33000.0,0.0,0.0,0.0,23.0,0.0,0.0,0.0,0.0,0.0,,,,,
2012,VIRGINIA,0.0,0.0,0.0,0.0,0.0,,,,,,,,,,,,,,,,,,,,,,,,,,,,,,,,,,,,,,,,,,,,,,,,,,,,,,,,,,,,,,,,,,,,,,,,,,,,,,,,,,,,,,,,,,,,,,,,,,,,,,,,,,,,,,,,,,,,,,,,,0.0,0.0,0.0,0.0,0.0,,,,,,5000.0,0.085,0.085,1.0,10.0,,,,,,,,,,,,,,,,0.0,0.0,0.0,0.0,0.0,3000.0,0.062,0.062,1.0,9.0,,,,,,17000.0,0.0,0.0,0.0,26.0,0.0,0.0,0.0,0.0,0.0,,,,,
2015,ARKANSAS,15000.0,0.099,0.11,1.1,4.0,,,,,,,,,,,,,,,,,,,,,,,,,,,,,,,,,,,,,,,,,,,,,,,,,,,0.0,0.0,0.0,0.0,0.0,,,,,,,,,,,,,,,,,,,,,,,,,,,,,,,,,,,,,,,,,,,,,,,,,,,,,,,,,,,,,,,,,,25000.0,0.124,0.134,1.1,6.0,0.0,0.0,0.0,0.0,0.0,,,,,,,,,,,,,,,,,,,,,,,,,,,,,,,,,,,,57000.0,0.0,0.0,0.0,10.0,0.0,0.0,0.0,0.0,0.0,,,,,
2015,ILLINOIS,17000.0,0.053,0.063,1.2,3.0,,,,,,,,,,,,,,,,,,,,,,,,,,,,,,,,,,,,,,,,,,,,,,,,,,,,,,,,,,,,,,,,,,,,,,,,,,,,0.0,0.0,0.0,0.0,0.0,22000.0,0.055,0.055,1.0,4.0,,,,,,,,,,,,,,,,,,,,,,,,,,,,,,,0.0,0.0,0.0,0.0,0.0,47000.0,0.097,0.108,1.1,4.0,0.0,0.0,0.0,0.0,0.0,53000.0,0.112,0.115,1.0,5.0,,,,,,,,,,,,,,,,0.0,0.0,0.0,0.0,0.0,0.0,0.0,0.0,0.0,0.0,,,,,,173000.0,0.0,0.0,0.0,12.0,0.0,0.0,0.0,0.0,0.0,,,,,
2015,INDIANA,27000.0,0.105,0.105,1.0,5.0,,,,,,,,,,,,,,,,,,,,,,,,,,,,,,,,,,,,,,,,,0.0,0.0,0.0,0.0,0.0,,,,,,0.0,0.0,0.0,0.0,0.0,,,,,,,,,,,,,,,,,,,,,,,,,,0.0,0.0,0.0,0.0,0.0,,,,,,,,,,,,,,,,,,,,,,,,,,,,,,,0.0,0.0,0.0,0.0,0.0,11000.0,0.092,0.092,1.0,2.0,,,,,,0.0,0.0,0.0,0.0,0.0,,,,,,,,,,,,,,,,,,,,,,,,,,,,,,,60000.0,0.0,0.0,0.0,8.0,0.0,0.0,0.0,0.0,0.0,,,,,
2015,IOWA,17000.0,0.07,0.07,1.0,3.0,,,,,,,,,,,,,,,,,,,,,,,,,,,,,,,,,,,,,,,,,0.0,0.0,0.0,0.0,0.0,,,,,,,,,,,,,,,,,,,,,,,,,,,,,,,0.0,0.0,0.0,0.0,0.0,35000.0,0.046,0.046,1.0,8.0,,,,,,,,,,,,,,,,,,,,,,,,,,,,,,,27000.0,0.09,0.09,1.0,3.0,44000.0,0.109,0.109,1.0,4.0,0.0,0.0,0.0,0.0,0.0,101000.0,0.104,0.104,1.0,10.0,,,,,,,,,,,,,,,,,,,,,,,,,,,,,,,235000.0,0.0,0.0,0.0,18.0,0.0,0.0,0.0,0.0,0.0,,,,,
2015,KANSAS,0.0,0.0,0.0,0.0,0.0,,,,,,,,,,,,,,,,,,,,,,,,,,,,,,,,,,,,,,,,,,,,,,,,,,,,,,,,,,,,,,,,,,,,,,,,,,,,,,,,,,,,,,,,,,,,,,,,,,,,,,,,,,,,,,,,,,,,,,,,,0.0,0.0,0.0,0.0,0.0,,,,,,,,,,,,,,,,,,,,,,,,,,,,,,,,,,,,,,,,,0.0,0.0,0.0,0.0,0.0,,,,,,,,,,
2015,KENTUCKY,19000.0,0.123,0.152,1.2,7.0,,,,,,,,,,,,,,,,,,,,,,,,,,,,,,,,,,,,,,,,,,,,,,,,,,,12000.0,0.078,0.095,1.2,7.0,,,,,,,,,,,,,,,,,,,,,,,,,,6000.0,0.048,0.054,1.1,6.0,,,,,,,,,,,,,,,,,,,,,,,,,,,,,,,,,,,,15000.0,0.113,0.113,1.0,7.0,,,,,,18000.0,0.097,0.105,1.1,9.0,,,,,,,,,,,,,,,,,,,,,0.0,0.0,0.0,0.0,0.0,,,,,,74000.0,0.0,0.0,0.0,20.0,,,,,,,,,,
2015,LOUISIANA,28000.0,0.116,0.117,1.0,17.0,,,,,,,,,,,,,,,,,,,,,,,,,,,,,,,,,,,,,,,,,0.0,0.0,0.0,0.0,0.0,,,,,,11000.0,0.085,0.086,1.0,9.0,,,,,,,,,,,,,,,,,,,,,,,,,,6000.0,0.044,0.044,1.0,10.0,,,,,,,,,,,,,,,,,,,,,,,,,,,,,,,0.0,0.0,0.0,0.0,0.0,24000.0,0.104,0.104,1.0,16.0,,,,,,19000.0,0.091,0.1,1.1,13.0,,,,,,,,,,,,,,,,0.0,0.0,0.0,0.0,0.0,0.0,0.0,0.0,0.0,0.0,0.0,0.0,0.0,0.0,0.0,107000.0,0.0,0.0,0.0,43.0,8000.0,0.074,0.074,1.0,8.0,,,,,
2015,MICHIGAN,0.0,0.0,0.0,0.0,0.0,,,,,,,,,,,,,,,,,,,,,0.0,0.0,0.0,0.0,0.0,,,,,,,,,,,,,,,,,,,,,,,,,,,,,,,,,,,,,,,,,,,,,,0.0,0.0,0.0,0.0,0.0,,,,,,0.0,0.0,0.0,0.0,0.0,,,,,,,,,,,,,,,,,,,,,0.0,0.0,0.0,0.0,0.0,,,,,,0.0,0.0,0.0,0.0,0.0,0.0,0.0,0.0,0.0,0.0,0.0,0.0,0.0,0.0,0.0,0.0,0.0,0.0,0.0,0.0,,,,,,,,,,,,,,,,0.0,0.0,0.0,0.0,0.0,,,,,,,,,,,63000.0,0.0,0.0,0.0,9.0,,,,,,,,,,
2015,MINNESOTA,0.0,0.0,0.0,0.0,0.0,,,,,,,,,,,,,,,,,,,,,0.0,0.0,0.0,0.0,0.0,,,,,,,,,,,,,,,,,,,,,,,,,,,,,,,,,,,,,,,,,,,,,,,,,,,0.0,0.0,0.0,0.0,0.0,16000.0,0.044,0.044,1.0,5.0,,,,,,,,,,,,,,,,,,,,,,,,,,,,,,,,,,,,17000.0,0.116,0.116,1.0,2.0,,,,,,39000.0,0.09,0.09,1.0,6.0,,,,,,,,,,,,,,,,0.0,0.0,0.0,0.0,0.0,0.0,0.0,0.0,0.0,0.0,,,,,,118000.0,0.0,0.0,0.0,11.0,0.0,0.0,0.0,0.0,0.0,,,,,
2015,MISSISSIPPI,41000.0,0.102,0.106,1.0,17.0,,,,,,,,,,,,,,,,,,,,,,,,,,,,,,,,,,,,,,,,,3000.0,0.028,0.028,1.0,4.0,,,,,,16000.0,0.067,0.072,1.1,10.0,,,,,,,,,,,,,,,,,,,,,,,,,,0.0,0.0,0.0,0.0,0.0,,,,,,,,,,,0.0,0.0,0.0,0.0,0.0,,,,,,0.0,0.0,0.0,0.0,0.0,,,,,,0.0,0.0,0.0,0.0,0.0,12000.0,0.096,0.096,1.0,5.0,0.0,0.0,0.0,0.0,0.0,8000.0,0.091,0.165,1.8,2.0,,,,,,,,,,,,,,,,0.0,0.0,0.0,0.0,0.0,0.0,0.0,0.0,0.0,0.0,,,,,,103000.0,0.0,0.0,0.0,25.0,8000.0,0.082,0.082,1.0,5.0,,,,,
2015,MISSOURI,0.0,0.0,0.0,0.0,0.0,,,,,,,,,,,,,,,,,,,,,,,,,,,,,,,,,,,,,,,,,,,,,,,,,,,,,,,,,,,,,,,,,,,,,,,,,,,,,,,,,0.0,0.0,0.0,0.0,0.0,,,,,,,,,,,,,,,,,,,,,,,,,,,,,,,0.0,0.0,0.0,0.0,0.0,,,,,,,,,,,0.0,0.0,0.0,0.0,0.0,,,,,,,,,,,,,,,,,,,,,,,,,,,,,,,0.0,0.0,0.0,0.0,0.0,,,,,,,,,,
2015,NEBRASKA,0.0,0.0,0.0,0.0,0.0,,,,,,,,,,,,,,,,,,,,,,,,,,,,,,,,,,,,,,,,,0.0,0.0,0.0,0.0,0.0,,,,,,,,,,,,,,,,,,,,,,,,,,,,,,,,,,,,0.0,0.0,0.0,0.0,0.0,,,,,,,,,,,,,,,,,,,,,,,,,,,,,,,0.0,0.0,0.0,0.0,0.0,0.0,0.0,0.0,0.0,0.0,,,,,,0.0,0.0,0.0,0.0,0.0,,,,,,,,,,,,,,,,,,,,,0.0,0.0,0.0,0.0,0.0,,,,,,44000.0,0.0,0.0,0.0,7.0,0.0,0.0,0.0,0.0,0.0,,,,,
2015,NORTH CAROLINA,12000.0,0.106,0.119,1.1,6.0,,,,,,,,,,,,,,,,,,,,,,,,,,,,,,,,,,,,,,,,,2000.0,0.036,0.036,1.0,3.0,,,,,,0.0,0.0,0.0,0.0,0.0,,,,,,,,,,,,,,,,,,,,,,,,,,,,,,,,,,,,,,,,,,,,,,,,,,,,,,,,,,,,,0.0,0.0,0.0,0.0,0.0,8000.0,0.11,0.11,1.0,4.0,,,,,,0.0,0.0,0.0,0.0,0.0,,,,,,,,,,,,,,,,,,,,,0.0,0.0,0.0,0.0,0.0,,,,,,64000.0,0.0,0.0,0.0,13.0,0.0,0.0,0.0,0.0,0.0,,,,,
2015,NORTH DAKOTA,0.0,0.0,0.0,0.0,0.0,,,,,,,,,,,,,,,,,,,,,0.0,0.0,0.0,0.0,0.0,,,,,,,,,,,,,,,,,,,,,,,,,,,,,,,,,,,,,,,,,,,,,,,,,,,,,,,,10000.0,0.042,0.042,1.0,4.0,,,,,,,,,,,,,,,,,,,,,,,,,,,,,,,0.0,0.0,0.0,0.0,0.0,0.0,0.0,0.0,0.0,0.0,,,,,,25000.0,0.093,0.093,1.0,5.0,,,,,,,,,,,,,,,,,,,,,,,,,,,,,,,79000.0,0.0,0.0,0.0,7.0,,,,,,,,,,
2015,OHIO,10000.0,0.077,0.077,1.0,3.0,,,,,,,,,,,,,,,,,,,,,,,,,,,,,,,,,,,,,,,,,,,,,,,,,,,,,,,,,,,,,,,,,,,,,,,,,,,,,,,,,0.0,0.0,0.0,0.0,0.0,,,,,,,,,,,,,,,,,,,,,,,,,,,,,,,,,,,,34000.0,0.116,0.116,1.0,6.0,,,,,,18000.0,0.111,0.111,1.0,3.0,,,,,,,,,,,,,,,,,,,,,,,,,,,,,,,67000.0,0.0,0.0,0.0,10.0,,,,,,,,,,
2015,SOUTH DAKOTA,0.0,0.0,0.0,0.0,0.0,,,,,,,,,,,,,,,,,,,,,,,,,,,,,,,,,,,,,,,,,,,,,,,,,,,,,,,,,,,,,,,,,,,,,,,,,,,,,,,,,0.0,0.0,0.0,0.0,0.0,,,,,,,,,,,,,,,,,,,,,,,,,,,,,,,,,,,,15000.0,0.089,0.089,1.0,3.0,,,,,,0.0,0.0,0.0,0.0,0.0,,,,,,,,,,,,,,,,,,,,,0.0,0.0,0.0,0.0,0.0,,,,,,33000.0,0.0,0.0,0.0,5.0,0.0,0.0,0.0,0.0,0.0,,,,,
2015,TENNESSEE,0.0,0.0,0.0,0.0,0.0,,,,,,,,,,,,,,,,,,,,,,,,,,,,,,,,,,,,,,,,,,,,,,,,,,,0.0,0.0,0.0,0.0,0.0,,,,,,,,,,,,,,,,,,,,,,,,,,3000.0,0.054,0.054,1.0,4.0,,,,,,,,,,,,,,,,,,,,,,,,,,,,,,,,,,,,0.0,0.0,0.0,0.0,0.0,,,,,,13000.0,0.105,0.105,1.0,7.0,,,,,,,,,,,,,,,,,,,,,0.0,0.0,0.0,0.0,0.0,,,,,,40000.0,0.0,0.0,0.0,15.0,0.0,0.0,0.0,0.0,0.0,,,,,
2015,VIRGINIA,7000.0,0.101,0.101,1.0,12.0,,,,,,,,,,,,,,,,,,,,,,,,,,,,,,,,,,,,,,,,,,,,,,,,,,,3000.0,0.069,0.069,1.0,7.0,,,,,,,,,,,,,,,,,,,,,,,,,,,,,,,,,,,,,,,,,,,,,,,,,,,,,,,,,,,,,,,,,,0.0,0.0,0.0,0.0,0.0,,,,,,0.0,0.0,0.0,0.0,0.0,,,,,,,,,,,,,,,,0.0,0.0,0.0,0.0,0.0,,,,,,0.0,0.0,0.0,0.0,0.0,19000.0,0.0,0.0,0.0,16.0,0.0,0.0,0.0,0.0,0.0,,,,,
2015,WISCONSIN,0.0,0.0,0.0,0.0,0.0,,,,,,,,,,,,,,,,,,,,,,,,,,,,,,,,,,,,,,,,,,,,,,,,,,,,,,,,,,,,,,,,,,,,,,,,,,,,,,,,,3000.0,0.053,0.053,1.0,3.0,,,,,,,,,,,,,,,,,,,,,,,,,,,,,,,0.0,0.0,0.0,0.0,0.0,10000.0,0.087,0.091,1.0,6.0,0.0,0.0,0.0,0.0,0.0,7000.0,0.108,0.108,1.0,3.0,,,,,,,,,,,,,,,,,,,,,,,,,,,,,,,30000.0,0.0,0.0,0.0,11.0,0.0,0.0,0.0,0.0,0.0,,,,,
2017,ARKANSAS,28000.0,0.125,0.128,1.0,6.0,,,,,,,,,,,,,,,,,,,,,,,,,,,,,,,,,,,,,,,,,0.0,0.0,0.0,0.0,0.0,,,,,,12000.0,0.087,0.09,1.0,4.0,,,,,,,,,,,,,,,,,,,,,,,,,,0.0,0.0,0.0,0.0,0.0,,,,,,,,,,,,,,,,,,,,,,,,,,,,,,,0.0,0.0,0.0,0.0,0.0,10000.0,0.078,0.078,1.0,4.0,0.0,0.0,0.0,0.0,0.0,0.0,0.0,0.0,0.0,0.0,,,,,,,,,,,,,,,,0.0,0.0,0.0,0.0,0.0,0.0,0.0,0.0,0.0,0.0,,,,,,76000.0,0.0,0.0,0.0,13.0,7000.0,0.074,0.074,1.0,3.0,,,,,
2017,ILLINOIS,45000.0,0.089,0.089,1.0,5.0,,,,,,,,,,,0.0,0.0,0.0,0.0,0.0,,,,,,,,,,,,,,,,0.0,0.0,0.0,0.0,0.0,,,,,,15000.0,0.04,0.044,1.1,3.0,,,,,,0.0,0.0,0.0,0.0,0.0,,,,,,,,,,,,,,,,,,,,,0.0,0.0,0.0,0.0,0.0,43000.0,0.061,0.061,1.0,7.0,,,,,,,,,,,,,,,,,,,,,,,,,,,,,,,53000.0,0.128,0.141,1.1,4.0,0.0,0.0,0.0,0.0,0.0,17000.0,0.07,0.07,1.0,2.0,121000.0,0.132,0.132,1.0,9.0,,,,,,,,,,,,,,,,0.0,0.0,0.0,0.0,0.0,0.0,0.0,0.0,0.0,0.0,,,,,,399000.0,0.0,0.0,0.0,22.0,50000.0,0.209,0.209,1.0,2.0,,,,,
2017,INDIANA,23000.0,0.097,0.097,1.0,4.0,,,,,,,,,,,0.0,0.0,0.0,0.0,0.0,,,,,,,,,,,,,,,,,,,,,,,,,,,,,,,,,,,,0.0,0.0,0.0,0.0,0.0,,,,,,,,,,,,,,,,,,,,,0.0,0.0,0.0,0.0,0.0,15000.0,0.044,0.058,1.3,4.0,,,,,,,,,,,,,,,,0.0,0.0,0.0,0.0,0.0,0.0,0.0,0.0,0.0,0.0,,,,,,0.0,0.0,0.0,0.0,0.0,0.0,0.0,0.0,0.0,0.0,0.0,0.0,0.0,0.0,0.0,47000.0,0.106,0.143,1.3,6.0,,,,,,,,,,,,,,,,0.0,0.0,0.0,0.0,0.0,0.0,0.0,0.0,0.0,0.0,,,,,,209000.0,0.0,0.0,0.0,16.0,15000.0,0.086,0.093,1.1,3.0,,,,,
2017,IOWA,29000.0,0.103,0.155,1.5,2.0,,,,,,,,,,,0.0,0.0,0.0,0.0,0.0,,,,,,,,,,,,,,,,,,,,,,,,,,0.0,0.0,0.0,0.0,0.0,,,,,,,,,,,,,,,,,,,,,,,,,,,,,,,,,,,,53000.0,0.051,0.051,1.0,11.0,,,,,,,,,,,,,,,,,,,,,,,,,,,,,,,0.0,0.0,0.0,0.0,0.0,26000.0,0.1,0.156,1.6,2.0,0.0,0.0,0.0,0.0,0.0,135000.0,0.115,0.115,1.0,12.0,,,,,,,,,,,,,,,,,,,,,,,,,,,,,,,280000.0,0.0,0.0,0.0,17.0,0.0,0.0,0.0,0.0,0.0,,,,,
2017,KANSAS,0.0,0.0,0.0,0.0,0.0,,,,,,,,,,,,,,,,,,,,,,,,,,,,,,,,,,,,,,,,,,,,,,,,,,,,,,,,,,,,,,,,,,,,,,,,,,,,,,,,,,,,,,,,,,,,,,,,,,,,,,,,,,,,,,,,,,,,,,,,,0.0,0.0,0.0,0.0,0.0,,,,,,,,,,,,,,,,,,,,,,,,,,0.0,0.0,0.0,0.0,0.0,0.0,0.0,0.0,0.0,0.0,,,,,,22000.0,0.0,0.0,0.0,4.0,0.0,0.0,0.0,0.0,0.0,,,,,
2017,KENTUCKY,6000.0,0.091,0.091,1.0,4.0,,,,,,,,,,,,,,,,0.0,0.0,0.0,0.0,0.0,,,,,,,,,,,,,,,,,,,,,0.0,0.0,0.0,0.0,0.0,,,,,,4000.0,0.057,0.057,1.0,4.0,,,,,,,,,,,,,,,,,,,,,,,,,,7000.0,0.044,0.044,1.0,8.0,,,,,,,,,,,,,,,,0.0,0.0,0.0,0.0,0.0,0.0,0.0,0.0,0.0,0.0,,,,,,0.0,0.0,0.0,0.0,0.0,3000.0,0.109,0.109,1.0,2.0,0.0,0.0,0.0,0.0,0.0,27000.0,0.1,0.11,1.1,13.0,,,,,,,,,,,,,,,,0.0,0.0,0.0,0.0,0.0,,,,,,,,,,,55000.0,0.0,0.0,0.0,21.0,0.0,0.0,0.0,0.0,0.0,,,,,
2017,MICHIGAN,0.0,0.0,0.0,0.0,0.0,,,,,,,,,,,,,,,,,,,,,,,,,,,,,,,0.0,0.0,0.0,0.0,0.0,,,,,,0.0,0.0,0.0,0.0,0.0,,,,,,,,,,,,,,,,,,,,,,,,,,,,,,,,,,,,0.0,0.0,0.0,0.0,0.0,,,,,,,,,,,,,,,,,,,,,,,,,,,,,,,0.0,0.0,0.0,0.0,0.0,0.0,0.0,0.0,0.0,0.0,0.0,0.0,0.0,0.0,0.0,0.0,0.0,0.0,0.0,0.0,,,,,,,,,,,,,,,,,,,,,,,,,,,,,,,24000.0,0.0,0.0,0.0,7.0,0.0,0.0,0.0,0.0,0.0,,,,,
2017,MINNESOTA,32000.0,0.086,0.086,1.0,5.0,,,,,,,,,,,0.0,0.0,0.0,0.0,0.0,,,,,,,,,,,,,,,,,,,,,,,,,,,,,,,,,,,,,,,,,,,,,,,,,,,,,,,,,,,,,,,,,,36000.0,0.067,0.067,1.0,7.0,,,,,,,,,,,,,,,,,,,,,,,,,,,,,,,0.0,0.0,0.0,0.0,0.0,31000.0,0.104,0.104,1.0,4.0,0.0,0.0,0.0,0.0,0.0,81000.0,0.142,0.142,1.0,7.0,,,,,,,,,,,,,,,,,,,,,,,,,,,,,,,203000.0,0.0,0.0,0.0,13.0,0.0,0.0,0.0,0.0,0.0,,,,,
2017,MISSISSIPPI,64000.0,0.098,0.098,1.0,30.0,,,,,,,,,,,,,,,,,,,,,,,,,,,,,,,,,,,,,,,,,7000.0,0.03,0.032,1.0,10.0,,,,,,26000.0,0.071,0.071,1.0,17.0,,,,,,,,,,,,,,,,,,,,,,,,,,0.0,0.0,0.0,0.0,0.0,,,,,,,,,,,,,,,,,,,,,,,,,,,,,,,0.0,0.0,0.0,0.0,0.0,20000.0,0.105,0.105,1.0,9.0,0.0,0.0,0.0,0.0,0.0,0.0,0.0,0.0,0.0,0.0,,,,,,,,,,,,,,,,,,,,,0.0,0.0,0.0,0.0,0.0,,,,,,135000.0,0.0,0.0,0.0,40.0,6000.0,0.063,0.063,1.0,4.0,,,,,
2017,MISSOURI,27000.0,0.084,0.084,1.0,5.0,,,,,,,,,,,,,,,,,,,,,,,,,,,,,,,,,,,,,,,,,0.0,0.0,0.0,0.0,0.0,,,,,,0.0,0.0,0.0,0.0,0.0,,,,,,,,,,,,,,,,,,,,,,,,,,0.0,0.0,0.0,0.0,0.0,,,,,,,,,,,,,,,,,,,,,,,,,,,,,,,0.0,0.0,0.0,0.0,0.0,16000.0,0.077,0.077,1.0,3.0,,,,,,0.0,0.0,0.0,0.0,0.0,,,,,,,,,,,,,,,,,,,,,,,,,,,,,,,102000.0,0.0,0.0,0.0,12.0,0.0,0.0,0.0,0.0,0.0,,,,,
2017,NEBRASKA,0.0,0.0,0.0,0.0,0.0,,,,,,,,,,,0.0,0.0,0.0,0.0,0.0,,,,,,,,,,,,,,,,,,,,,,,,,,,,,,,,,,,,0.0,0.0,0.0,0.0,0.0,,,,,,,,,,,,,,,,,,,,,,,,,,15000.0,0.048,0.048,1.0,5.0,,,,,,,,,,,,,,,,,,,,,,,,,,,,,,,,,,,,0.0,0.0,0.0,0.0,0.0,0.0,0.0,0.0,0.0,0.0,35000.0,0.106,0.106,1.0,6.0,,,,,,,,,,,,,,,,0.0,0.0,0.0,0.0,0.0,0.0,0.0,0.0,0.0,0.0,,,,,,105000.0,0.0,0.0,0.0,9.0,0.0,0.0,0.0,0.0,0.0,,,,,
2017,NORTH CAROLINA,9000.0,0.097,0.097,1.0,6.0,,,,,,,,,,,,,,,,,,,,,,,,,,,,,,,,,,,,,,,,,2000.0,0.028,0.028,1.0,4.0,,,,,,5000.0,0.072,0.072,1.0,4.0,,,,,,,,,,,,,,,,,,,,,,,,,,6000.0,0.076,0.085,1.1,4.0,,,,,,,,,,,,,,,,,,,,,,,,,,,,,,,0.0,0.0,0.0,0.0,0.0,0.0,0.0,0.0,0.0,0.0,3000.0,0.036,0.036,1.0,5.0,13000.0,0.148,0.166,1.1,5.0,,,,,,,,,,,,,,,,0.0,0.0,0.0,0.0,0.0,,,,,,,,,,,52000.0,0.0,0.0,0.0,18.0,8000.0,0.104,0.104,1.0,5.0,,,,,
2017,NORTH DAKOTA,0.0,0.0,0.0,0.0,0.0,,,,,,,,,,,,,,,,,,,,,,,,,,,,,,,,,,,,,,,,,,,,,,,,,,,,,,,,,,,,,,,,,,,,,,,,,,,,,,,,,14000.0,0.047,0.047,1.0,4.0,0.0,0.0,0.0,0.0,0.0,,,,,,,,,,,,,,,,,,,,,,,,,,0.0,0.0,0.0,0.0,0.0,0.0,0.0,0.0,0.0,0.0,,,,,,35000.0,0.107,0.107,1.0,5.0,,,,,,,,,,,,,,,,,,,,,0.0,0.0,0.0,0.0,0.0,,,,,,82000.0,0.0,0.0,0.0,6.0,0.0,0.0,0.0,0.0,0.0,,,,,
2017,OHIO,26000.0,0.077,0.077,1.0,7.0,,,,,,,,,,,0.0,0.0,0.0,0.0,0.0,,,,,,,,,,,,,,,,,,,,,,,,,,0.0,0.0,0.0,0.0,0.0,,,,,,,,,,,,,,,,,,,,,,,,,,,,,,,0.0,0.0,0.0,0.0,0.0,10000.0,0.039,0.039,1.0,5.0,,,,,,,,,,,,,,,,,,,,,,,,,,,,,,,16000.0,0.097,0.114,1.2,3.0,35000.0,0.1,0.1,1.0,7.0,0.0,0.0,0.0,0.0,0.0,20000.0,0.077,0.077,1.0,5.0,,,,,,,,,,,,,,,,,,,,,0.0,0.0,0.0,0.0,0.0,,,,,,126000.0,0.0,0.0,0.0,18.0,0.0,0.0,0.0,0.0,0.0,,,,,
2017,SOUTH DAKOTA,0.0,0.0,0.0,0.0,0.0,,,,,,,,,,,,,,,,,,,,,,,,,,,,,,,,,,,,,,,,,,,,,,,,,,,,,,,,,,,,,0.0,0.0,0.0,0.0,0.0,,,,,,,,,,,,,,,,,,,,,,,,,,,,,,,,,,,,,,,,,,,,,,,,,,,0.0,0.0,0.0,0.0,0.0,0.0,0.0,0.0,0.0,0.0,,,,,,,,,,,,,,,,,,,,,,,,,,,,,,,,,,,,,,,,,18000.0,0.0,0.0,0.0,3.0,,,,,,,,,,
2017,WISCONSIN,0.0,0.0,0.0,0.0,0.0,,,,,,,,,,,,,,,,,,,,,0.0,0.0,0.0,0.0,0.0,,,,,,0.0,0.0,0.0,0.0,0.0,,,,,,0.0,0.0,0.0,0.0,0.0,,,,,,,,,,,,,,,,,,,,,0.0,0.0,0.0,0.0,0.0,,,,,,,,,,,4000.0,0.047,0.047,1.0,4.0,,,,,,,,,,,0.0,0.0,0.0,0.0,0.0,,,,,,,,,,,,,,,,0.0,0.0,0.0,0.0,0.0,0.0,0.0,0.0,0.0,0.0,0.0,0.0,0.0,0.0,0.0,8000.0,0.094,0.094,1.0,4.0,0.0,0.0,0.0,0.0,0.0,,,,,,,,,,,,,,,,0.0,0.0,0.0,0.0,0.0,,,,,,47000.0,0.0,0.0,0.0,14.0,0.0,0.0,0.0,0.0,0.0,,,,,
2018,ARKANSAS,71000.0,0.236,0.236,1.0,9.0,,,,,,,,,,,,,,,,,,,,,,,,,,,,,,,,,,,,,,,,,0.0,0.0,0.0,0.0,0.0,,,,,,22000.0,0.097,0.097,1.0,7.0,,,,,,,,,,,,,,,,,,,,,,,,,,37000.0,0.321,0.321,1.0,4.0,,,,,,,,,,,0.0,0.0,0.0,0.0,0.0,,,,,,,,,,,,,,,,0.0,0.0,0.0,0.0,0.0,0.0,0.0,0.0,0.0,0.0,0.0,0.0,0.0,0.0,0.0,74000.0,0.643,0.643,1.0,4.0,,,,,,,,,,,,,,,,,,,,,50000.0,0.439,0.439,1.0,4.0,,,,,,328000.0,0.0,0.0,0.0,17.0,0.0,0.0,0.0,0.0,0.0,,,,,
2018,ILLINOIS,110000.0,0.117,0.117,1.0,9.0,,,,,,,,,,,0.0,0.0,0.0,0.0,0.0,,,,,,,,,,,,,,,,,,,,,,,,,,0.0,0.0,0.0,0.0,0.0,,,,,,0.0,0.0,0.0,0.0,0.0,,,,,,,,,,,,,,,,,,,,,,,,,,41000.0,0.051,0.051,1.0,8.0,,,,,,,,,,,,,,,,,,,,,0.0,0.0,0.0,0.0,0.0,,,,,,174000.0,0.326,0.326,1.0,5.0,69000.0,0.12,0.12,1.0,5.0,0.0,0.0,0.0,0.0,0.0,83000.0,0.102,0.102,1.0,8.0,,,,,,,,,,,,,,,,0.0,0.0,0.0,0.0,0.0,42000.0,0.074,0.074,1.0,5.0,,,,,,643000.0,0.0,0.0,0.0,24.0,0.0,0.0,0.0,0.0,0.0,,,,,
2018,INDIANA,47000.0,0.115,0.115,1.0,7.0,,,,,,,,,,,0.0,0.0,0.0,0.0,0.0,,,,,,,,,,,,,,,,,,,,,,,,,,0.0,0.0,0.0,0.0,0.0,,,,,,0.0,0.0,0.0,0.0,0.0,,,,,,,,,,,,,,,,,,,,,,,,,,0.0,0.0,0.0,0.0,0.0,,,,,,,,,,,,,,,,,,,,,,,,,,,,,,,0.0,0.0,0.0,0.0,0.0,31000.0,0.073,0.073,1.0,7.0,0.0,0.0,0.0,0.0,0.0,0.0,0.0,0.0,0.0,0.0,,,,,,,,,,,,,,,,,,,,,0.0,0.0,0.0,0.0,0.0,,,,,,172000.0,0.0,0.0,0.0,18.0,8000.0,0.035,0.035,1.0,4.0,,,,,
2018,IOWA,56000.0,0.104,0.104,1.0,5.0,,,,,,,,,,,0.0,0.0,0.0,0.0,0.0,,,,,,,,,,,,,,,,,,,,,,,,,,,,,,,,,,,,,,,,,,,,,,,,,,,,,,,,,,,,,0.0,0.0,0.0,0.0,0.0,25000.0,0.047,0.047,1.0,5.0,,,,,,,,,,,,,,,,,,,,,,,,,,,,,,,0.0,0.0,0.0,0.0,0.0,64000.0,0.104,0.104,1.0,6.0,0.0,0.0,0.0,0.0,0.0,126000.0,0.133,0.133,1.0,9.0,,,,,,,,,,,,,,,,0.0,0.0,0.0,0.0,0.0,32000.0,0.065,0.065,1.0,5.0,,,,,,357000.0,0.0,0.0,0.0,19.0,0.0,0.0,0.0,0.0,0.0,,,,,
2018,KANSAS,0.0,0.0,0.0,0.0,0.0,,,,,,,,,,,0.0,0.0,0.0,0.0,0.0,,,,,,,,,,,0.0,0.0,0.0,0.0,0.0,,,,,,,,,,,0.0,0.0,0.0,0.0,0.0,,,,,,,,,,,0.0,0.0,0.0,0.0,0.0,,,,,,,,,,,,,,,,,,,,,0.0,0.0,0.0,0.0,0.0,,,,,,,,,,,,,,,,,,,,,,,,,,,,,,,0.0,0.0,0.0,0.0,0.0,0.0,0.0,0.0,0.0,0.0,,,,,,0.0,0.0,0.0,0.0,0.0,,,,,,,,,,,,,,,,,,,,,0.0,0.0,0.0,0.0,0.0,,,,,,109000.0,0.0,0.0,0.0,11.0,,,,,,,,,,
2018,KENTUCKY,0.0,0.0,0.0,0.0,0.0,,,,,,,,,,,,,,,,,,,,,,,,,,,,,,,,,,,,,,,,,,,,,,,,,,,,,,,,,,,,,,,,,,,,,,,,,,,,0.0,0.0,0.0,0.0,0.0,0.0,0.0,0.0,0.0,0.0,,,,,,,,,,,,,,,,,,,,,,,,,,,,,,,,,,,,0.0,0.0,0.0,0.0,0.0,0.0,0.0,0.0,0.0,0.0,0.0,0.0,0.0,0.0,0.0,,,,,,,,,,,0.0,0.0,0.0,0.0,0.0,,,,,,0.0,0.0,0.0,0.0,0.0,,,,,,32000.0,0.0,0.0,0.0,12.0,0.0,0.0,0.0,0.0,0.0,,,,,
2018,LOUISIANA,72000.0,0.167,0.171,1.0,32.0,,,,,,,,,,,0.0,0.0,0.0,0.0,0.0,,,,,,,,,,,,,,,,,,,,,,,,,,0.0,0.0,0.0,0.0,0.0,,,,,,30000.0,0.123,0.123,1.0,18.0,,,,,,,,,,,,,,,,,,,,,,,,,,4000.0,0.061,0.061,1.0,5.0,,,,,,,,,,,0.0,0.0,0.0,0.0,0.0,,,,,,,,,,,,,,,,,,,,,13000.0,0.077,0.082,1.1,12.0,0.0,0.0,0.0,0.0,0.0,8000.0,0.122,0.122,1.0,5.0,,,,,,,,,,,,,,,,0.0,0.0,0.0,0.0,0.0,0.0,0.0,0.0,0.0,0.0,0.0,0.0,0.0,0.0,0.0,659000.0,0.0,0.0,0.0,46.0,393000.0,3.563,3.563,1.0,8.0,,,,,
2018,MINNESOTA,42000.0,0.095,0.095,1.0,6.0,,,,,,,,,,,0.0,0.0,0.0,0.0,0.0,,,,,,,,,,,,,,,,,,,,,,,,,,,,,,,,,,,,,,,,,,,,,,,,,,,,,,,,,,,,,0.0,0.0,0.0,0.0,0.0,26000.0,0.048,0.048,1.0,7.0,,,,,,0.0,0.0,0.0,0.0,0.0,,,,,,,,,,,,,,,,,,,,,0.0,0.0,0.0,0.0,0.0,49000.0,0.098,0.098,1.0,6.0,0.0,0.0,0.0,0.0,0.0,99000.0,0.12,0.12,1.0,11.0,,,,,,,,,,,,,,,,,,,,,31000.0,0.066,0.066,1.0,6.0,,,,,,299000.0,0.0,0.0,0.0,21.0,0.0,0.0,0.0,0.0,0.0,,,,,
2018,MISSISSIPPI,70000.0,0.143,0.143,1.0,22.0,,,,,,,,,,,,,,,,,,,,,0.0,0.0,0.0,0.0,0.0,31000.0,0.482,0.482,1.0,3.0,,,,,,,,,,,0.0,0.0,0.0,0.0,0.0,,,,,,33000.0,0.12,0.12,1.0,12.0,,,,,,,,,,,,,,,,,,,,,,,,,,0.0,0.0,0.0,0.0,0.0,,,,,,0.0,0.0,0.0,0.0,0.0,0.0,0.0,0.0,0.0,0.0,,,,,,,,,,,,,,,,0.0,0.0,0.0,0.0,0.0,22000.0,0.131,0.131,1.0,8.0,,,,,,11000.0,0.118,0.134,1.1,4.0,,,,,,,,,0.0,0.0,,,,,,0.0,0.0,0.0,0.0,0.0,6000.0,0.09,0.109,1.2,2.0,0.0,0.0,0.0,0.0,0.0,291000.0,0.0,0.0,0.0,35.0,17000.0,0.152,0.152,1.0,5.0,0.0,0.0,0.0,0.0,0.0
2018,MISSOURI,0.0,0.0,0.0,0.0,0.0,,,,,,,,,,,,,,,,,,,,,,,,,,,,,,,,,,,,,,,,,0.0,0.0,0.0,0.0,0.0,0.0,0.0,0.0,0.0,0.0,0.0,0.0,0.0,0.0,0.0,,,,,,,,,,,,,,,,,,,,,,,,,,0.0,0.0,0.0,0.0,0.0,,,,,,,,,,,,,,,,,,,,,0.0,0.0,0.0,0.0,0.0,,,,,,0.0,0.0,0.0,0.0,0.0,,,,,,0.0,0.0,0.0,0.0,0.0,0.0,0.0,0.0,0.0,0.0,,,,,,,,,,,,,,,,0.0,0.0,0.0,0.0,0.0,0.0,0.0,0.0,0.0,0.0,,,,,,201000.0,0.0,0.0,0.0,6.0,0.0,0.0,0.0,0.0,0.0,,,,,
2018,NEBRASKA,0.0,0.0,0.0,0.0,0.0,,,,,,,,,,,0.0,0.0,0.0,0.0,0.0,,,,,,,,,,,,,,,,,,,,,0.0,0.0,0.0,0.0,0.0,,,,,,,,,,,,,,,,,,,,,,,,,,,,,,,,,,,,,,,,,12000.0,0.052,0.052,1.0,4.0,,,,,,,,,,,,,,,,,,,,,0.0,0.0,0.0,0.0,0.0,,,,,,,,,,,0.0,0.0,0.0,0.0,0.0,,,,,,35000.0,0.092,0.092,1.0,7.0,,,,,,,,,,,,,,,,,,,,,0.0,0.0,0.0,0.0,0.0,,,,,,244000.0,0.0,0.0,0.0,13.0,,,,,,,,,,
2018,NORTH CAROLINA,12000.0,0.106,0.106,1.0,7.0,,,,,,,,,,,,,,,,,,,,,,,,,,,,,,,,,,,,,,,,,0.0,0.0,0.0,0.0,0.0,,,,,,7000.0,0.067,0.067,1.0,6.0,,,,,,,,,,,,,,,,,,,,,,,,,,,,,,,,,,,,,,,,,,,,,,,,,,,,,,,,,,,,,0.0,0.0,0.0,0.0,0.0,,,,,,0.0,0.0,0.0,0.0,0.0,,,,,,,,,,,,,,,,,,,,,0.0,0.0,0.0,0.0,0.0,0.0,0.0,0.0,0.0,0.0,,,,,,33000.0,0.0,0.0,0.0,14.0,0.0,0.0,0.0,0.0,0.0,,,,,
2018,OHIO,62000.0,0.174,0.174,1.0,7.0,,,,,,,,,,,5000.0,0.026,0.026,1.0,4.0,,,,,,,,,,,,,,,,,,,,,,,,,,,,,,,,,,,,,,,,,,,,,,,,,,,,,,,,,,,,,0.0,0.0,0.0,0.0,0.0,0.0,0.0,0.0,0.0,0.0,,,,,,,,,,,,,,,,,,,,,0.0,0.0,0.0,0.0,0.0,,,,,,0.0,0.0,0.0,0.0,0.0,24000.0,0.108,0.108,1.0,4.0,0.0,0.0,0.0,0.0,0.0,0.0,0.0,0.0,0.0,0.0,,,,,,,,,,,,,,,,0.0,0.0,0.0,0.0,0.0,0.0,0.0,0.0,0.0,0.0,,,,,,123000.0,0.0,0.0,0.0,11.0,,,,,,,,,,
2018,SOUTH DAKOTA,0.0,0.0,0.0,0.0,0.0,,,,,,,,,,,,,,,,,,,,,0.0,0.0,0.0,0.0,0.0,,,,,,,,,,,,,,,,,,,,,,,,,,,,,,,,,,,,,,,,,,,,,,,,,,,,,,,,,,,,,,,,,,,,,,,,,,,,,,,,,,,,,,,,,,,,,,,,0.0,0.0,0.0,0.0,0.0,,,,,,,,,,,,,,,,,,,,,,,,,,,,,,,,,,,,,,,,,0.0,0.0,0.0,0.0,0.0,,,,,,,,,,
2018,TENNESSEE,7000.0,0.088,0.088,1.0,5.0,,,,,,,,,,,,,,,,,,,,,,,,,,0.0,0.0,0.0,0.0,0.0,,,,,,,,,,,0.0,0.0,0.0,0.0,0.0,,,,,,0.0,0.0,0.0,0.0,0.0,,,,,,,,,,,,,,,,,,,,,,,,,,2000.0,0.035,0.04,1.1,3.0,,,,,,,,,,,,,,,,,,,,,0.0,0.0,0.0,0.0,0.0,,,,,,0.0,0.0,0.0,0.0,0.0,0.0,0.0,0.0,0.0,0.0,0.0,0.0,0.0,0.0,0.0,4000.0,0.071,0.079,1.1,3.0,,,,,,,,,,,,,,,,0.0,0.0,0.0,0.0,0.0,0.0,0.0,0.0,0.0,0.0,,,,,,37000.0,0.0,0.0,0.0,14.0,0.0,0.0,0.0,0.0,0.0,,,,,
2018,VIRGINIA,4000.0,0.099,0.099,1.0,7.0,,,,,,0.0,0.0,0.0,0.0,0.0,0.0,0.0,0.0,0.0,0.0,,,,,,,,,,,,,,,,,,,,,,,,,,0.0,0.0,0.0,0.0,0.0,,,,,,1000.0,0.063,0.063,1.0,3.0,,,,,,,,,,,,,,,,,,,,,,,,,,0.0,0.0,0.0,0.0,0.0,,,,,,,,,,,0.0,0.0,0.0,0.0,0.0,,,,,,,,,,,,,,,,0.0,0.0,0.0,0.0,0.0,0.0,0.0,0.0,0.0,0.0,0.0,0.0,0.0,0.0,0.0,0.0,0.0,0.0,0.0,0.0,,,,,,,,,,,,,,,,,,,,,0.0,0.0,0.0,0.0,0.0,,,,,,33000.0,0.0,0.0,0.0,24.0,0.0,0.0,0.0,0.0,0.0,,,,,
2018,WISCONSIN,0.0,0.0,0.0,0.0,0.0,,,,,,,,,,,0.0,0.0,0.0,0.0,0.0,,,,,,,,,,,,,,,,,,,,,,,,,,,,,,,,,,,,0.0,0.0,0.0,0.0,0.0,,,,,,,,,,,0.0,0.0,0.0,0.0,0.0,,,,,,0.0,0.0,0.0,0.0,0.0,0.0,0.0,0.0,0.0,0.0,,,,,,,,,,,0.0,0.0,0.0,0.0,0.0,,,,,,,,,,,,,,,,0.0,0.0,0.0,0.0,0.0,0.0,0.0,0.0,0.0,0.0,,,,,,0.0,0.0,0.0,0.0,0.0,0.0,0.0,0.0,0.0,0.0,,,,,,,,,,,,,,,,0.0,0.0,0.0,0.0,0.0,,,,,,49000.0,0.0,0.0,0.0,14.0,0.0,0.0,0.0,0.0,0.0,,,,,
2018,MICHIGAN,,,,,,,,,0.0,0.0,,,,,,,,,,,,,,,,,,,,,,,,,,,,,,,,,,,,,,,,,,,,,,,,,,,,,,,,,,,,,,,,,,,,,,,,,,,,,,,,,,,,,,,,,,,,,,,,,,,,,,,,,,,,,,,,,,,,0.0,0.0,0.0,0.0,0.0,0.0,0.0,0.0,0.0,0.0,,,,,,,,,,,,,,,,,,,,,,,,,,,,,,,,,,,,0.0,0.0,0.0,0.0,0.0,0.0,0.0,0.0,0.0,0.0,,,,,
2018,NORTH DAKOTA,,,,,,,,,,,,,,,,,,,,,,,,,,,,,,,,,,,,,,,,,,,,,,,,,,,,,,,,,,,,,,,,,,,,,,,,,,,,,,,,,,,,,,0.0,0.0,0.0,0.0,0.0,,,,,,,,,,,,,,,,,,,,,,,,,,,,,,,0.0,0.0,0.0,0.0,0.0,,,,,,,,,,,0.0,0.0,0.0,0.0,0.0,,,,,,,,,,,,,,,,,,,,,,,,,,,,,,,0.0,0.0,0.0,0.0,0.0,,,,,,,,,,
2012,NORTH DAKOTA,,,,,,,,,,,,,,,,,,,,,,,,,,,,,,,,,,,,,,,,,,,,,,,,,,,,,,,,,,,,,,,,,,,,,,,,,,,,,,,,,,,,,,,,,,,,,,,,,,,,,,,,,,0.0,0.0,0.0,0.0,0.0,,,,,,,,,,,,,,,,0.0,0.0,0.0,0.0,0.0,,,,,,0.0,0.0,0.0,0.0,0.0,,,,,,,,,,,,,,,,,,,,,,,,,,,,,,,17000.0,0.0,0.0,0.0,3.0,0.0,0.0,0.0,0.0,0.0,,,,,
2012,WISCONSIN,,,,,,,,,,,,,,,,,,,,,,,,,,,,,,,,,,,,,,,,,,,,,,,,,,,,,,,,,,,,,,,,,,,,,,,,,,,,,,,,,,,,,,,,,,,,,,,,,,,,,,,,,,,,,,,,,,,,,,,,,,,,,,0.0,0.0,0.0,0.0,0.0,,,,,,0.0,0.0,0.0,0.0,0.0,,,,,,,,,,,,,,,,,,,,,,,,,,,,,,,8000.0,0.0,0.0,0.0,5.0,0.0,0.0,0.0,0.0,0.0,,,,,
2006,ILLINOIS,,,,,,,,,,,,,,,,,,,,,,,,,,,,,,,,,,,,,,,,,,,,,,,,,,,,,,,,,,,,,,,,,,,,,,,,,,,,,,,,,,,,,,,,,,,,,,,,,,,,,,,,,,,,,,,,,,,,,,,,,,,,,,,,,,,,,,,,11000.0,0.098,0.098,1.0,1.0,,,,,,,,,,,,,,,,,,,,,,,,,,,,,,,12000.0,0.0,0.0,0.0,2.0,,,,,,,,,,
2006,MISSOURI,,,,,,,,,,,,,,,,,,,,,,,,,,,,,,,,,,,,,,,,,,,,,,,,,,,,,,,,,,,,,,,,,,,,,,,,,,,,,,,,,,,,,,,,,,,,,,,,,,,,,,,,,,,,,,,,,,,,,,,,,,,,,,,,,,,,,,,,27000.0,0.098,0.107,1.1,5.0,,,,,,,,,,,,,,,,,,,,,,,,,,,,,,,70000.0,0.0,0.0,0.0,6.0,,,,,,,,,,
2006,OHIO,,,,,,,,,,,,,,,,,,,,,,,,,,,,,,,,,,,,,,,,,,,,,,,,,,,,,,,,,,,,,,,,,,,,,,,,,,,,,,,,,,,,,,,,,,,,,,,,,,,,,,,,,,,,,,,,,,,,,,,,,,,,,,,,,,,,,,,,13000.0,0.095,0.095,1.0,3.0,,,,,,,,,,,,,,,,,,,,,,,,,,,,,,,19000.0,0.0,0.0,0.0,4.0,,,,,,,,,,
2000,LOUISIANA,,,,,,,,,,,,,,,,,,,,,,,,,,,,,,,,,,,,,,,,,,,,,,,,,,,,,,,,,,,,,,,,,,,,,,,,,,,,,,,,,,,,,,,,,,,,,,,,,,,,,,,,,,,,,,,,,,,,,,,,,,,,,,,,,,,,,,,,,,,,,,,,,,,,,,,,,,,,,,,,,,,,,,,,,,,2000.0,0.0,0.0,0.0,5.0,,,,,,,,,,
2004,OHIO,,,,,,,,,,,,,,,,,,,,,,,,,,,,,,,,,,,,,,,,,,,,,,,,,,,,,,,,,,,,,,,,,,,,,,,,,,,,,,,,,,,,,,,,,,,,,,,,,,,,,,,,,,,,,,,,,,,,,,,,,,,,,,,,,,,,,,,,,,,,,,,,,,,,,,,,,,,,,,,,,,,,,,,,,,,8000.0,0.0,0.0,0.0,2.0,,,,,,,,,,
2005,ARKANSAS,,,,,,,,,,,,,,,,,,,,,,,,,,,,,,,,,,,,,,,,,,,,,,,,,,,,,,,,,,,,,,,,,,,,,,,,,,,,,,,,,,,,,,,,,,,,,,,,,,,,,,,,,,,,,,,,,,,,,,,,,,,,,,,,,,,,,,,,,,,,,,,,,,,,,,,,,,,,,,,,,,,,,,,,,,,21000.0,0.0,0.0,0.0,8.0,,,,,,,,,,
2005,KENTUCKY,,,,,,,,,,,,,,,,,,,,,,,,,,,,,,,,,,,,,,,,,,,,,,,,,,,,,,,,,,,,,,,,,,,,,,,,,,,,,,,,,,,,,,,,,,,,,,,,,,,,,,,,,,,,,,,,,,,,,,,,,,,,,,,,,,,,,,,,,,,,,,,,,,,,,,,,,,,,,,,,,,,,,,,,,,,9000.0,0.0,0.0,0.0,2.0,,,,,,,,,,
2005,OHIO,,,,,,,,,,,,,,,,,,,,,,,,,,,,,,,,,,,,,,,,,,,,,,,,,,,,,,,,,,,,,,,,,,,,,,,,,,,,,,,,,,,,,,,,,,,,,,,,,,,,,,,,,,,,,,,,,,,,,,,,,,,,,,,,,,,,,,,,,,,,,,,,,,,,,,,,,,,,,,,,,,,,,,,,,,,13000.0,0.0,0.0,0.0,3.0,,,,,,,,,,
2005,TENNESSEE,,,,,,,,,,,,,,,,,,,,,,,,,,,,,,,,,,,,,,,,,,,,,,,,,,,,,,,,,,,,,,,,,,,,,,,,,,,,,,,,,,,,,,,,,,,,,,,,,,,,,,,,,,,,,,,,,,,,,,,,,,,,,,,,,,,,,,,,,,,,,,,,,,,,,,,,,,,,,,,,,,,,,,,,,,,39000.0,0.0,0.0,0.0,25.0,,,,,,,,,,
2006,INDIANA,,,,,,,,,,,,,,,,,,,,,,,,,,,,,,,,,,,,,,,,,,,,,,,,,,,,,,,,,,,,,,,,,,,,,,,,,,,,,,,,,,,,,,,,,,,,,,,,,,,,,,,,,,,,,,,,,,,,,,,,,,,,,,,,,,,,,,,,,,,,,,,,,,,,,,,,,,,,,,,,,,,,,,,,,,,44000.0,0.0,0.0,0.0,6.0,,,,,,,,,,
2006,KANSAS,,,,,,,,,,,,,,,,,,,,,,,,,,,,,,,,,,,,,,,,,,,,,,,,,,,,,,,,,,,,,,,,,,,,,,,,,,,,,,,,,,,,,,,,,,,,,,,,,,,,,,,,,,,,,,,,,,,,,,,,,,,,,,,,,,,,,,,,,,,,,,,,,,,,,,,,,,,,,,,,,,,,,,,,,,,0.0,0.0,0.0,0.0,6.0,,,,,,,,,,
2006,KENTUCKY,,,,,,,,,,,,,,,,,,,,,,,,,,,,,,,,,,,,,,,,,,,,,,,,,,,,,,,,,,,,,,,,,,,,,,,,,,,,,,,,,,,,,,,,,,,,,,,,,,,,,,,,,,,,,,,,,,,,,,,,,,,,,,,,,,,,,,,,,,,,,,,,,,,,,,,,,,,,,,,,,,,,,,,,,,,40000.0,0.0,0.0,0.0,8.0,,,,,,,,,,
2006,NORTH CAROLINA,,,,,,,,,,,,,,,,,,,,,,,,,,,,,,,,,,,,,,,,,,,,,,,,,,,,,,,,,,,,,,,,,,,,,,,,,,,,,,,,,,,,,,,,,,,,,,,,,,,,,,,,,,,,,,,,,,,,,,,,,,,,,,,,,,,,,,,,,,,,,,,,,,,,,,,,,,,,,,,,,,,,,,,,,,,12000.0,0.0,0.0,0.0,6.0,,,,,,,,,,
2006,SOUTH DAKOTA,,,,,,,,,,,,,,,,,,,,,,,,,,,,,,,,,,,,,,,,,,,,,,,,,,,,,,,,,,,,,,,,,,,,,,,,,,,,,,,,,,,,,,,,,,,,,,,,,,,,,,,,,,,,,,,,,,,,,,,,,,,,,,,,,,,,,,,,,,,,,,,,,,,,,,,,,,,,,,,,,,,,,,,,,,,0.0,0.0,0.0,0.0,21.0,,,,,,,,,,
