YEAR,LOCATION,"CHEMICAL, INSECTICIDE: (ABAMECTIN = 122804)APPLICATIONS in LB","CHEMICAL, INSECTICIDE: (ABAMECTIN = 122804)APPLICATIONS in LB / ACRE / APPLICATION, AVG","CHEMICAL, INSECTICIDE: (ABAMECTIN = 122804)APPLICATIONS in LB / ACRE / YEAR, AVG","CHEMICAL, INSECTICIDE: (ABAMECTIN = 122804)APPLICATIONS in NUMBER, AVG","CHEMICAL, INSECTICIDE: (ABAMECTIN = 122804)TREATED in PCT OF AREA PLANTED, AVG","CHEMICAL, INSECTICIDE: (ACEPHATE = 103301)APPLICATIONS in LB","CHEMICAL, INSECTICIDE: (ACEPHATE = 103301)APPLICATIONS in LB / ACRE / APPLICATION, AVG","CHEMICAL, INSECTICIDE: (ACEPHATE = 103301)APPLICATIONS in LB / ACRE / YEAR, AVG","CHEMICAL, INSECTICIDE: (ACEPHATE = 103301)APPLICATIONS in NUMBER, AVG","CHEMICAL, INSECTICIDE: (ACEPHATE = 103301)TREATED in PCT OF AREA PLANTED, AVG","CHEMICAL, INSECTICIDE: (ALPHA CYPERMETHRIN = 209600)APPLICATIONS in LB","CHEMICAL, INSECTICIDE: (ALPHA CYPERMETHRIN = 209600)APPLICATIONS in LB / ACRE / APPLICATION, AVG","CHEMICAL, INSECTICIDE: (ALPHA CYPERMETHRIN = 209600)APPLICATIONS in LB / ACRE / YEAR, AVG","CHEMICAL, INSECTICIDE: (ALPHA CYPERMETHRIN = 209600)APPLICATIONS in NUMBER, AVG","CHEMICAL, INSECTICIDE: (ALPHA CYPERMETHRIN = 209600)TREATED in PCT OF AREA PLANTED, AVG","CHEMICAL, INSECTICIDE: (BETA-CYFLUTHRIN = 118831)APPLICATIONS in LB","CHEMICAL, INSECTICIDE: (BETA-CYFLUTHRIN = 118831)APPLICATIONS in LB / ACRE / APPLICATION, AVG","CHEMICAL, INSECTICIDE: (BETA-CYFLUTHRIN = 118831)APPLICATIONS in LB / ACRE / YEAR, AVG","CHEMICAL, INSECTICIDE: (BETA-CYFLUTHRIN = 118831)APPLICATIONS in NUMBER, AVG","CHEMICAL, INSECTICIDE: (BETA-CYFLUTHRIN = 118831)TREATED in PCT OF AREA PLANTED, AVG","CHEMICAL, INSECTICIDE: (BIFENTHRIN = 128825)APPLICATIONS in LB","CHEMICAL, INSECTICIDE: (BIFENTHRIN = 128825)APPLICATIONS in LB / ACRE / APPLICATION, AVG","CHEMICAL, INSECTICIDE: (BIFENTHRIN = 128825)APPLICATIONS in LB / ACRE / YEAR, AVG","CHEMICAL, INSECTICIDE: (BIFENTHRIN = 128825)APPLICATIONS in NUMBER, AVG","CHEMICAL, INSECTICIDE: (BIFENTHRIN = 128825)TREATED in PCT OF AREA PLANTED, AVG","CHEMICAL, INSECTICIDE: (BT KURSTAK ABTS-1857 = 6523)APPLICATIONS in LB","CHEMICAL, INSECTICIDE: (BT KURSTAK ABTS-1857 = 6523)APPLICATIONS in LB / ACRE / APPLICATION, AVG","CHEMICAL, INSECTICIDE: (BT KURSTAK ABTS-1857 = 6523)APPLICATIONS in LB / ACRE / YEAR, AVG","CHEMICAL, INSECTICIDE: (BT KURSTAK ABTS-1857 = 6523)APPLICATIONS in NUMBER, AVG","CHEMICAL, INSECTICIDE: (BT KURSTAK ABTS-1857 = 6523)TREATED in PCT OF AREA PLANTED, AVG","CHEMICAL, INSECTICIDE: (BT KURSTAKI ABTS-351 = 6522)APPLICATIONS in LB","CHEMICAL, INSECTICIDE: (BT KURSTAKI ABTS-351 = 6522)APPLICATIONS in LB / ACRE / APPLICATION, AVG","CHEMICAL, INSECTICIDE: (BT KURSTAKI ABTS-351 = 6522)APPLICATIONS in LB / ACRE / YEAR, AVG","CHEMICAL, INSECTICIDE: (BT KURSTAKI ABTS-351 = 6522)APPLICATIONS in NUMBER, AVG","CHEMICAL, INSECTICIDE: (BT KURSTAKI ABTS-351 = 6522)TREATED in PCT OF AREA PLANTED, AVG","CHEMICAL, INSECTICIDE: (CARBARYL = 56801)APPLICATIONS in LB","CHEMICAL, INSECTICIDE: (CARBARYL = 56801)APPLICATIONS in LB / ACRE / APPLICATION, AVG","CHEMICAL, INSECTICIDE: (CARBARYL = 56801)APPLICATIONS in LB / ACRE / YEAR, AVG","CHEMICAL, INSECTICIDE: (CARBARYL = 56801)APPLICATIONS in NUMBER, AVG","CHEMICAL, INSECTICIDE: (CARBARYL = 56801)TREATED in PCT OF AREA PLANTED, AVG","CHEMICAL, INSECTICIDE: (CHLORANTRANILIPROLE = 90100)APPLICATIONS in LB","CHEMICAL, INSECTICIDE: (CHLORANTRANILIPROLE = 90100)APPLICATIONS in LB / ACRE / APPLICATION, AVG","CHEMICAL, INSECTICIDE: (CHLORANTRANILIPROLE = 90100)APPLICATIONS in LB / ACRE / YEAR, AVG","CHEMICAL, INSECTICIDE: (CHLORANTRANILIPROLE = 90100)APPLICATIONS in NUMBER, AVG","CHEMICAL, INSECTICIDE: (CHLORANTRANILIPROLE = 90100)TREATED in PCT OF AREA PLANTED, AVG","CHEMICAL, INSECTICIDE: (CHLORFENAPYR = 129093)APPLICATIONS in LB","CHEMICAL, INSECTICIDE: (CHLORFENAPYR = 129093)APPLICATIONS in LB / ACRE / APPLICATION, AVG","CHEMICAL, INSECTICIDE: (CHLORFENAPYR = 129093)APPLICATIONS in LB / ACRE / YEAR, AVG","CHEMICAL, INSECTICIDE: (CHLORFENAPYR = 129093)APPLICATIONS in NUMBER, AVG","CHEMICAL, INSECTICIDE: (CHLORFENAPYR = 129093)TREATED in PCT OF AREA PLANTED, AVG","CHEMICAL, INSECTICIDE: (CHLORPYRIFOS = 59101)APPLICATIONS in LB","CHEMICAL, INSECTICIDE: (CHLORPYRIFOS = 59101)APPLICATIONS in LB / ACRE / APPLICATION, AVG","CHEMICAL, INSECTICIDE: (CHLORPYRIFOS = 59101)APPLICATIONS in LB / ACRE / YEAR, AVG","CHEMICAL, INSECTICIDE: (CHLORPYRIFOS = 59101)APPLICATIONS in NUMBER, AVG","CHEMICAL, INSECTICIDE: (CHLORPYRIFOS = 59101)TREATED in PCT OF AREA PLANTED, AVG","CHEMICAL, INSECTICIDE: (CYFLUTHRIN = 128831)APPLICATIONS in LB","CHEMICAL, INSECTICIDE: (CYFLUTHRIN = 128831)APPLICATIONS in LB / ACRE / APPLICATION, AVG","CHEMICAL, INSECTICIDE: (CYFLUTHRIN = 128831)APPLICATIONS in LB / ACRE / YEAR, AVG","CHEMICAL, INSECTICIDE: (CYFLUTHRIN = 128831)APPLICATIONS in NUMBER, AVG","CHEMICAL, INSECTICIDE: (CYFLUTHRIN = 128831)TREATED in PCT OF AREA PLANTED, AVG","CHEMICAL, INSECTICIDE: (CYPERMETHRIN = 109702)APPLICATIONS in LB","CHEMICAL, INSECTICIDE: (CYPERMETHRIN = 109702)APPLICATIONS in LB / ACRE / APPLICATION, AVG","CHEMICAL, INSECTICIDE: (CYPERMETHRIN = 109702)APPLICATIONS in LB / ACRE / YEAR, AVG","CHEMICAL, INSECTICIDE: (CYPERMETHRIN = 109702)APPLICATIONS in NUMBER, AVG","CHEMICAL, INSECTICIDE: (CYPERMETHRIN = 109702)TREATED in PCT OF AREA PLANTED, AVG","CHEMICAL, INSECTICIDE: (DELTAMETHRIN = 97805)APPLICATIONS in LB","CHEMICAL, INSECTICIDE: (DELTAMETHRIN = 97805)APPLICATIONS in LB / ACRE / APPLICATION, AVG","CHEMICAL, INSECTICIDE: (DELTAMETHRIN = 97805)APPLICATIONS in LB / ACRE / YEAR, AVG","CHEMICAL, INSECTICIDE: (DELTAMETHRIN = 97805)APPLICATIONS in NUMBER, AVG","CHEMICAL, INSECTICIDE: (DELTAMETHRIN = 97805)TREATED in PCT OF AREA PLANTED, AVG","CHEMICAL, INSECTICIDE: (DICROTOPHOS = 35201)APPLICATIONS in LB","CHEMICAL, INSECTICIDE: (DICROTOPHOS = 35201)APPLICATIONS in LB / ACRE / APPLICATION, AVG","CHEMICAL, INSECTICIDE: (DICROTOPHOS = 35201)APPLICATIONS in LB / ACRE / YEAR, AVG","CHEMICAL, INSECTICIDE: (DICROTOPHOS = 35201)APPLICATIONS in NUMBER, AVG","CHEMICAL, INSECTICIDE: (DICROTOPHOS = 35201)TREATED in PCT OF AREA PLANTED, AVG","CHEMICAL, INSECTICIDE: (DIFLUBENZURON = 108201)APPLICATIONS in LB","CHEMICAL, INSECTICIDE: (DIFLUBENZURON = 108201)APPLICATIONS in LB / ACRE / APPLICATION, AVG","CHEMICAL, INSECTICIDE: (DIFLUBENZURON = 108201)APPLICATIONS in LB / ACRE / YEAR, AVG","CHEMICAL, INSECTICIDE: (DIFLUBENZURON = 108201)APPLICATIONS in NUMBER, AVG","CHEMICAL, INSECTICIDE: (DIFLUBENZURON = 108201)TREATED in PCT OF AREA PLANTED, AVG","CHEMICAL, INSECTICIDE: (DIMETHOATE = 35001)APPLICATIONS in LB","CHEMICAL, INSECTICIDE: (DIMETHOATE = 35001)APPLICATIONS in LB / ACRE / APPLICATION, AVG","CHEMICAL, INSECTICIDE: (DIMETHOATE = 35001)APPLICATIONS in LB / ACRE / YEAR, AVG","CHEMICAL, INSECTICIDE: (DIMETHOATE = 35001)APPLICATIONS in NUMBER, AVG","CHEMICAL, INSECTICIDE: (DIMETHOATE = 35001)TREATED in PCT OF AREA PLANTED, AVG","CHEMICAL, INSECTICIDE: (ESFENVALERATE = 109303)APPLICATIONS in LB","CHEMICAL, INSECTICIDE: (ESFENVALERATE = 109303)APPLICATIONS in LB / ACRE / APPLICATION, AVG","CHEMICAL, INSECTICIDE: (ESFENVALERATE = 109303)APPLICATIONS in LB / ACRE / YEAR, AVG","CHEMICAL, INSECTICIDE: (ESFENVALERATE = 109303)APPLICATIONS in NUMBER, AVG","CHEMICAL, INSECTICIDE: (ESFENVALERATE = 109303)TREATED in PCT OF AREA PLANTED, AVG","CHEMICAL, INSECTICIDE: (FLUBENDIAMIDE = 27602)APPLICATIONS in LB","CHEMICAL, INSECTICIDE: (FLUBENDIAMIDE = 27602)APPLICATIONS in LB / ACRE / APPLICATION, AVG","CHEMICAL, INSECTICIDE: (FLUBENDIAMIDE = 27602)APPLICATIONS in LB / ACRE / YEAR, AVG","CHEMICAL, INSECTICIDE: (FLUBENDIAMIDE = 27602)APPLICATIONS in NUMBER, AVG","CHEMICAL, INSECTICIDE: (FLUBENDIAMIDE = 27602)TREATED in PCT OF AREA PLANTED, AVG","CHEMICAL, INSECTICIDE: (GAMMA-CYHALOTHRIN = 128807)APPLICATIONS in LB","CHEMICAL, INSECTICIDE: (GAMMA-CYHALOTHRIN = 128807)APPLICATIONS in LB / ACRE / APPLICATION, AVG","CHEMICAL, INSECTICIDE: (GAMMA-CYHALOTHRIN = 128807)APPLICATIONS in LB / ACRE / YEAR, AVG","CHEMICAL, INSECTICIDE: (GAMMA-CYHALOTHRIN = 128807)APPLICATIONS in NUMBER, AVG","CHEMICAL, INSECTICIDE: (GAMMA-CYHALOTHRIN = 128807)TREATED in PCT OF AREA PLANTED, AVG","CHEMICAL, INSECTICIDE: (IMIDACLOPRID = 129099)APPLICATIONS in LB","CHEMICAL, INSECTICIDE: (IMIDACLOPRID = 129099)APPLICATIONS in LB / ACRE / APPLICATION, AVG","CHEMICAL, INSECTICIDE: (IMIDACLOPRID = 129099)APPLICATIONS in LB / ACRE / YEAR, AVG","CHEMICAL, INSECTICIDE: (IMIDACLOPRID = 129099)APPLICATIONS in NUMBER, AVG","CHEMICAL, INSECTICIDE: (IMIDACLOPRID = 129099)TREATED in PCT OF AREA PLANTED, AVG","CHEMICAL, INSECTICIDE: (INDOXACARB = 67710)APPLICATIONS in LB","CHEMICAL, INSECTICIDE: (INDOXACARB = 67710)APPLICATIONS in LB / ACRE / APPLICATION, AVG","CHEMICAL, INSECTICIDE: (INDOXACARB = 67710)APPLICATIONS in LB / ACRE / YEAR, AVG","CHEMICAL, INSECTICIDE: (INDOXACARB = 67710)APPLICATIONS in NUMBER, AVG","CHEMICAL, INSECTICIDE: (INDOXACARB = 67710)TREATED in PCT OF AREA PLANTED, AVG","CHEMICAL, INSECTICIDE: (LAMBDA-CYHALOTHRIN = 128897)APPLICATIONS in LB","CHEMICAL, INSECTICIDE: (LAMBDA-CYHALOTHRIN = 128897)APPLICATIONS in LB / ACRE / APPLICATION, AVG","CHEMICAL, INSECTICIDE: (LAMBDA-CYHALOTHRIN = 128897)APPLICATIONS in LB / ACRE / YEAR, AVG","CHEMICAL, INSECTICIDE: (LAMBDA-CYHALOTHRIN = 128897)APPLICATIONS in NUMBER, AVG","CHEMICAL, INSECTICIDE: (LAMBDA-CYHALOTHRIN = 128897)TREATED in PCT OF AREA PLANTED, AVG","CHEMICAL, INSECTICIDE: (MALATHION = 57701)APPLICATIONS in LB","CHEMICAL, INSECTICIDE: (MALATHION = 57701)APPLICATIONS in LB / ACRE / APPLICATION, AVG","CHEMICAL, INSECTICIDE: (MALATHION = 57701)APPLICATIONS in LB / ACRE / YEAR, AVG","CHEMICAL, INSECTICIDE: (MALATHION = 57701)APPLICATIONS in NUMBER, AVG","CHEMICAL, INSECTICIDE: (MALATHION = 57701)TREATED in PCT OF AREA PLANTED, AVG","CHEMICAL, INSECTICIDE: (METHOMYL = 90301)APPLICATIONS in LB","CHEMICAL, INSECTICIDE: (METHOMYL = 90301)APPLICATIONS in LB / ACRE / APPLICATION, AVG","CHEMICAL, INSECTICIDE: (METHOMYL = 90301)APPLICATIONS in LB / ACRE / YEAR, AVG","CHEMICAL, INSECTICIDE: (METHOMYL = 90301)APPLICATIONS in NUMBER, AVG","CHEMICAL, INSECTICIDE: (METHOMYL = 90301)TREATED in PCT OF AREA PLANTED, AVG","CHEMICAL, INSECTICIDE: (METHOXYFENOZIDE = 121027)APPLICATIONS in LB","CHEMICAL, INSECTICIDE: (METHOXYFENOZIDE = 121027)APPLICATIONS in LB / ACRE / APPLICATION, AVG","CHEMICAL, INSECTICIDE: (METHOXYFENOZIDE = 121027)APPLICATIONS in LB / ACRE / YEAR, AVG","CHEMICAL, INSECTICIDE: (METHOXYFENOZIDE = 121027)APPLICATIONS in NUMBER, AVG","CHEMICAL, INSECTICIDE: (METHOXYFENOZIDE = 121027)TREATED in PCT OF AREA PLANTED, AVG","CHEMICAL, INSECTICIDE: (METHYL PARATHION = 53501)APPLICATIONS in LB","CHEMICAL, INSECTICIDE: (METHYL PARATHION = 53501)APPLICATIONS in LB / ACRE / APPLICATION, AVG","CHEMICAL, INSECTICIDE: (METHYL PARATHION = 53501)APPLICATIONS in LB / ACRE / YEAR, AVG","CHEMICAL, INSECTICIDE: (METHYL PARATHION = 53501)APPLICATIONS in NUMBER, AVG","CHEMICAL, INSECTICIDE: (METHYL PARATHION = 53501)TREATED in PCT OF AREA PLANTED, AVG","CHEMICAL, INSECTICIDE: (NOVALURON = 124002)APPLICATIONS in LB","CHEMICAL, INSECTICIDE: (NOVALURON = 124002)APPLICATIONS in LB / ACRE / APPLICATION, AVG","CHEMICAL, INSECTICIDE: (NOVALURON = 124002)APPLICATIONS in LB / ACRE / YEAR, AVG","CHEMICAL, INSECTICIDE: (NOVALURON = 124002)APPLICATIONS in NUMBER, AVG","CHEMICAL, INSECTICIDE: (NOVALURON = 124002)TREATED in PCT OF AREA PLANTED, AVG","CHEMICAL, INSECTICIDE: (OXAMYL = 103801)APPLICATIONS in LB","CHEMICAL, INSECTICIDE: (OXAMYL = 103801)APPLICATIONS in LB / ACRE / APPLICATION, AVG","CHEMICAL, INSECTICIDE: (OXAMYL = 103801)APPLICATIONS in LB / ACRE / YEAR, AVG","CHEMICAL, INSECTICIDE: (OXAMYL = 103801)APPLICATIONS in NUMBER, AVG","CHEMICAL, INSECTICIDE: (OXAMYL = 103801)TREATED in PCT OF AREA PLANTED, AVG","CHEMICAL, INSECTICIDE: (PERMETHRIN = 109701)APPLICATIONS in LB","CHEMICAL, INSECTICIDE: (PERMETHRIN = 109701)APPLICATIONS in LB / ACRE / APPLICATION, AVG","CHEMICAL, INSECTICIDE: (PERMETHRIN = 109701)APPLICATIONS in LB / ACRE / YEAR, AVG","CHEMICAL, INSECTICIDE: (PERMETHRIN = 109701)APPLICATIONS in NUMBER, AVG","CHEMICAL, INSECTICIDE: (PERMETHRIN = 109701)TREATED in PCT OF AREA PLANTED, AVG","CHEMICAL, INSECTICIDE: (PETROLEUM DISTILLATE = 63503)APPLICATIONS in LB","CHEMICAL, INSECTICIDE: (PETROLEUM DISTILLATE = 63503)APPLICATIONS in LB / ACRE / APPLICATION, AVG","CHEMICAL, INSECTICIDE: (PETROLEUM DISTILLATE = 63503)APPLICATIONS in LB / ACRE / YEAR, AVG","CHEMICAL, INSECTICIDE: (PETROLEUM DISTILLATE = 63503)APPLICATIONS in NUMBER, AVG","CHEMICAL, INSECTICIDE: (PETROLEUM DISTILLATE = 63503)TREATED in PCT OF AREA PLANTED, AVG","CHEMICAL, INSECTICIDE: (SPINETORAM = 110007)APPLICATIONS in LB","CHEMICAL, INSECTICIDE: (SPINETORAM = 110007)APPLICATIONS in LB / ACRE / APPLICATION, AVG","CHEMICAL, INSECTICIDE: (SPINETORAM = 110007)APPLICATIONS in LB / ACRE / YEAR, AVG","CHEMICAL, INSECTICIDE: (SPINETORAM = 110007)APPLICATIONS in NUMBER, AVG","CHEMICAL, INSECTICIDE: (SPINETORAM = 110007)TREATED in PCT OF AREA PLANTED, AVG","CHEMICAL, INSECTICIDE: (SPINETORAM-J = 110008)APPLICATIONS in LB","CHEMICAL, INSECTICIDE: (SPINETORAM-J = 110008)APPLICATIONS in LB / ACRE / APPLICATION, AVG","CHEMICAL, INSECTICIDE: (SPINETORAM-J = 110008)APPLICATIONS in LB / ACRE / YEAR, AVG","CHEMICAL, INSECTICIDE: (SPINETORAM-J = 110008)APPLICATIONS in NUMBER, AVG","CHEMICAL, INSECTICIDE: (SPINETORAM-J = 110008)TREATED in PCT OF AREA PLANTED, AVG","CHEMICAL, INSECTICIDE: (SPINETORAM-L = 110009)APPLICATIONS in LB","CHEMICAL, INSECTICIDE: (SPINETORAM-L = 110009)APPLICATIONS in LB / ACRE / APPLICATION, AVG","CHEMICAL, INSECTICIDE: (SPINETORAM-L = 110009)APPLICATIONS in LB / ACRE / YEAR, AVG","CHEMICAL, INSECTICIDE: (SPINETORAM-L = 110009)APPLICATIONS in NUMBER, AVG","CHEMICAL, INSECTICIDE: (SPINETORAM-L = 110009)TREATED in PCT OF AREA PLANTED, AVG","CHEMICAL, INSECTICIDE: (SPINOSAD = 110003)APPLICATIONS in LB","CHEMICAL, INSECTICIDE: (SPINOSAD = 110003)APPLICATIONS in LB / ACRE / APPLICATION, AVG","CHEMICAL, INSECTICIDE: (SPINOSAD = 110003)APPLICATIONS in LB / ACRE / YEAR, AVG","CHEMICAL, INSECTICIDE: (SPINOSAD = 110003)APPLICATIONS in NUMBER, AVG","CHEMICAL, INSECTICIDE: (SPINOSAD = 110003)TREATED in PCT OF AREA PLANTED, AVG","CHEMICAL, INSECTICIDE: (SPIROMESIFEN = 24875)APPLICATIONS in LB","CHEMICAL, INSECTICIDE: (SPIROMESIFEN = 24875)APPLICATIONS in LB / ACRE / APPLICATION, AVG","CHEMICAL, INSECTICIDE: (SPIROMESIFEN = 24875)APPLICATIONS in LB / ACRE / YEAR, AVG","CHEMICAL, INSECTICIDE: (SPIROMESIFEN = 24875)APPLICATIONS in NUMBER, AVG","CHEMICAL, INSECTICIDE: (SPIROMESIFEN = 24875)TREATED in PCT OF AREA PLANTED, AVG","CHEMICAL, INSECTICIDE: (SULFOXAFLOR = 5210)APPLICATIONS in LB","CHEMICAL, INSECTICIDE: (SULFOXAFLOR = 5210)APPLICATIONS in LB / ACRE / APPLICATION, AVG","CHEMICAL, INSECTICIDE: (SULFOXAFLOR = 5210)APPLICATIONS in LB / ACRE / YEAR, AVG","CHEMICAL, INSECTICIDE: (SULFOXAFLOR = 5210)APPLICATIONS in NUMBER, AVG","CHEMICAL, INSECTICIDE: (SULFOXAFLOR = 5210)TREATED in PCT OF AREA PLANTED, AVG","CHEMICAL, INSECTICIDE: (TEFLUTHRIN = 128912)APPLICATIONS in LB","CHEMICAL, INSECTICIDE: (TEFLUTHRIN = 128912)APPLICATIONS in LB / ACRE / APPLICATION, AVG","CHEMICAL, INSECTICIDE: (TEFLUTHRIN = 128912)APPLICATIONS in LB / ACRE / YEAR, AVG","CHEMICAL, INSECTICIDE: (TEFLUTHRIN = 128912)APPLICATIONS in NUMBER, AVG","CHEMICAL, INSECTICIDE: (TEFLUTHRIN = 128912)TREATED in PCT OF AREA PLANTED, AVG","CHEMICAL, INSECTICIDE: (THIAMETHOXAM = 60109)APPLICATIONS in LB","CHEMICAL, INSECTICIDE: (THIAMETHOXAM = 60109)APPLICATIONS in LB / ACRE / APPLICATION, AVG","CHEMICAL, INSECTICIDE: (THIAMETHOXAM = 60109)APPLICATIONS in LB / ACRE / YEAR, AVG","CHEMICAL, INSECTICIDE: (THIAMETHOXAM = 60109)APPLICATIONS in NUMBER, AVG","CHEMICAL, INSECTICIDE: (THIAMETHOXAM = 60109)TREATED in PCT OF AREA PLANTED, AVG","CHEMICAL, INSECTICIDE: (THIODICARB = 114501)APPLICATIONS in LB","CHEMICAL, INSECTICIDE: (THIODICARB = 114501)APPLICATIONS in LB / ACRE / APPLICATION, AVG","CHEMICAL, INSECTICIDE: (THIODICARB = 114501)APPLICATIONS in LB / ACRE / YEAR, AVG","CHEMICAL, INSECTICIDE: (THIODICARB = 114501)APPLICATIONS in NUMBER, AVG","CHEMICAL, INSECTICIDE: (THIODICARB = 114501)TREATED in PCT OF AREA PLANTED, AVG","CHEMICAL, INSECTICIDE: (TOTAL)APPLICATIONS in LB","CHEMICAL, INSECTICIDE: (TOTAL)APPLICATIONS in LB / ACRE / APPLICATION, AVG","CHEMICAL, INSECTICIDE: (TOTAL)APPLICATIONS in LB / ACRE / YEAR, AVG","CHEMICAL, INSECTICIDE: (TOTAL)APPLICATIONS in NUMBER, AVG","CHEMICAL, INSECTICIDE: (TOTAL)TREATED in PCT OF AREA PLANTED, AVG","CHEMICAL, INSECTICIDE: (ZETA-CYPERMETHRIN = 129064)APPLICATIONS in LB","CHEMICAL, INSECTICIDE: (ZETA-CYPERMETHRIN = 129064)APPLICATIONS in LB / ACRE / APPLICATION, AVG","CHEMICAL, INSECTICIDE: (ZETA-CYPERMETHRIN = 129064)APPLICATIONS in LB / ACRE / YEAR, AVG","CHEMICAL, INSECTICIDE: (ZETA-CYPERMETHRIN = 129064)APPLICATIONS in NUMBER, AVG","CHEMICAL, INSECTICIDE: (ZETA-CYPERMETHRIN = 129064)TREATED in PCT OF AREA PLANTED, AVG"
2018,INDIANA,0.0,0.0,0.0,0.0,0.0,,,,,,,,,,,0.0,0.0,0.0,0.0,0.0,0.0,0.0,0.0,0.0,0.0,,,,,,,,,,,,,,,,,,,,,,,,,,,,,,,0.0,0.0,0.0,0.0,0.0,,,,,,0.0,0.0,0.0,0.0,0.0,,,,,,,,,,,,,,,,,,,,,,,,,,0.0,0.0,0.0,0.0,0.0,0.0,0.0,0.0,0.0,0.0,,,,,,0.0,0.0,0.0,0.0,0.0,,,,,,,,,,,,,,,,,,,,,,,,,,,,,,,0.0,0.0,0.0,0.0,0.0,,,,,,,,,,,,,,,,,,,,,,,,,,,,,,,,,,,,,,,,,,,,,,,,,,,28000.0,0.0,0.0,0.0,16.0,0.0,0.0,0.0,0.0,0.0
2006,LOUISIANA,,,,,,412000.0,0.786,1.124,1.4,42.0,,,,,,,,,,,,,,,,,,,,,,,,,,,,,,,,,,,,,,,,,,,,,,2000.0,0.028,0.03,1.1,9.0,,,,,,,,,,,,,,,,2000.0,0.031,0.031,1.0,7.0,,,,,,,,,,,,,,,,,,,,,,,,,,,,,,,2000.0,0.018,0.023,1.3,10.0,,,,,,,,,,,,,,,,,,,,,,,,,,,,,,,,,,,,,,,,,,,,,,,,,,,,,,,,,,,,,,,,,,,,,,,,,,,,,,,,,,,,,,499000.0,0.0,0.0,0.0,75.0,,,,,
2006,MISSISSIPPI,,,,,,28000.0,0.349,0.439,1.3,4.0,,,,,,,,,,,,,,,,,,,,,,,,,,,,,,,,,,,,,,,,,,,,,,,,,,,,,,,,,,,,,,,,,,,,,,,,,,,,,,,,,,,,,,,,,,,,,,,,,,,,,4000.0,0.015,0.02,1.4,11.0,,,,,,,,,,,,,,,,,,,,,,,,,,,,,,,,,,,,,,,,,,,,,,,,,,,,,,,,,,,,,,,,,,,,,,,,,,,,,,,,,,,,,,65000.0,0.0,0.0,0.0,26.0,,,,,
2012,ARKANSAS,,,,,,83000.0,0.708,0.708,1.0,4.0,,,,,,,,,,,0.0,0.0,0.0,0.0,0.0,,,,,,,,,,,,,,,,,,,,,,,,,,,,,,,0.0,0.0,0.0,0.0,0.0,0.0,0.0,0.0,0.0,0.0,,,,,,,,,,,0.0,0.0,0.0,0.0,0.0,,,,,,,,,,,8000.0,0.063,0.063,1.0,4.0,,,,,,,,,,,0.0,0.0,0.0,0.0,0.0,11000.0,0.02,0.02,1.0,17.0,,,,,,,,,,,126000.0,0.446,0.487,1.1,8.0,,,,,,,,,,,,,,,,,,,,,,,,,,,,,,,,,,,,,,,,,,,,,,,,,,,,,,,,,,,,,,,,,,,,,,,238000.0,0.0,0.0,0.0,36.0,0.0,0.0,0.0,0.0,0.0
2012,LOUISIANA,,,,,,548000.0,0.673,0.853,1.3,57.0,,,,,,0.0,0.0,0.0,0.0,0.0,25000.0,0.098,0.129,1.3,17.0,,,,,,,,,,,,,,,,,,,,,,,,,,,,,,,0.0,0.0,0.0,0.0,0.0,0.0,0.0,0.0,0.0,0.0,,,,,,,,,,,4000.0,0.022,0.026,1.2,15.0,,,,,,,,,,,0.0,0.0,0.0,0.0,0.0,0.0,0.0,0.0,0.0,0.0,2000.0,0.034,0.034,1.0,4.0,,,,,,7000.0,0.034,0.043,1.3,15.0,,,,,,0.0,0.0,0.0,0.0,0.0,0.0,0.0,0.0,0.0,0.0,,,,,,,,,,,,,,,,,,,,,,,,,,,,,,,,,,,,,,,,,,,,,,,,,,,,,,,,,,,,,6000.0,0.041,0.056,1.4,10.0,,,,,,604000.0,0.0,0.0,0.0,84.0,,,,,
2012,MICHIGAN,,,,,,0.0,0.0,0.0,0.0,0.0,,,,,,,,,,,11000.0,0.045,0.045,1.0,12.0,,,,,,,,,,,0.0,0.0,0.0,0.0,0.0,,,,,,,,,,,147000.0,0.584,0.619,1.1,12.0,,,,,,,,,,,,,,,,,,,,,,,,,,0.0,0.0,0.0,0.0,0.0,,,,,,,,,,,0.0,0.0,0.0,0.0,0.0,,,,,,,,,,,0.0,0.0,0.0,0.0,0.0,,,,,,,,,,,,,,,,,,,,,,,,,,,,,,,,,,,,,,,,,,,,,,,,,,,,,,,,,,,,,,,,,,,,,,,,,,,,,,,,,,,,,,194000.0,0.0,0.0,0.0,25.0,0.0,0.0,0.0,0.0,0.0
2012,MISSISSIPPI,,,,,,333000.0,0.758,1.368,1.8,12.0,,,,,,,,,,,6000.0,0.069,0.069,1.0,4.0,,,,,,,,,,,,,,,,,,,,,,,,,,,,,,,0.0,0.0,0.0,0.0,0.0,0.0,0.0,0.0,0.0,0.0,,,,,,,,,,,0.0,0.0,0.0,0.0,0.0,,,,,,,,,,,9000.0,0.06,0.06,1.0,7.0,,,,,,,,,,,,,,,,8000.0,0.027,0.028,1.0,15.0,,,,,,,,,,,0.0,0.0,0.0,0.0,0.0,,,,,,,,,,,,,,,,,,,,,,,,,,,,,,,,,,,,,,,,,,,,,,,,,,,,,,,,,,,,,,,,,,,,,,,364000.0,0.0,0.0,0.0,38.0,0.0,0.0,0.0,0.0,0.0
2012,NORTH CAROLINA,,,,,,0.0,0.0,0.0,0.0,0.0,,,,,,0.0,0.0,0.0,0.0,0.0,0.0,0.0,0.0,0.0,0.0,,,,,,,,,0.0,0.0,,,,,,,,,,,,,,,,0.0,0.0,0.0,0.0,0.0,8000.0,0.033,0.043,1.3,11.0,,,,,,,,,,,0.0,0.0,0.0,0.0,0.0,0.0,0.0,0.0,0.0,0.0,,,,,,,,,,,0.0,0.0,0.0,0.0,0.0,0.0,0.0,0.0,0.0,0.0,0.0,0.0,0.0,0.0,0.0,0.0,0.0,0.0,0.0,0.0,5000.0,0.017,0.027,1.6,12.0,,,,,,,,,,,,,,,,,,,,,,,,,,,,,,,,,,,,,,,,,,,,,,,,,,,,,,,,,,,,,,,,,,,,,,,,,,,,0.0,0.0,0.0,0.0,0.0,0.0,0.0,0.0,0.0,0.0,40000.0,0.0,0.0,0.0,31.0,0.0,0.0,0.0,0.0,0.0
2012,VIRGINIA,,,,,,0.0,0.0,0.0,0.0,0.0,,,,,,,,,,,0.0,0.0,0.0,0.0,0.0,,,,,,,,,,,,,,,,,,,,,,,,,,0.0,0.0,0.0,0.0,0.0,3000.0,0.036,0.036,1.0,14.0,,,,,,,,,,,,,,,,,,,,,,,,,,0.0,0.0,0.0,0.0,0.0,,,,,,,,,,,,,,,,,,,,,2000.0,0.025,0.026,1.1,14.0,,,,,,0.0,0.0,0.0,0.0,0.0,,,,,,,,,,,,,,,,,,,,,,,,,,,,,,,,,,,,,,,,,,,,,,,,,,,,,,,,,,,,,,,,,,,,,,,,,,,,29000.0,0.0,0.0,0.0,37.0,,,,,
2015,ARKANSAS,,,,,,0.0,0.0,0.0,0.0,0.0,,,,,,,,,,,6000.0,0.05,0.05,1.0,4.0,,,,,,,,,,,,,,,,0.0,0.0,0.0,0.0,0.0,,,,,,,,,,,0.0,0.0,0.0,0.0,0.0,0.0,0.0,0.0,0.0,0.0,,,,,,,,,,,,,,,,,,,,,,,,,,11000.0,0.062,0.062,1.0,5.0,,,,,,0.0,0.0,0.0,0.0,0.0,,,,,,3000.0,0.02,0.02,1.0,5.0,,,,,,,,,,,0.0,0.0,0.0,0.0,0.0,,,,,,,,,,,0.0,0.0,0.0,0.0,0.0,,,,,,,,,,,,,,,,,,,,,,,,,,,,,,,,,,,,,,,,,,,,,,,,,,,,,,,,129000.0,0.0,0.0,0.0,23.0,,,,,
2015,IOWA,,,,,,0.0,0.0,0.0,0.0,0.0,0.0,0.0,0.0,0.0,0.0,0.0,0.0,0.0,0.0,0.0,44000.0,0.067,0.07,1.0,6.0,,,,,,,,,,,,,,,,,,,,,,,,,,241000.0,0.337,0.337,1.0,7.0,0.0,0.0,0.0,0.0,0.0,,,,,,,,,,,,,,,,,,,,,,,,,,0.0,0.0,0.0,0.0,0.0,,,,,,0.0,0.0,0.0,0.0,0.0,0.0,0.0,0.0,0.0,0.0,,,,,,29000.0,0.028,0.031,1.1,10.0,,,,,,,,,,,,,,,,,,,,,,,,,,,,,,,0.0,0.0,0.0,0.0,0.0,,,,,,,,,,,,,,,,,,,,,,,,,,,,,,,,,,,,,,,,,0.0,0.0,0.0,0.0,0.0,,,,,,425000.0,0.0,0.0,0.0,25.0,0.0,0.0,0.0,0.0,0.0
2015,LOUISIANA,,,,,,431000.0,0.682,0.971,1.4,31.0,,,,,,3000.0,0.023,0.023,1.0,10.0,32000.0,0.081,0.091,1.1,25.0,,,,,,,,,,,,,,,,5000.0,0.062,0.062,1.0,5.0,,,,,,,,,,,0.0,0.0,0.0,0.0,0.0,0.0,0.0,0.0,0.0,0.0,,,,,,,,,,,2000.0,0.034,0.034,1.0,3.0,,,,,,,,,,,0.0,0.0,0.0,0.0,0.0,,,,,,8000.0,0.043,0.044,1.0,13.0,,,,,,5000.0,0.025,0.027,1.1,14.0,,,,,,,,,,,0.0,0.0,0.0,0.0,0.0,,,,,,,,,,,,,,,,,,,,,,,,,,,,,,,,,,,,,,,,,,,,,,,,,,,,,,,,,,,,,0.0,0.0,0.0,0.0,0.0,,,,,,500000.0,0.0,0.0,0.0,63.0,0.0,0.0,0.0,0.0,0.0
2015,MISSISSIPPI,,,,,,78000.0,0.676,0.676,1.0,5.0,,,,,,,,,,,16000.0,0.062,0.066,1.1,11.0,,,,,,,,,,,,,,,,0.0,0.0,0.0,0.0,0.0,,,,,,,,,,,0.0,0.0,0.0,0.0,0.0,,,,,,0.0,0.0,0.0,0.0,0.0,,,,,,4000.0,0.036,0.038,1.1,4.0,,,,,,,,,,,7000.0,0.059,0.059,1.0,5.0,,,,,,0.0,0.0,0.0,0.0,0.0,,,,,,7000.0,0.022,0.022,1.0,15.0,,,,,,,,,,,0.0,0.0,0.0,0.0,0.0,,,,,,,,,,,,,,,,,,,,,,,,,,,,,,,,,,,,,,,,,,,,,,,,,,,,,,,,,,,,,0.0,0.0,0.0,0.0,0.0,,,,,,123000.0,0.0,0.0,0.0,38.0,0.0,0.0,0.0,0.0,0.0
2015,NORTH CAROLINA,,,,,,30000.0,0.545,0.581,1.1,3.0,,,,,,,,,,,3000.0,0.06,0.06,1.0,3.0,,,,,,,,,,,,,,,,6000.0,0.059,0.059,1.0,6.0,,,,,,,,,,,0.0,0.0,0.0,0.0,0.0,,,,,,,,,,,,,,,,0.0,0.0,0.0,0.0,0.0,,,,,,,,,,,0.0,0.0,0.0,0.0,0.0,,,,,,0.0,0.0,0.0,0.0,0.0,,,,,,8000.0,0.022,0.036,1.6,12.0,,,,,,,,,,,0.0,0.0,0.0,0.0,0.0,,,,,,,,,,,,,,,,,,,,,,,,,,,,,,,,,,,,,,,,,,,,,,,,,,,,,,,,,,,,,0.0,0.0,0.0,0.0,0.0,,,,,,54000.0,0.0,0.0,0.0,19.0,,,,,
2015,TENNESSEE,,,,,,0.0,0.0,0.0,0.0,0.0,,,,,,,,,,,0.0,0.0,0.0,0.0,0.0,,,,,,,,,,,,,,,,,,,,,,,,,,,,,,,0.0,0.0,0.0,0.0,0.0,,,,,,,,,,,,,,,,0.0,0.0,0.0,0.0,0.0,,,,,,,,,,,,,,,,,,,,,,,,,,,,,,,5000.0,0.026,0.026,1.0,10.0,,,,,,,,,,,0.0,0.0,0.0,0.0,0.0,,,,,,,,,,,,,,,,,,,,,,,,,,,,,,,,,,,,,,,,,,,,,,,,,,,,,,,,,,,,,,,,,,,,,,,14000.0,0.0,0.0,0.0,22.0,0.0,0.0,0.0,0.0,0.0
2015,VIRGINIA,,,,,,0.0,0.0,0.0,0.0,0.0,,,,,,,,,,,0.0,0.0,0.0,0.0,0.0,,,,,,,,,,,,,,,,0.0,0.0,0.0,0.0,0.0,,,,,,,,,,,3000.0,0.042,0.05,1.2,9.0,,,,,,,,,,,,,,,,,,,,,,,,,,,,,,,3000.0,0.063,0.063,1.0,7.0,,,,,,,,,,,,,,,,2000.0,0.024,0.03,1.2,11.0,,,,,,,,,,,,,,,,,,,,,,,,,,,,,,,,,,,,,,,,,,,,,,,,,,,,,,,,,,,,,,,,,,,,,,,,,,,,,,,,,,,,,,25000.0,0.0,0.0,0.0,37.0,0.0,0.0,0.0,0.0,0.0
2017,ARKANSAS,,,,,,275000.0,0.862,1.14,1.3,7.0,,,,,,,,,,,47000.0,0.08,0.098,1.2,14.0,,,,,,,,,,,,,,,,8000.0,0.047,0.047,1.0,5.0,,,,,,,,,,,,,,,,,,,,,,,,,,,,,,,,,,,,,,,,,0.0,0.0,0.0,0.0,0.0,,,,,,,,,,,0.0,0.0,0.0,0.0,0.0,,,,,,12000.0,0.025,0.027,1.1,13.0,,,,,,,,,,,0.0,0.0,0.0,0.0,0.0,,,,,,,,,,,,,,,,,,,,,,,,,,,,,,,,,,,,,,,,,,,,,,,,,,,,,,,,,,,,,0.0,0.0,0.0,0.0,0.0,,,,,,350000.0,0.0,0.0,0.0,33.0,,,,,
2017,KENTUCKY,,,,,,0.0,0.0,0.0,0.0,0.0,,,,,,0.0,0.0,0.0,0.0,0.0,7000.0,0.03,0.036,1.2,10.0,,,,,,,,,,,,,,,,,,,,,,,,,,0.0,0.0,0.0,0.0,0.0,7000.0,0.086,0.089,1.0,4.0,,,,,,0.0,0.0,0.0,0.0,0.0,,,,,,,,,,,,,,,,,,,,,,,,,,0.0,0.0,0.0,0.0,0.0,0.0,0.0,0.0,0.0,0.0,,,,,,6000.0,0.021,0.024,1.1,14.0,,,,,,,,,,,,,,,,,,,,,,,,,,,,,,,,,,,,,,,,,,,,,,,,,,,,,,,,,,,,,,,,,,,,,,,,,,,,,,,,,,,,,,87000.0,0.0,0.0,0.0,33.0,2000.0,0.01,0.013,1.2,9.0
2017,MISSISSIPPI,,,,,,377000.0,0.602,0.729,1.2,24.0,,,,,,,,,,,49000.0,0.074,0.088,1.2,25.0,,,,,,,,,,,,,,,,20000.0,0.055,0.056,1.0,16.0,,,,,,0.0,0.0,0.0,0.0,0.0,0.0,0.0,0.0,0.0,0.0,,,,,,,,,,,,,,,,0.0,0.0,0.0,0.0,0.0,,,,,,,,,,,,,,,,,,,,,0.0,0.0,0.0,0.0,0.0,,,,,,11000.0,0.028,0.028,1.0,18.0,,,,,,,,,,,23000.0,0.109,0.13,1.2,8.0,,,,,,,,,,,,,,,,,,,,,,,,,,,,,,,,,,,,,,,,,,,,,,0.0,0.0,0.0,0.0,0.0,,,,,,,,,,,0.0,0.0,0.0,0.0,0.0,,,,,,493000.0,0.0,0.0,0.0,50.0,0.0,0.0,0.0,0.0,0.0
2017,MISSOURI,,,,,,0.0,0.0,0.0,0.0,0.0,0.0,0.0,0.0,0.0,0.0,0.0,0.0,0.0,0.0,0.0,0.0,0.0,0.0,0.0,0.0,,,,,,,,,,,,,,,,0.0,0.0,0.0,0.0,0.0,,,,,,,,,,,0.0,0.0,0.0,0.0,0.0,,,,,,,,,,,,,,,,,,,,,,,,,,,,,,,,,,,,,,,,,0.0,0.0,0.0,0.0,0.0,,,,,,23000.0,0.03,0.03,1.0,13.0,,,,,,,,,,,,,,,,,,,,,,,,,,,,,,,,,,,,,,,,,,,,,,,,,,,,,,,,,,,,,,,,,,,,,,,,,,,,,,,,,,,,,,222000.0,0.0,0.0,0.0,21.0,0.0,0.0,0.0,0.0,0.0
2017,NORTH CAROLINA,,,,,,0.0,0.0,0.0,0.0,0.0,,,,,,,,,,,7000.0,0.058,0.058,1.0,7.0,,,,,,,,,,,,,,,,26000.0,0.08,0.08,1.0,19.0,,,,,,0.0,0.0,0.0,0.0,0.0,3000.0,0.03,0.03,1.0,6.0,0.0,0.0,0.0,0.0,0.0,,,,,,,,,,,,,,,,,,,,,,,,,,,,,,,,,,,,0.0,0.0,0.0,0.0,0.0,,,,,,15000.0,0.042,0.042,1.0,21.0,,,,,,,,,,,6000.0,0.077,0.078,1.0,5.0,,,,,,,,,,,,,,,,,,,,,,,,,,,,,,,0.0,0.0,0.0,0.0,0.0,,,,,,,,,,,,,,,,,,,,,,,,,,0.0,0.0,0.0,0.0,0.0,,,,,,77000.0,0.0,0.0,0.0,38.0,0.0,0.0,0.0,0.0,0.0
2018,ARKANSAS,,,,,,166000.0,0.586,0.646,1.1,8.0,,,,,,0.0,0.0,0.0,0.0,0.0,22000.0,0.135,0.166,1.2,4.0,,,,,,,,,,,,,,,,13000.0,0.126,0.126,1.0,3.0,,,,,,,,,,,0.0,0.0,0.0,0.0,0.0,0.0,0.0,0.0,0.0,0.0,,,,,,,,,,,,,,,,,,,,,,,,,,,,,,,,,,,,,,,,,,,,,,26000.0,0.071,0.076,1.1,10.0,,,,,,,,,,,0.0,0.0,0.0,0.0,0.0,,,,,,,,,,,,,,,,,,,,,,,,,,,,,,,0.0,0.0,0.0,0.0,0.0,,,,,,,,,,,,,,,,,,,,,,,,,,,,,,,,,,,,244000.0,0.0,0.0,0.0,26.0,,,,,
2018,LOUISIANA,,,,,,400000.0,0.659,0.798,1.2,37.0,,,,,,2000.0,0.031,0.031,1.0,6.0,52000.0,0.092,0.186,2.0,21.0,,,,,,,,,,,,,,,,0.0,0.0,0.0,0.0,0.0,,,,,,0.0,0.0,0.0,0.0,0.0,0.0,0.0,0.0,0.0,0.0,0.0,0.0,0.0,0.0,0.0,,,,,,,,,,,0.0,0.0,0.0,0.0,0.0,,,,,,0.0,0.0,0.0,0.0,0.0,,,,,,,,,,,8000.0,0.058,0.073,1.2,8.0,,,,,,14000.0,0.089,0.115,1.3,9.0,,,,,,,,,,,0.0,0.0,0.0,0.0,0.0,,,,,,,,,,,,,,,,,,,,,,,,,,0.0,0.0,0.0,0.0,0.0,,,,,,,,,,,,,,,,,,,,,,,,,,,,,,,0.0,0.0,0.0,0.0,0.0,,,,,,512000.0,0.0,0.0,0.0,59.0,0.0,0.0,0.0,0.0,0.0
2018,MISSISSIPPI,,,,,,0.0,0.0,0.0,0.0,0.0,,,,,,,,,,,21000.0,0.087,0.087,1.0,11.0,,,,,,,,,,,,,,,,7000.0,0.055,0.061,1.1,5.0,,,,,,0.0,0.0,0.0,0.0,0.0,,,,,,,,,,,,,,,,,,,,,0.0,0.0,0.0,0.0,0.0,,,,,,,,,,,0.0,0.0,0.0,0.0,0.0,,,,,,0.0,0.0,0.0,0.0,0.0,,,,,,6000.0,0.022,0.024,1.1,11.0,,,,,,,,,,,3000.0,0.053,0.053,1.0,2.0,,,,,,,,,,,,,,,,,,,,,,,,,,,,,,,,,,,,,,,,,,,,,,,,,,,,,,,,,,,,,,,,,,,,,,,85000.0,0.0,0.0,0.0,26.0,,,,,
2018,MISSOURI,,,,,,0.0,0.0,0.0,0.0,0.0,0.0,0.0,0.0,0.0,0.0,0.0,0.0,0.0,0.0,0.0,0.0,0.0,0.0,0.0,0.0,,,,,,,,,,,,,,,,0.0,0.0,0.0,0.0,0.0,,,,,,,,,,,0.0,0.0,0.0,0.0,0.0,,,,,,,,,,,,,,,,,,,,,,,,,,0.0,0.0,0.0,0.0,0.0,,,,,,,,,,,0.0,0.0,0.0,0.0,0.0,,,,,,11000.0,0.025,0.025,1.0,8.0,,,,,,,,,,,,,,,,,,,,,,,,,,,,,,,,,,,,,,,,,,,,,,,,,,,,,,,,,,,,,,,,,,,,,,,0.0,0.0,0.0,0.0,0.0,0.0,0.0,0.0,0.0,0.0,,,,,,93000.0,0.0,0.0,0.0,17.0,,,,,
2015,MINNESOTA,,,,,,,,,,,0.0,0.0,0.0,0.0,0.0,6000.0,0.031,0.031,1.0,2.0,54000.0,0.062,0.062,1.0,11.0,,,,,,,,,,,,,,,,,,,,,,,,,,484000.0,0.402,0.426,1.1,15.0,,,,,,,,,,,,,,,,,,,,,,,,,,,,,,,5000.0,0.032,0.032,1.0,2.0,,,,,,2000.0,0.006,0.006,1.0,5.0,11000.0,0.061,0.061,1.0,2.0,,,,,,69000.0,0.028,0.029,1.0,31.0,,,,,,,,,,,,,,,,,,,,,,,,,,,,,,,,,,,,,,,,,,,,,,,,,,,,,,,,,,,,,,,,,,,,,,,,,,,,24000.0,0.032,0.032,1.0,10.0,,,,,,656000.0,0.0,0.0,0.0,56.0,0.0,0.0,0.0,0.0,0.0
2017,ILLINOIS,,,,,,,,,,,0.0,0.0,0.0,0.0,0.0,8000.0,0.022,0.022,1.0,4.0,20000.0,0.031,0.031,1.0,6.0,,,,,,,,,,,,,,,,,,,,,,,,,,0.0,0.0,0.0,0.0,0.0,0.0,0.0,0.0,0.0,0.0,,,,,,,,,,,,,,,,,,,,,,,,,,0.0,0.0,0.0,0.0,0.0,,,,,,0.0,0.0,0.0,0.0,0.0,21000.0,0.042,0.042,1.0,5.0,,,,,,17000.0,0.024,0.024,1.0,7.0,,,,,,,,,,,,,,,,,,,,,,,,,,,,,,,,,,,,,,,,,,,,,,,,,,,,,,,,,,,,,,,,,,,,,,,,,,,,16000.0,0.035,0.035,1.0,4.0,,,,,,98000.0,0.0,0.0,0.0,19.0,9000.0,0.016,0.016,1.0,5.0
2017,INDIANA,,,,,,,,,,,0.0,0.0,0.0,0.0,0.0,0.0,0.0,0.0,0.0,0.0,15000.0,0.055,0.055,1.0,5.0,,,,,,,,,,,,,,,,0.0,0.0,0.0,0.0,0.0,,,,,,0.0,0.0,0.0,0.0,0.0,0.0,0.0,0.0,0.0,0.0,,,,,,,,,,,,,,,,,,,,,,,,,,,,,,,,,,,,,,,,,0.0,0.0,0.0,0.0,0.0,,,,,,0.0,0.0,0.0,0.0,0.0,,,,,,,,,,,0.0,0.0,0.0,0.0,0.0,,,,,,,,,,,,,,,,0.0,0.0,0.0,0.0,0.0,,,,,,,,,,,,,,,,,,,,,,,,,,,,,,,,,,,,,,,,,,,,,,,,,,,48000.0,0.0,0.0,0.0,15.0,0.0,0.0,0.0,0.0,0.0
2012,IOWA,,,,,,,,,,,,,,,,0.0,0.0,0.0,0.0,0.0,59000.0,0.14,0.14,1.0,4.0,,,,,,,,,,,,,,,,,,,,,,,,,,393000.0,0.307,0.307,1.0,14.0,,,,,,,,,,,,,,,,,,,,,,,,,,,,,,,0.0,0.0,0.0,0.0,0.0,,,,,,1000.0,0.006,0.006,1.0,3.0,0.0,0.0,0.0,0.0,0.0,,,,,,18000.0,0.047,0.047,1.0,4.0,,,,,,,,,,,,,,,,,,,,,,,,,,,,,,,,,,,,,,,,,,,,,,,,,,,,,,,,,,,,,,,,,,,,,,,,,,,,0.0,0.0,0.0,0.0,0.0,,,,,,486000.0,0.0,0.0,0.0,21.0,0.0,0.0,0.0,0.0,0.0
2012,WISCONSIN,,,,,,,,,,,,,,,,0.0,0.0,0.0,0.0,0.0,0.0,0.0,0.0,0.0,0.0,,,,,,,,,,,,,,,,,,,,,,,,,,134000.0,0.394,0.394,1.0,20.0,,,,,,,,,,,,,,,,,,,,,,,,,,0.0,0.0,0.0,0.0,0.0,,,,,,,,,,,0.0,0.0,0.0,0.0,0.0,0.0,0.0,0.0,0.0,0.0,,,,,,0.0,0.0,0.0,0.0,0.0,,,,,,,,,,,,,,,,,,,,,,,,,,,,,,,,,,,,,,,,,,,,,,,,,,,,,,,,,,,,,,,,,,,,,,,,,,,,,,,,,,,,,,177000.0,0.0,0.0,0.0,29.0,0.0,0.0,0.0,0.0,0.0
2015,KENTUCKY,,,,,,,,,,,,,,,,0.0,0.0,0.0,0.0,0.0,3000.0,0.029,0.029,1.0,6.0,,,,,,,,,,,0.0,0.0,0.0,0.0,0.0,,,,,,,,,,,0.0,0.0,0.0,0.0,0.0,0.0,0.0,0.0,0.0,0.0,0.0,0.0,0.0,0.0,0.0,,,,,,,,,,,,,,,,,,,,,0.0,0.0,0.0,0.0,0.0,,,,,,0.0,0.0,0.0,0.0,0.0,0.0,0.0,0.0,0.0,0.0,,,,,,3000.0,0.027,0.027,1.0,6.0,,,,,,,,,,,,,,,,,,,,,,,,,,,,,,,,,,,,,,,,,,,,,,,,,,,,,,,,,,,,,,,,,,,,,,,,,,,,0.0,0.0,0.0,0.0,0.0,,,,,,55000.0,0.0,0.0,0.0,23.0,1000.0,0.012,0.012,1.0,6.0
2015,NORTH DAKOTA,,,,,,,,,,,,,,,,0.0,0.0,0.0,0.0,0.0,25000.0,0.056,0.058,1.0,7.0,,,,,,,,,,,,,,,,0.0,0.0,0.0,0.0,0.0,,,,,,278000.0,0.314,0.314,1.0,15.0,,,,,,,,,,,,,,,,,,,,,,,,,,0.0,0.0,0.0,0.0,0.0,,,,,,,,,,,3000.0,0.007,0.007,1.0,7.0,0.0,0.0,0.0,0.0,0.0,,,,,,35000.0,0.036,0.036,1.0,17.0,,,,,,,,,,,,,,,,,,,,,,,,,,,,,,,,,,,,,,,,,,,,,,,,,,,,,,,,,,,,,,,,,,0.0,0.0,0.0,0.0,0.0,,,,,,,,,,,,,,,,367000.0,0.0,0.0,0.0,37.0,,,,,
2015,OHIO,,,,,,,,,,,,,,,,0.0,0.0,0.0,0.0,0.0,0.0,0.0,0.0,0.0,0.0,,,,,,,,,,,,,,,,,,,,,,,,,,,,,,,0.0,0.0,0.0,0.0,0.0,,,,,,,,,,,,,,,,,,,,,,,,,,,,,,,,,,,,0.0,0.0,0.0,0.0,0.0,0.0,0.0,0.0,0.0,0.0,,,,,,0.0,0.0,0.0,0.0,0.0,,,,,,,,,,,,,,,,,,,,,0.0,0.0,0.0,0.0,0.0,,,,,,,,,,,,,,,,,,,,,,,,,,,,,,,,,,,,,,,,,,,,,,,,,,,,,,,,,,,,,13000.0,0.0,0.0,0.0,7.0,0.0,0.0,0.0,0.0,0.0
2015,SOUTH DAKOTA,,,,,,,,,,,,,,,,0.0,0.0,0.0,0.0,0.0,12000.0,0.05,0.05,1.0,5.0,,,,,,,,,,,,,,,,,,,,,,,,,,247000.0,0.569,0.63,1.1,8.0,0.0,0.0,0.0,0.0,0.0,,,,,,,,,,,,,,,,,,,,,,,,,,0.0,0.0,0.0,0.0,0.0,,,,,,0.0,0.0,0.0,0.0,0.0,0.0,0.0,0.0,0.0,0.0,,,,,,22000.0,0.027,0.029,1.1,15.0,,,,,,,,,,,0.0,0.0,0.0,0.0,0.0,,,,,,,,,,,,,,,,,,,,,,,,,,,,,,,,,,,,,,,,,,,,,,,,,,,,,,,,,,,,,0.0,0.0,0.0,0.0,0.0,,,,,,291000.0,0.0,0.0,0.0,29.0,0.0,0.0,0.0,0.0,0.0
2017,IOWA,,,,,,,,,,,,,,,,0.0,0.0,0.0,0.0,0.0,50000.0,0.069,0.069,1.0,7.0,,,,,,,,,,,,,,,,,,,,,,,,,,105000.0,0.321,0.321,1.0,3.0,,,,,,,,,,,,,,,,,,,,,,,,,,,,,,,7000.0,0.039,0.039,1.0,2.0,,,,,,0.0,0.0,0.0,0.0,0.0,26000.0,0.093,0.093,1.0,3.0,,,,,,25000.0,0.035,0.038,1.1,6.0,,,,,,,,,,,,,,,,,,,,,,,,,,0.0,0.0,0.0,0.0,0.0,,,,,,,,,,,,,,,,,,,,,,,,,,,,,,,,,,,,,,,,,,,,,,0.0,0.0,0.0,0.0,0.0,,,,,,221000.0,0.0,0.0,0.0,19.0,0.0,0.0,0.0,0.0,0.0
2017,MICHIGAN,,,,,,,,,,,,,,,,0.0,0.0,0.0,0.0,0.0,0.0,0.0,0.0,0.0,0.0,,,,,,,,,,,,,,,,,,,,,,,,,,0.0,0.0,0.0,0.0,0.0,,,,,,,,,,,,,,,,,,,,,0.0,0.0,0.0,0.0,0.0,,,,,,,,,,,,,,,,,,,,,0.0,0.0,0.0,0.0,0.0,,,,,,,,,,,,,,,,,,,,,,,,,,,,,,,,,,,,,,,,,,,,,,,,,,,,,,,,,,,,,,,,,,,,,,,,,,,,,,,,,,,,,,,,,,,,,,,,9000.0,0.0,0.0,0.0,5.0,0.0,0.0,0.0,0.0,0.0
2017,MINNESOTA,,,,,,,,,,,,,,,,0.0,0.0,0.0,0.0,0.0,8000.0,0.055,0.055,1.0,2.0,,,,,,,,,,,,,,,,,,,,,,,,,,484000.0,0.345,0.352,1.0,17.0,0.0,0.0,0.0,0.0,0.0,,,,,,,,,,,,,,,,,,,,,,,,,,,,,,,,,,,,1000.0,0.004,0.004,1.0,2.0,0.0,0.0,0.0,0.0,0.0,,,,,,52000.0,0.027,0.027,1.0,24.0,,,,,,,,,,,,,,,,,,,,,,,,,,,,,,,,,,,,,,,,,,,,,,,,,,,,,,,,,,,,,,,,,,,,,,,,,,,,19000.0,0.034,0.034,1.0,7.0,,,,,,577000.0,0.0,0.0,0.0,38.0,0.0,0.0,0.0,0.0,0.0
2017,OHIO,,,,,,,,,,,,,,,,0.0,0.0,0.0,0.0,0.0,,,,,,,,,,,,,,,,,,,,,,,,,,,,,,,,,,,,,,,,,,,,,,0.0,0.0,0.0,0.0,0.0,,,,,,,,,,,,,,,,0.0,0.0,0.0,0.0,0.0,,,,,,,,,,,0.0,0.0,0.0,0.0,0.0,,,,,,9000.0,0.036,0.036,1.0,5.0,,,,,,,,,,,,,,,,,,,,,,,,,,,,,,,,,,,,,,,,,,,,,,,,,,,,,,,,,,,,,,,,,,,,,,,,,,,,,,,,,,,,,,20000.0,0.0,0.0,0.0,11.0,0.0,0.0,0.0,0.0,0.0
2017,SOUTH DAKOTA,,,,,,,,,,,,,,,,0.0,0.0,0.0,0.0,0.0,0.0,0.0,0.0,0.0,0.0,,,,,,,,,,,,,,,,,,,,,,,,,,,,,,,,,,,,,,,,,,,,,,,,,,,,,,,,,,,,,,,,,,,,,,,,,,,,0.0,0.0,0.0,0.0,0.0,,,,,,0.0,0.0,0.0,0.0,0.0,,,,,,,,,,,,,,,,,,,,,,,,,,,,,,,,,,,,,,,,,,,,,,,,,,,,,,,,,,,,,,,,,,,,,,,,,,,,,,,,,,,,,,0.0,0.0,0.0,0.0,0.0,0.0,0.0,0.0,0.0,0.0
2017,WISCONSIN,,,,,,,,,,,,,,,,0.0,0.0,0.0,0.0,0.0,0.0,0.0,0.0,0.0,0.0,,,,,,,,,,,,,,,,0.0,0.0,0.0,0.0,0.0,,,,,,0.0,0.0,0.0,0.0,0.0,,,,,,,,,,,,,,,,,,,,,,,,,,,,,,,,,,,,,,,,,,,,,,0.0,0.0,0.0,0.0,0.0,,,,,,0.0,0.0,0.0,0.0,0.0,,,,,,,,,,,,,,,,,,,,,,,,,,,,,,,,,,,,,,,,,,,,,,,,,,,,,,,,,,,,,,,,,,,,,,,,,,,,0.0,0.0,0.0,0.0,0.0,,,,,,0.0,0.0,0.0,0.0,0.0,0.0,0.0,0.0,0.0,0.0
2018,ILLINOIS,,,,,,,,,,,,,,,,0.0,0.0,0.0,0.0,0.0,0.0,0.0,0.0,0.0,0.0,,,,,,,,,,,,,,,,,,,,,,,,,,,,,,,0.0,0.0,0.0,0.0,0.0,,,,,,,,,,,,,,,,,,,,,,,,,,,,,,,,,,,,,,,,,43000.0,0.048,0.075,1.6,5.0,,,,,,13000.0,0.023,0.023,1.0,5.0,,,,,,,,,,,,,,,,,,,,,,,,,,,,,,,0.0,0.0,0.0,0.0,0.0,,,,,,,,,,,,,,,,,,,,,,,,,,,,,,,,,,,,,,,,,0.0,0.0,0.0,0.0,0.0,,,,,,98000.0,0.0,0.0,0.0,16.0,0.0,0.0,0.0,0.0,0.0
2018,KANSAS,,,,,,,,,,,,,,,,0.0,0.0,0.0,0.0,0.0,45000.0,0.066,0.068,1.0,14.0,,,,,,,,,,,,,,,,0.0,0.0,0.0,0.0,0.0,,,,,,0.0,0.0,0.0,0.0,0.0,,,,,,,,,,,,,,,,,,,,,,,,,,,,,,,,,,,,,,,,,,,,,,0.0,0.0,0.0,0.0,0.0,,,,,,0.0,0.0,0.0,0.0,0.0,,,,,,,,,,,,,,,,,,,,,,,,,,,,,,,0.0,0.0,0.0,0.0,0.0,,,,,,,,,,,,,,,,,,,,,,,,,,,,,,,,,,,,,,,,,0.0,0.0,0.0,0.0,0.0,,,,,,165000.0,0.0,0.0,0.0,19.0,0.0,0.0,0.0,0.0,0.0
2018,MICHIGAN,,,,,,,,,,,,,,,,0.0,0.0,0.0,0.0,0.0,0.0,0.0,0.0,0.0,0.0,,,,,,,,,,,,,,,,,,,,,,,,,,0.0,0.0,0.0,0.0,0.0,,,,,,,,,,,0.0,0.0,0.0,0.0,0.0,,,,,,,,,,,,,,,,,,,,,,,,,,,,,,,0.0,0.0,0.0,0.0,0.0,,,,,,0.0,0.0,0.0,0.0,0.0,,,,,,,,,,,,,,,,,,,,,,,,,,,,,,,,,,,,0.0,0.0,0.0,0.0,0.0,,,,,,,,,,,,,,,,,,,,,,,,,,,,,,,,,,,,,,,,,,,,,,59000.0,0.0,0.0,0.0,6.0,,,,,
2018,NEBRASKA,,,,,,,,,,,,,,,,0.0,0.0,0.0,0.0,0.0,0.0,0.0,0.0,0.0,0.0,,,,,,,,,,,,,,,,,,,,,,,,,,,,,,,,,,,,,,,,,,,,,,,,,,,,,,,,,,,,,,,,,,,,,,,,,,,,0.0,0.0,0.0,0.0,0.0,,,,,,0.0,0.0,0.0,0.0,0.0,,,,,,,,,,,,,,,,,,,,,,,,,,,,,,,,,,,,,,,,,,,,,,,,,,,,,,,,,,,,,,,,,,,,,,,,,,,,,,,,,,,,,,18000.0,0.0,0.0,0.0,8.0,0.0,0.0,0.0,0.0,0.0
2018,NORTH CAROLINA,,,,,,,,,,,,,,,,0.0,0.0,0.0,0.0,0.0,0.0,0.0,0.0,0.0,0.0,,,,,,,,,,,,,,,,5000.0,0.055,0.055,1.0,6.0,,,,,,,,,,,,,,,,,,,,,,,,,,,,,,,,,,,,,,,,,0.0,0.0,0.0,0.0,0.0,,,,,,,,,,,0.0,0.0,0.0,0.0,0.0,,,,,,4000.0,0.026,0.026,1.0,9.0,,,,,,,,,,,12000.0,0.136,0.136,1.0,5.0,,,,,,,,,,,,,,,,,,,,,,,,,,,,,,,,,,,,,,,,,,,,,,,,,,,,,,,,,,,,,0.0,0.0,0.0,0.0,0.0,,,,,,27000.0,0.0,0.0,0.0,23.0,0.0,0.0,0.0,0.0,0.0
2018,WISCONSIN,,,,,,,,,,,,,,,,0.0,0.0,0.0,0.0,0.0,,,,,,,,,,,,,,,,,,,,,,,,,,,,,,,,,,,,,,,,,,,,,,,,,,,,,,,,,,,,,,,,,,,,,,,,,,,,,,,,,0.0,0.0,0.0,0.0,0.0,,,,,,0.0,0.0,0.0,0.0,0.0,,,,,,,,,,,,,,,,,,,,,,,,,,,,,,,,,,,,,,,,,,,,,,,,,,,,,,,,,,,,,,,,,,,,,,,,,,,,0.0,0.0,0.0,0.0,0.0,,,,,,0.0,0.0,0.0,0.0,0.0,,,,,
2012,ILLINOIS,,,,,,,,,,,,,,,,,,,,,1000.0,0.004,0.004,1.0,3.0,,,,,,,,,,,,,,,,,,,,,,,,,,246000.0,0.505,0.541,1.1,5.0,0.0,0.0,0.0,0.0,0.0,,,,,,,,,,,,,,,,,,,,,89000.0,0.354,0.354,1.0,3.0,0.0,0.0,0.0,0.0,0.0,,,,,,0.0,0.0,0.0,0.0,0.0,0.0,0.0,0.0,0.0,0.0,,,,,,17000.0,0.033,0.036,1.1,5.0,,,,,,,,,,,,,,,,0.0,0.0,0.0,0.0,0.0,,,,,,,,,,,0.0,0.0,0.0,0.0,0.0,,,,,,,,,,,,,,,,,,,,,,,,,,,,,,,,,,,,,,,,,0.0,0.0,0.0,0.0,0.0,,,,,,384000.0,0.0,0.0,0.0,16.0,1000.0,0.003,0.003,1.0,3.0
2012,INDIANA,,,,,,,,,,,,,,,,,,,,,15000.0,0.077,0.077,1.0,4.0,,,,,,,,,,,,,,,,,,,,,,,,,,85000.0,0.494,0.494,1.0,3.0,0.0,0.0,0.0,0.0,0.0,,,,,,,,,,,,,,,,,,,,,142000.0,0.601,0.601,1.0,5.0,,,,,,,,,,,0.0,0.0,0.0,0.0,0.0,,,,,,,,,,,0.0,0.0,0.0,0.0,0.0,0.0,0.0,0.0,0.0,0.0,,,,,,,,,,,,,,,,,,,,,,,,,,,,,,,,,,,,,,,,,,,,,,,,,,,,,,,,,,,,,,,,,,,,,,,,,,,,,,,,,362000.0,0.0,0.0,0.0,16.0,0.0,0.0,0.0,0.0,0.0
2012,KANSAS,,,,,,,,,,,,,,,,,,,,,0.0,0.0,0.0,0.0,0.0,,,,,,,,,,,,,,,,,,,,,,,,,,,,,,,,,,,,,,,,,,,,,,,,,,,,,,,,,,,,,,,,,,,,,,,,,,,,0.0,0.0,0.0,0.0,0.0,,,,,,0.0,0.0,0.0,0.0,0.0,,,,,,,,,,,,,,,,,,,,,,,,,,,,,,,,,,,,,,,,,,,,,,,,,,,,,,,,,,,,,,,,,,,,,,,,,,,,0.0,0.0,0.0,0.0,0.0,,,,,,0.0,0.0,0.0,0.0,0.0,0.0,0.0,0.0,0.0,0.0
2012,KENTUCKY,,,,,,,,,,,,,,,,,,,,,0.0,0.0,0.0,0.0,0.0,,,,,,,,,,,,,,,,,,,,,,,,,,,,,,,0.0,0.0,0.0,0.0,0.0,,,,,,,,,,,,,,,,,,,,,,,,,,,,,,,,,,,,0.0,0.0,0.0,0.0,0.0,,,,,,,,,,,3000.0,0.024,0.024,1.0,9.0,,,,,,0.0,0.0,0.0,0.0,0.0,,,,,,,,,,,,,,,,,,,,,,,,,,,,,,,,,,,,,,,,,,,,,,,,,,,,,,,,,,,,,,,,,,,,,,,,,,,,6000.0,0.0,0.0,0.0,13.0,0.0,0.0,0.0,0.0,0.0
2012,MINNESOTA,,,,,,,,,,,,,,,,,,,,,0.0,0.0,0.0,0.0,0.0,,,,,,,,,,,,,,,,,,,,,,,,,,449000.0,0.396,0.408,1.0,16.0,,,,,,,,,,,,,,,,,,,,,,,,,,,,,,,,,,,,,,,,,2000.0,0.005,0.005,1.0,5.0,,,,,,,,,,,21000.0,0.032,0.037,1.1,8.0,,,,,,,,,,,,,,,,,,,,,,,,,,,,,,,,,,,,,,,,,,,,,,,,,,,,,,,,,,,,,,,,,,,,,,,,,,,,0.0,0.0,0.0,0.0,0.0,,,,,,493000.0,0.0,0.0,0.0,26.0,0.0,0.0,0.0,0.0,0.0
2012,MISSOURI,,,,,,,,,,,,,,,,,,,,,0.0,0.0,0.0,0.0,0.0,,,,,,,,,,,,,,,,,,,,,,,,,,0.0,0.0,0.0,0.0,0.0,0.0,0.0,0.0,0.0,0.0,0.0,0.0,0.0,0.0,0.0,,,,,,,,,,,,,,,,,,,,,0.0,0.0,0.0,0.0,0.0,,,,,,,,,,,,,,,,,,,,,14000.0,0.028,0.03,1.1,9.0,,,,,,,,,,,,,,,,,,,,,,,,,,,,,,,,,,,,,,,,,,,,,,,,,,,,,,,,,,,,,,,,,,,,,,,,,,,,,,,,,,,,,,120000.0,0.0,0.0,0.0,15.0,0.0,0.0,0.0,0.0,0.0
2012,NEBRASKA,,,,,,,,,,,,,,,,,,,,,0.0,0.0,0.0,0.0,0.0,,,,,,,,,,,,,,,,,,,,,,,,,,0.0,0.0,0.0,0.0,0.0,,,,,,,,,,,,,,,,,,,,,,,,,,,,,,,0.0,0.0,0.0,0.0,0.0,,,,,,0.0,0.0,0.0,0.0,0.0,,,,,,,,,,,,,,,,,,,,,,,,,,,,,,,,,,,,,,,,,,,,,,,,,,,,,,,,,,,,,,,,,,,,,,,,,,,,,,,,,,,,,,,,,,,,,,,,,,,,,0.0,0.0,0.0,0.0,0.0,,,,,
2012,OHIO,,,,,,,,,,,,,,,,,,,,,0.0,0.0,0.0,0.0,0.0,,,,,,,,,,,,,,,,,,,,,,,,,,0.0,0.0,0.0,0.0,0.0,0.0,0.0,0.0,0.0,0.0,,,,,,,,,,,,,,,,,,,,,,,,,,0.0,0.0,0.0,0.0,0.0,,,,,,,,,,,,,,,,,,,,,6000.0,0.037,0.037,1.0,3.0,,,,,,,,,,,,,,,,0.0,0.0,0.0,0.0,0.0,,,,,,,,,,,,,,,,,,,,,,,,,,0.0,0.0,0.0,0.0,0.0,0.0,0.0,0.0,0.0,0.0,,,,,,,,,,,,,,,,,,,,,,,,,,,,,,,45000.0,0.0,0.0,0.0,6.0,0.0,0.0,0.0,0.0,0.0
2012,SOUTH DAKOTA,,,,,,,,,,,,,,,,,,,,,0.0,0.0,0.0,0.0,0.0,,,,,,,,,,,,,,,,,,,,,,,,,,348000.0,0.489,0.69,1.4,11.0,,,,,,,,,,,,,,,,,,,,,,,,,,,,,,,,,,,,,,,,,,,,,,,,,,,,,,,,7000.0,0.027,0.027,1.0,5.0,,,,,,,,,,,,,,,,,,,,,,,,,,,,,,,0.0,0.0,0.0,0.0,0.0,,,,,,,,,,,,,,,,,,,,,,,,,,,,,,,,,,,,,,,,,0.0,0.0,0.0,0.0,0.0,,,,,,363000.0,0.0,0.0,0.0,17.0,,,,,
2015,ILLINOIS,,,,,,,,,,,,,,,,,,,,,17000.0,0.048,0.048,1.0,4.0,,,,,,,,,,,,,,,,,,,,,,,,,,0.0,0.0,0.0,0.0,0.0,,,,,,,,,,,,,,,,,,,,,,,,,,,,,,,0.0,0.0,0.0,0.0,0.0,,,,,,0.0,0.0,0.0,0.0,0.0,0.0,0.0,0.0,0.0,0.0,,,,,,0.0,0.0,0.0,0.0,0.0,,,,,,,,,,,,,,,,,,,,,,,,,,,,,,,0.0,0.0,0.0,0.0,0.0,,,,,,,,,,,,,,,,,,,,,,,,,,,,,,,,,,,,,,,,,0.0,0.0,0.0,0.0,0.0,,,,,,89000.0,0.0,0.0,0.0,7.0,0.0,0.0,0.0,0.0,0.0
2015,INDIANA,,,,,,,,,,,,,,,,,,,,,5000.0,0.04,0.04,1.0,2.0,,,,,,,,,,,,,,,,,,,,,,,,,,52000.0,0.227,0.227,1.0,4.0,5000.0,0.047,0.047,1.0,2.0,,,,,,,,,,,,,,,,,,,,,0.0,0.0,0.0,0.0,0.0,0.0,0.0,0.0,0.0,0.0,,,,,,0.0,0.0,0.0,0.0,0.0,,,,,,,,,,,0.0,0.0,0.0,0.0,0.0,,,,,,,,,,,,,,,,,,,,,,,,,,,,,,,,,,,,,,,,,,,,,,,,,,,,,,,,,,,,,,,,,,,,,,,,,,,,,,,,,,,,,,118000.0,0.0,0.0,0.0,11.0,0.0,0.0,0.0,0.0,0.0
2015,KANSAS,,,,,,,,,,,,,,,,,,,,,11000.0,0.065,0.065,1.0,4.0,,,,,,,,,,,,,,,,,,,,,,,,,,0.0,0.0,0.0,0.0,0.0,0.0,0.0,0.0,0.0,0.0,0.0,0.0,0.0,0.0,0.0,,,,,,,,,,,,,,,,0.0,0.0,0.0,0.0,0.0,,,,,,,,,,,0.0,0.0,0.0,0.0,0.0,,,,,,,,,,,,,,,,,,,,,,,,,,,,,,,,,,,,,,,,,,,,,,0.0,0.0,0.0,0.0,0.0,,,,,,,,,,,,,,,,,,,,,,,,,,,,,,,,,,,,,,,,,,,,,,,,,,,62000.0,0.0,0.0,0.0,9.0,0.0,0.0,0.0,0.0,0.0
2015,MISSOURI,,,,,,,,,,,,,,,,,,,,,3000.0,0.035,0.035,1.0,2.0,,,,,,,,,,,,,,,,,,,,,,,,,,,,,,,,,,,,,,,,,,,,,,,,,,,,,,,,,,,,,,,,,,0.0,0.0,0.0,0.0,0.0,,,,,,0.0,0.0,0.0,0.0,0.0,,,,,,11000.0,0.037,0.096,2.6,3.0,,,,,,,,,,,,,,,,,,,,,,,,,,,,,,,,,,,,,,,,,,,,,,,,,,,,,,,,,,,,,,,,,,,,,,,,,,,,0.0,0.0,0.0,0.0,0.0,,,,,,19000.0,0.0,0.0,0.0,6.0,2000.0,0.015,0.015,1.0,3.0
2015,NEBRASKA,,,,,,,,,,,,,,,,,,,,,15000.0,0.046,0.046,1.0,6.0,,,,,,,,,,,,,,,,,,,,,,,,,,,,,,,,,,,,,,,,,,,,,,,,,,,0.0,0.0,0.0,0.0,0.0,,,,,,,,,,,,,,,,0.0,0.0,0.0,0.0,0.0,,,,,,,,,,,0.0,0.0,0.0,0.0,0.0,,,,,,,,,,,,,,,,,,,,,,,,,,,,,,,0.0,0.0,0.0,0.0,0.0,,,,,,,,,,,,,,,,,,,,,,,,,,,,,,,,,,,,,,,,,0.0,0.0,0.0,0.0,0.0,,,,,,25000.0,0.0,0.0,0.0,9.0,3000.0,0.015,0.015,1.0,4.0
2015,WISCONSIN,,,,,,,,,,,,,,,,,,,,,0.0,0.0,0.0,0.0,0.0,,,,,,,,,,,,,,,,,,,,,,,,,,0.0,0.0,0.0,0.0,0.0,,,,,,,,,,,,,,,,,,,,,,,,,,,,,,,,,,,,,,,,,,,,,,,,,,,,,,,,1000.0,0.019,0.023,1.2,2.0,,,,,,,,,,,,,,,,,,,,,,,,,,,,,,,,,,,,,,,,,,,,,,,,,,,,,,,,,,,,,,,,,,,,,,,,,,,,0.0,0.0,0.0,0.0,0.0,,,,,,0.0,0.0,0.0,0.0,0.0,,,,,
2017,KANSAS,,,,,,,,,,,,,,,,,,,,,21000.0,0.068,0.068,1.0,6.0,,,,,,,,,,,,,,,,,,,,,,,,,,0.0,0.0,0.0,0.0,0.0,0.0,0.0,0.0,0.0,0.0,,,,,,0.0,0.0,0.0,0.0,0.0,,,,,,,,,,,,,,,,,,,,,,,,,,0.0,0.0,0.0,0.0,0.0,,,,,,,,,,,20000.0,0.047,0.047,1.0,8.0,,,,,,,,,,,,,,,,,,,,,,,,,,,,,,,,,,,,,,,,,,,,,,,,,,,,,,,,,,,,,,,,,,,,,,,,,,,,0.0,0.0,0.0,0.0,0.0,,,,,,87000.0,0.0,0.0,0.0,15.0,2000.0,0.016,0.016,1.0,2.0
2017,NEBRASKA,,,,,,,,,,,,,,,,,,,,,0.0,0.0,0.0,0.0,0.0,,,,,,,,,,,,,,,,,,,,,0.0,0.0,0.0,0.0,0.0,,,,,,,,,,,,,,,,0.0,0.0,0.0,0.0,0.0,,,,,,,,,,,,,,,,,,,,,,,,,,,,,,,,,,,,,,,,,0.0,0.0,0.0,0.0,0.0,,,,,,,,,,,,,,,,,,,,,,,,,,,,,,,,,,,,,,,,,,,,,,,,,,,,,,,,,,,,,,,,,,,,,,,,,,,,0.0,0.0,0.0,0.0,0.0,,,,,,189000.0,0.0,0.0,0.0,6.0,0.0,0.0,0.0,0.0,0.0
2017,NORTH DAKOTA,,,,,,,,,,,,,,,,,,,,,0.0,0.0,0.0,0.0,0.0,,,,,,,,,,,,,,,,,,,,,,,,,,214000.0,0.372,0.416,1.1,7.0,,,,,,,,,,,,,,,,,,,,,,,,,,,,,,,0.0,0.0,0.0,0.0,0.0,,,,,,0.0,0.0,0.0,0.0,0.0,0.0,0.0,0.0,0.0,0.0,,,,,,14000.0,0.03,0.032,1.1,6.0,,,,,,,,,,,,,,,,,,,,,,,,,,,,,,,,,,,,,,,,,,,,,,,,,,,,,,,,,,,,,,,,,,,,,,,,,,,,,,,,,,,,,,241000.0,0.0,0.0,0.0,13.0,,,,,
2018,IOWA,,,,,,,,,,,,,,,,,,,,,55000.0,0.056,0.067,1.2,8.0,,,,,,,,,,,,,,,,,,,,,,,,,,202000.0,0.367,0.367,1.0,6.0,,,,,,,,,,,,,,,,,,,,,,,,,,,,,,,0.0,0.0,0.0,0.0,0.0,,,,,,,,,,,0.0,0.0,0.0,0.0,0.0,,,,,,13000.0,0.018,0.018,1.0,7.0,,,,,,,,,,,,,,,,,,,,,,,,,,,,,,,,,,,,,,,,,,,,,,,,,,,,,,,,,,,,,,,,,,,,,,,,,,,,,,,,,,,,,,283000.0,0.0,0.0,0.0,19.0,0.0,0.0,0.0,0.0,0.0
2018,KENTUCKY,,,,,,,,,,,,,,,,,,,,,0.0,0.0,0.0,0.0,0.0,,,,,,,,,,,,,,,,,,,,,,,,,,,,,,,0.0,0.0,0.0,0.0,0.0,,,,,,,,,,,,,,,,,,,,,,,,,,,,,,,,,,,,0.0,0.0,0.0,0.0,0.0,,,,,,,,,,,3000.0,0.021,0.026,1.2,6.0,,,,,,,,,,,,,,,,,,,,,,,,,,,,,,,,,,,,,,,,,,,,,,,,,,,,,,,,,,,,,,,,,,,,,,,,,,,,,,,,,,,,,,11000.0,0.0,0.0,0.0,18.0,0.0,0.0,0.0,0.0,0.0
2018,MINNESOTA,,,,,,,,,,,,,,,,,,,,,25000.0,0.078,0.078,1.0,4.0,,,,,,,,,,,,,,,,,,,,,,,,,,562000.0,0.558,0.654,1.2,11.0,,,,,,,,,,,,,,,,,,,,,,,,,,,,,,,0.0,0.0,0.0,0.0,0.0,,,,,,0.0,0.0,0.0,0.0,0.0,0.0,0.0,0.0,0.0,0.0,,,,,,35000.0,0.028,0.028,1.0,16.0,,,,,,,,,,,,,,,,,,,,,,,,,,,,,,,,,,,,,,,,,,,,,,,,,,,,,,,,,,,,,,,,,,,,,,,,,,,,10000.0,0.032,0.032,1.0,4.0,,,,,,637000.0,0.0,0.0,0.0,30.0,,,,,
2018,OHIO,,,,,,,,,,,,,,,,,,,,,0.0,0.0,0.0,0.0,0.0,,,,,,,,,,,,,,,,,,,,,,,,,,,,,,,0.0,0.0,0.0,0.0,0.0,,,,,,0.0,0.0,0.0,0.0,0.0,,,,,,,,,,,,,,,,,,,,,,,,,,,,,,,0.0,0.0,0.0,0.0,0.0,,,,,,4000.0,0.022,0.022,1.0,4.0,,,,,,,,,,,,,,,,,,,,,,,,,,,,,,,,,,,,,,,,,,,,,,,,,,,,,,,,,,,,,,,,,,,,,,,,,,,,0.0,0.0,0.0,0.0,0.0,,,,,,12000.0,0.0,0.0,0.0,8.0,0.0,0.0,0.0,0.0,0.0
2018,TENNESSEE,,,,,,,,,,,,,,,,,,,,,0.0,0.0,0.0,0.0,0.0,,,,0.0,0.0,,,,,,,,,,,,,,,,,,,,,,,,,,,,,,,,,,,,,,,,,,,,,,,,,,,,,,,,,,,,,,,,,,0.0,0.0,0.0,0.0,0.0,,,,,,,,,,,6000.0,0.022,0.033,1.5,11.0,,,,,,,,,,,,,,,,,,,,,,,,,,,,,,,,,,,,,,,,,,,,,,,,,,,,,,,,,,,,,,,,,,,,,,,,,,,,,,,,,,,,,,11000.0,0.0,0.0,0.0,15.0,0.0,0.0,0.0,0.0,0.0
2018,VIRGINIA,,,,,,,,,,,,,,,,,,,,,3000.0,0.082,0.082,1.0,7.0,,,,,,,,,,,,,,,,2000.0,0.056,0.056,1.0,7.0,,,,,,,,,,,0.0,0.0,0.0,0.0,0.0,,,,,,,,,,,,,,,,,,,,,0.0,0.0,0.0,0.0,0.0,,,,,,,,,,,,,,,,,,,,,,,,,,2000.0,0.025,0.025,1.0,15.0,,,,,,,,,,,0.0,0.0,0.0,0.0,0.0,,,,,,,,,,,,,,,,,,,,,,,,,,,,,,,,,,,,,,,,,0.0,0.0,0.0,0.0,0.0,,,,,,,,,,,,,,,,,,,,,,,,,,12000.0,0.0,0.0,0.0,27.0,0.0,0.0,0.0,0.0,0.0
2002,NEBRASKA,,,,,,,,,,,,,,,,,,,,,,,,,,,,,,,,,,,,,,,,,,,,,,,,,,,26000.0,0.52,0.59,1.1,0.0,,,,,,,,,,,,,,,,,,,,,,,,,,,,,,,,,,,,,,,,,,,,,,,,,,,,,,,,,,,,,,,,,,,,,,,,,,,,,,,,,,,,,,,,,,,,,,,,,,,,,,,,,,,,,,,,,,,,,,,,,,,,,,,,,,,,,,,,,,,,,,,,,,36000.0,0.0,0.0,0.0,4.0,,,,,
2004,NEBRASKA,,,,,,,,,,,,,,,,,,,,,,,,,,,,,,,,,,,,,,,,,,,,,,,,,,,255000.0,0.46,0.46,1.0,11.0,,,,,,,,,,,,,,,,,,,,,,,,,,,,,,,,,,,,,,,,,,,,,,,,,,,,,,,,,,,,,,,,,,,,,,,,,,,,,,,,,,,,,,,,,,,,,,,,,,,,,,,,,,,,,,,,,,,,,,,,,,,,,,,,,,,,,,,,,,,,,,,,,,274000.0,0.0,0.0,0.0,15.0,,,,,
2006,IOWA,,,,,,,,,,,,,,,,,,,,,,,,,,,,,,,,,,,,,,,,,,,,,,,,,,,100000.0,0.475,0.475,1.0,2.0,,,,,,,,,,,,,,,,,,,,,,,,,,,,,,,12000.0,0.036,0.036,1.0,3.0,,,,,,,,,,,,,,,,,,,,,,,,,,,,,,,,,,,,,,,,,,,,,,,,,,,,,,,,,,,,,,,,,,,,,,,,,,,,,,,,,,,,,,,,,,,,,,,,,,,,,,,,,,,,,,,127000.0,0.0,0.0,0.0,9.0,,,,,
2006,MINNESOTA,,,,,,,,,,,,,,,,,,,,,,,,,,,,,,,,,,,,,,,,,,,,,,,,,,,832000.0,0.465,0.484,1.0,23.0,,,,,,,,,,,,,,,,,,,,,,,,,,,,,,,23000.0,0.033,0.037,1.1,8.0,,,,,,,,,,,,,,,,,,,,,38000.0,0.02,0.022,1.1,24.0,,,,,,,,,,,,,,,,,,,,,,,,,,,,,,,,,,,,,,,,,,,,,,,,,,,,,,,,,,,,,,,,,,,,,,,,,,,,,,,,,,,,,,896000.0,0.0,0.0,0.0,56.0,,,,,
2006,NEBRASKA,,,,,,,,,,,,,,,,,,,,,,,,,,,,,,,,,,,,,,,,,,,,,,,,,,,126000.0,0.525,0.525,1.0,5.0,,,,,,,,,,,,,,,,,,,,,,,,,,,,,,,,,,,,,,,,,,,,,,,,,,,,,,,,,,,,,,,,,,,,,,,,,,,,,,,,,,,,,,,,,,,,,,,,,,,,,,,,,,,,,,,,,,,,,,,,,,,,,,,,,,,,,,,,,,,,,,,,,,129000.0,0.0,0.0,0.0,5.0,,,,,
2006,NORTH DAKOTA,,,,,,,,,,,,,,,,,,,,,,,,,,,,,,,,,,,,,,,,,,,,,,,,,,,434000.0,0.408,0.416,1.0,27.0,,,,,,,,,,,,,,,,,,,,,,,,,,,,,,,23000.0,0.035,0.039,1.1,15.0,,,,,,1000.0,0.012,0.012,1.0,3.0,,,,,,,,,,,16000.0,0.025,0.026,1.0,16.0,,,,,,,,,,,,,,,,,,,,,,,,,,,,,,,,,,,,,,,,,,,,,,,,,,,,,,,,,,,,,,,,,,,,,,,,,,,,,,,,,,,,,,480000.0,0.0,0.0,0.0,57.0,,,,,
2012,NORTH DAKOTA,,,,,,,,,,,,,,,,,,,,,,,,,,,,,,,,,,,,,,,,,,,,,,,,,,,118000.0,0.407,0.407,1.0,6.0,,,,,,,,,,,,,,,,,,,,,,,,,,,,,,,0.0,0.0,0.0,0.0,0.0,,,,,,,,,,,,,,,,,,,,,0.0,0.0,0.0,0.0,0.0,,,,,,,,,,,,,,,,,,,,,,,,,,,,,,,,,,,,,,,,,,,,,,,,,,,,,,,,,,,,,,,,,,,,,,,,,,,,,,,,,,,,,,125000.0,0.0,0.0,0.0,10.0,,,,,
2018,NORTH DAKOTA,,,,,,,,,,,,,,,,,,,,,,,,,,,,,,,,,,,,,,,,,,,,,,,,,,,0.0,0.0,0.0,0.0,0.0,,,,,,,,,,,,,,,,,,,,,,,,,,,,,,,,,,,,,,,,,,,,,,,,,,,,,,,,0.0,0.0,0.0,0.0,0.0,,,,,,,,,,,,,,,,,,,,,,,,,,,,,,,,,,,,,,,,,,,,,,,,,,,,,,,,,,,,,,,,,,,,,,,,,,,,,,,,,,,,,,0.0,0.0,0.0,0.0,0.0,,,,,
2012,TENNESSEE,,,,,,,,,,,,,,,,,,,,,,,,,,,,,,,,,,,,,,,,,,,,,,,,,,,,,,,,0.0,0.0,0.0,0.0,0.0,0.0,0.0,0.0,0.0,0.0,,,,,,,,,,,0.0,0.0,0.0,0.0,0.0,,,,,,,,,,,,,,,,,,,,,,,,,,,,,,,0.0,0.0,0.0,0.0,0.0,,,,,,,,,,,,,,,,,,,,,,,,,,,,,,,,,,,,,,,,,,,,,,,,,,,,,,,,,,,,,,,,,,,,,,,,,,,,,,,,,,,,,,6000.0,0.0,0.0,0.0,12.0,,,,,
2015,MICHIGAN,,,,,,,,,,,,,,,,,,,,,,,,,,,,,,,,,,,,,,,,,,,,,,,,,,,,,,,,0.0,0.0,0.0,0.0,0.0,,,,,,,,,,,,,,,,,,,,,,,,,,0.0,0.0,0.0,0.0,0.0,,,,,,,,,,,,,,,,,,,,,0.0,0.0,0.0,0.0,0.0,,,,,,,,,,,,,,,,,,,,,,,,,,,,,,,,,,,,,,,,,,,,,,,,,,,,,,,,,,,,,,,,,,,,,,,,,,,,,,,,,,,,,,0.0,0.0,0.0,0.0,0.0,0.0,0.0,0.0,0.0,0.0
2002,LOUISIANA,,,,,,,,,,,,,,,,,,,,,,,,,,,,,,,,,,,,,,,,,,,,,,,,,,,,,,,,,,,,,,,,,,,,,,,,,,,,3000.0,0.04,0.04,1.0,9.0,,,,,,,,,,,,,,,,,,,,,,,,,,,,,,,1000.0,0.03,0.03,1.0,3.0,,,,,,,,,,,8000.0,0.06,0.07,1.1,15.0,360000.0,0.6,0.82,1.3,56.0,,,,,,,,,,,,,,,,,,,,,,,,,,,,,,,,,,,,,,,,,,,,,,,,,,,,,,,,,,,,,56000.0,0.37,0.57,1.5,12.0,470000.0,0.0,0.0,0.0,72.0,4000.0,0.04,0.05,1.1,10.0
1999,PENNSYLVANIA,,,,,,,,,,,,,,,,,,,,,,,,,,,,,,,,,,,,,,,,,,,,,,,,,,,,,,,,,,,,,,,,,,,,,,,,,,,,,,,,,20000.0,0.5,0.5,1.0,11.0,,,,,,,,,,,,,,,,,,,,,,,,,,,,,,,,,,,,,,,,,,,,,,,,,,,,,,,,,,,,,,,,,,,,,,,,,,,,,,,,,,,,,,,,,,,,,,,,,,,,,,,,,,,,,,,,,,,,20000.0,0.0,0.0,0.0,11.0,,,,,
2002,NORTH CAROLINA,,,,,,,,,,,,,,,,,,,,,,,,,,,,,,,,,,,,,,,,,,,,,,,,,,,,,,,,,,,,,,,,,,,,,,,,,,,,,,,,,,,,,,2000.0,0.03,0.03,1.0,4.0,,,,,,,,,,,,,,,,,,,,,4000.0,0.02,0.02,1.0,14.0,,,,,,,,,,,,,,,,,,,,,,,,,,,,,,,,,,,,,,,,,,,,,,,,,,,,,,,,,,,,,,,,,,,,,,,,,,,,,,,,,,,,,,89000.0,0.0,0.0,0.0,25.0,,,,,
2004,SOUTH DAKOTA,,,,,,,,,,,,,,,,,,,,,,,,,,,,,,,,,,,,,,,,,,,,,,,,,,,,,,,,,,,,,,,,,,,,,,,,,,,,,,,,,,,,,,8000.0,0.05,0.05,1.0,4.0,,,,,,,,,,,,,,,,,,,,,8000.0,0.02,0.02,1.0,10.0,,,,,,,,,,,,,,,,,,,,,,,,,,,,,,,,,,,,,,,,,,,,,,,,,,,,,,,,,,,,,,,,,,,,,,,,,,,,,,,,,,,,,,70000.0,0.0,0.0,0.0,19.0,,,,,
1997,LOUISIANA,,,,,,,,,,,,,,,,,,,,,,,,,,,,,,,,,,,,,,,,,,,,,,,,,,,,,,,,,,,,,,,,,,,,,,,,,,,,,,,,,,,,,,,,,,,,,,,,,,,,,,,,,,,,,,,1000.0,0.02,0.02,1.0,3.0,,,,,,,,,,,,,,,,254000.0,0.51,0.77,1.5,24.0,,,,,,,,,,,,,,,,,,,,,,,,,,,,,,,,,,,,,,,,,,,,,,,,,,,,,,,,,,,,,34000.0,0.4,0.46,1.2,5.0,331000.0,0.0,0.0,0.0,29.0,,,,,
1997,NORTH CAROLINA,,,,,,,,,,,,,,,,,,,,,,,,,,,,,,,,,,,,,,,,,,,,,,,,,,,,,,,,,,,,,,,,,,,,,,,,,,,,,,,,,,,,,,,,,,,,,,,,,,,,,,,,,,,,,,,2000.0,0.02,0.02,1.0,9.0,,,,,,,,,,,,,,,,,,,,,,,,,,,,,,,,,,,,,,,,,,,,,,,,,,,,,,,,,,,,,,,,,,,,,,,,,,,,,,,,,,,,,,130000.0,0.0,0.0,0.0,35.0,,,,,
1998,LOUISIANA,,,,,,,,,,,,,,,,,,,,,,,,,,,,,,,,,,,,,,,,,,,,,,,,,,,,,,,,,,,,,,,,,,,,,,,,,,,,,,,,,,,,,,,,,,,,,,,,,,,,,,,,,,,,,,,1000.0,0.02,0.02,1.0,4.0,,,,,,,,,,,,,,,,184000.0,0.47,0.58,1.2,26.0,,,,,,,,,,,,,,,,,,,,,,,,,,,,,,,,,,,,,,,,,,,,,,,,,,,,,,,,,,,,,28000.0,0.18,0.19,1.0,12.0,217000.0,0.0,0.0,0.0,32.0,,,,,
2000,LOUISIANA,,,,,,,,,,,,,,,,,,,,,,,,,,,,,,,,,,,,,,,,,,,,,,,,,,,,,,,,,,,,,,,,,,,,,,,,,,,,,,,,,,,,,,,,,,,,,,,,,,,,,,,,,,,,,,,2000.0,0.02,0.02,1.0,11.0,,,,,,,,,,,,,,,,,,,,,,,,,,,,,,,,,,,,,,,,,,,,,,,,,,,,,,,,2000.0,0.04,0.04,1.0,5.0,,,,,,,,,,,,,,,,,,,,,28000.0,0.47,0.47,1.0,6.0,173000.0,0.0,0.0,0.0,56.0,,,,,
2002,MISSISSIPPI,,,,,,,,,,,,,,,,,,,,,,,,,,,,,,,,,,,,,,,,,,,,,,,,,,,,,,,,,,,,,,,,,,,,,,,,,,,,,,,,,,,,,,,,,,,,,,,,,,,,,,,,,,,,,,,5000.0,0.02,0.03,1.1,13.0,,,,,,,,,,,5000.0,0.05,0.05,1.0,6.0,10000.0,0.36,0.4,1.1,2.0,,,,,,,,,,,,,,,,,,,,,,,,,,,,,,,,,,,,,,,,,,,,,,,,,,,,,,,,,,,,,,,,,,24000.0,0.0,0.0,0.0,24.0,,,,,
2002,SOUTH DAKOTA,,,,,,,,,,,,,,,,,,,,,,,,,,,,,,,,,,,,,,,,,,,,,,,,,,,,,,,,,,,,,,,,,,,,,,,,,,,,,,,,,,,,,,,,,,,,,,,,,,,,,,,,,,,,,,,10000.0,0.02,0.02,1.0,12.0,,,,,,,,,,,,,,,,,,,,,,,,,,,,,,,,,,,,,,,,,,,,,,,,,,,,,,,,,,,,,,,,,,,,,,,,,,,,,,,,,,,,,,97000.0,0.0,0.0,0.0,19.0,,,,,
2002,TENNESSEE,,,,,,,,,,,,,,,,,,,,,,,,,,,,,,,,,,,,,,,,,,,,,,,,,,,,,,,,,,,,,,,,,,,,,,,,,,,,,,,,,,,,,,,,,,,,,,,,,,,,,,,,,,,,,,,2000.0,0.01,0.01,1.0,10.0,,,,,,,,,,,,,,,,,,,,,,,,,,,,,,,,,,,,,,,,,,,,,,,,,,,,,,,,,,,,,,,,,,,,,,,,,,,,,,,,,,,,,,1000.0,0.0,0.0,0.0,10.0,,,,,
2002,VIRGINIA,,,,,,,,,,,,,,,,,,,,,,,,,,,,,,,,,,,,,,,,,,,,,,,,,,,,,,,,,,,,,,,,,,,,,,,,,,,,,,,,,,,,,,,,,,,,,,,,,,,,,,,,,,,,,,,2000.0,0.02,0.03,1.2,17.0,,,,,,,,,,,,,,,,,,,,,,,,,,,,,,,,,,,,,,,,,,,,,,,,,,,,,,,,,,,,,,,,,,,,,,,,,,,,,,,,,,,,,,25000.0,0.0,0.0,0.0,46.0,,,,,
2004,ARKANSAS,,,,,,,,,,,,,,,,,,,,,,,,,,,,,,,,,,,,,,,,,,,,,,,,,,,,,,,,,,,,,,,,,,,,,,,,,,,,,,,,,,,,,,,,,,,,,,,,,,,,,,,,,,,,,,,1000.0,0.01,0.01,1.0,4.0,,,,,,,,,,,,,,,,,,,,,,,,,,,,,,,,,,,,,,,,,,,,,,,,,,,,,,,,,,,,,,,,,,,,,,,,,,,,,,,,,,,,,,57000.0,0.0,0.0,0.0,7.0,,,,,
2004,IOWA,,,,,,,,,,,,,,,,,,,,,,,,,,,,,,,,,,,,,,,,,,,,,,,,,,,,,,,,,,,,,,,,,,,,,,,,,,,,,,,,,,,,,,,,,,,,,,,,,,,,,,,,,,,,,,,2000.0,0.02,0.02,1.0,1.0,,,,,,,,,,,,,,,,,,,,,,,,,,,,,,,,,,,,,,,,,,,,,,,,,,,,,,,,,,,,,,,,,,,,,,,,,,,,,,,,,,,,,,5000.0,0.0,0.0,0.0,1.0,,,,,
2004,OHIO,,,,,,,,,,,,,,,,,,,,,,,,,,,,,,,,,,,,,,,,,,,,,,,,,,,,,,,,,,,,,,,,,,,,,,,,,,,,,,,,,,,,,,,,,,,,,,,,,,,,,,,,,,,,,,,3000.0,0.02,0.02,1.1,2.0,,,,,,,,,,,,,,,,,,,,,,,,,,,,,,,,,,,,,,,,,,,,,,,,,,,,,,,,,,,,,,,,,,,,,,,,,,,,,,,,,,,,,,6000.0,0.0,0.0,0.0,3.0,,,,,
2006,ARKANSAS,,,,,,,,,,,,,,,,,,,,,,,,,,,,,,,,,,,,,,,,,,,,,,,,,,,,,,,,,,,,,,,,,,,,,,,,,,,,,,,,,,,,,,,,,,,,,,,,,,,,,,,,,,,,,,,2000.0,0.01,0.01,1.0,7.0,,,,,,,,,,,,,,,,,,,,,,,,,,,,,,,,,,,,,,,,,,,,,,,,,,,,,,,,,,,,,,,,,,,,,,,,,,,,,,,,,,,,,,96000.0,0.0,0.0,0.0,12.0,,,,,
2006,ILLINOIS,,,,,,,,,,,,,,,,,,,,,,,,,,,,,,,,,,,,,,,,,,,,,,,,,,,,,,,,,,,,,,,,,,,,,,,,,,,,,,,,,,,,,,,,,,,,,,,,,,,,,,,,,,,,,,,5000.0,0.025,0.03,1.2,2.0,,,,,,,,,,,,,,,,,,,,,,,,,,,,,,,,,,,,,,,,,,,,,,,,,,,,,,,,,,,,,,,,,,,,,,,,,,,,,,,,,,,,,,141000.0,0.0,0.0,0.0,5.0,,,,,
2006,KANSAS,,,,,,,,,,,,,,,,,,,,,,,,,,,,,,,,,,,,,,,,,,,,,,,,,,,,,,,,,,,,,,,,,,,,,,,,,,,,,,,,,,,,,,,,,,,,,,,,,,,,,,,,,,,,,,,2000.0,0.022,0.022,1.0,3.0,,,,,,,,,,,,,,,,,,,,,,,,,,,,,,,,,,,,,,,,,,,,,,,,,,,,,,,,,,,,,,,,,,,,,,,,,,,,,,,,,,,,,,7000.0,0.0,0.0,0.0,6.0,,,,,
2006,KENTUCKY,,,,,,,,,,,,,,,,,,,,,,,,,,,,,,,,,,,,,,,,,,,,,,,,,,,,,,,,,,,,,,,,,,,,,,,,,,,,,,,,,,,,,,,,,,,,,,,,,,,,,,,,,,,,,,,1000.0,0.014,0.014,1.0,6.0,,,,,,,,,,,,,,,,,,,,,,,,,,,,,,,,,,,,,,,,,,,,,,,,,,,,,,,,,,,,,,,,,,,,,,,,,,,,,,,,,,,,,,1000.0,0.0,0.0,0.0,7.0,,,,,
2006,NORTH CAROLINA,,,,,,,,,,,,,,,,,,,,,,,,,,,,,,,,,,,,,,,,,,,,,,,,,,,,,,,,,,,,,,,,,,,,,,,,,,,,,,,,,,,,,,,,,,,,,,,,,,,,,,,,,,,,,,,3000.0,0.022,0.022,1.0,9.0,,,,,,,,,,,,,,,,,,,,,,,,,,,,,,,,,,,,,,,,,,,,,,,,,,,,,,,,,,,,,,,,,,,,,,,,,,,,,,,,,,,,,,30000.0,0.0,0.0,0.0,22.0,,,,,
2006,OHIO,,,,,,,,,,,,,,,,,,,,,,,,,,,,,,,,,,,,,,,,,,,,,,,,,,,,,,,,,,,,,,,,,,,,,,,,,,,,,,,,,,,,,,,,,,,,,,,,,,,,,,,,,,,,,,,4000.0,0.025,0.025,1.0,3.0,,,,,,,,,,,,,,,,,,,,,,,,,,,,,,,,,,,,,,,,,,,,,,,,,,,,,,,,,,,,,,,,,,,,,,,,,,,,,,,,,,,,,,23000.0,0.0,0.0,0.0,4.0,,,,,
2006,SOUTH DAKOTA,,,,,,,,,,,,,,,,,,,,,,,,,,,,,,,,,,,,,,,,,,,,,,,,,,,,,,,,,,,,,,,,,,,,,,,,,,,,,,,,,,,,,,,,,,,,,,,,,,,,,,,,,,,,,,,8000.0,0.021,0.021,1.0,10.0,,,,,,,,,,,,,,,,,,,,,,,,,,,,,,,,,,,,,,,,,,,,,,,,,,,,,,,,,,,,,,,,,,,,,,,,,,,,,,,,,,,,,,111000.0,0.0,0.0,0.0,21.0,,,,,
2006,TENNESSEE,,,,,,,,,,,,,,,,,,,,,,,,,,,,,,,,,,,,,,,,,,,,,,,,,,,,,,,,,,,,,,,,,,,,,,,,,,,,,,,,,,,,,,,,,,,,,,,,,,,,,,,,,,,,,,,3000.0,0.015,0.016,1.1,19.0,,,,,,,,,,,,,,,,,,,,,,,,,,,,,,,,,,,,,,,,,,,,,,,,,,,,,,,,,,,,,,,,,,,,,,,,,,,,,,,,,,,,,,8000.0,0.0,0.0,0.0,25.0,1000.0,0.016,0.016,1.0,5.0
2006,VIRGINIA,,,,,,,,,,,,,,,,,,,,,,,,,,,,,,,,,,,,,,,,,,,,,,,,,,,,,,,,,,,,,,,,,,,,,,,,,,,,,,,,,,,,,,,,,,,,,,,,,,,,,,,,,,,,,,,2000.0,0.016,0.018,1.1,19.0,,,,,,,,,,,,,,,,,,,,,,,,,,,,,,,,,,,,,,,,,,,,,,,,,,,,,,,,,,,,,,,,,,,,,,,,,,,,,,,,,,,,,,4000.0,0.0,0.0,0.0,23.0,,,,,
1996,LOUISIANA,,,,,,,,,,,,,,,,,,,,,,,,,,,,,,,,,,,,,,,,,,,,,,,,,,,,,,,,,,,,,,,,,,,,,,,,,,,,,,,,,,,,,,,,,,,,,,,,,,,,,,,,,,,,,,,,,,,,,,,,,,,,,,,,,,,152000.0,0.4,0.49,1.2,28.0,,,,,,,,,,,,,,,,,,,,,,,,,,,,,,,,,,,,,,,,,,,,,,,,,,,,,,,,,,,,,,,,,,161000.0,0.0,0.0,0.0,32.0,,,,,
1997,MISSISSIPPI,,,,,,,,,,,,,,,,,,,,,,,,,,,,,,,,,,,,,,,,,,,,,,,,,,,,,,,,,,,,,,,,,,,,,,,,,,,,,,,,,,,,,,,,,,,,,,,,,,,,,,,,,,,,,,,,,,,,,,,,,,,,,,,,,,,19000.0,0.37,0.39,1.1,2.0,,,,,,,,,,,,,,,,,,,,,,,,,,,,,,,,,,,,,,,,,,,,,,,,,,,,,,,,,,,,,,,,,,,,,,,,,,,
1999,LOUISIANA,,,,,,,,,,,,,,,,,,,,,,,,,,,,,,,,,,,,,,,,,,,,,,,,,,,,,,,,,,,,,,,,,,,,,,,,,,,,,,,,,,,,,,,,,,,,,,,,,,,,,,,,,,,,,,,,,,,,,,,,,,,,,,,,,,,162000.0,0.46,0.5,1.0,32.0,,,,,,,,,,,,,,,,,,,,,,,,,,,,,,,,,,,,,,,,,,,,,,,,,,,,,,,,,,,,,59000.0,0.39,0.4,1.0,14.0,229000.0,0.0,0.0,0.0,53.0,,,,,
1999,MISSISSIPPI,,,,,,,,,,,,,,,,,,,,,,,,,,,,,,,,,,,,,,,,,,,,,,,,,,,,,,,,,,,,,,,,,,,,,,,,,,,,,,,,,,,,,,,,,,,,,,,,,,,,,,,,,,,,,,,,,,,,,,,,,,,,,,,,,,,30000.0,0.47,0.66,1.4,2.0,,,,,,,,,,,,,,,,,,,,,,,,,,,,,,,,,,,,,,,,,,,,,,,,,,,,,,,,,,,,,18000.0,0.52,0.52,1.0,2.0,78000.0,0.0,0.0,0.0,9.0,,,,,
2002,IOWA,,,,,,,,,,,,,,,,,,,,,,,,,,,,,,,,,,,,,,,,,,,,,,,,,,,,,,,,,,,,,,,,,,,,,,,,,,,,,,,,,,,,,,,,,,,,,,,,,,,,,,,,,,,,,,,,,,,,,,,,,,,,,,,,,,,,,,,,,,,,,,,,,,38000.0,0.08,0.08,1.0,4.0,,,,,,,,,,,,,,,,,,,,,,,,,,,,,,,,,,,,,,,,,,,,,,,,,,,58000.0,0.0,0.0,0.0,9.0,,,,,
1998,ARKANSAS,,,,,,,,,,,,,,,,,,,,,,,,,,,,,,,,,,,,,,,,,,,,,,,,,,,,,,,,,,,,,,,,,,,,,,,,,,,,,,,,,,,,,,,,,,,,,,,,,,,,,,,,,,,,,,,,,,,,,,,,,,,,,,,,,,,,,,,,,,,,,,,,,,,,,,,,,,,,,,,,,,,,,,,,,,,,,,,,,,,,,,,,,,,,,,,,,,,,,,,,,37000.0,0.0,0.0,0.0,4.0,,,,,
1998,MISSISSIPPI,,,,,,,,,,,,,,,,,,,,,,,,,,,,,,,,,,,,,,,,,,,,,,,,,,,,,,,,,,,,,,,,,,,,,,,,,,,,,,,,,,,,,,,,,,,,,,,,,,,,,,,,,,,,,,,,,,,,,,,,,,,,,,,,,,,,,,,,,,,,,,,,,,,,,,,,,,,,,,,,,,,,,,,,,,,,,,,,,,,,,,,,,,,,,,,,,,,,,,,,,33000.0,0.0,0.0,0.0,6.0,,,,,
1998,NORTH CAROLINA,,,,,,,,,,,,,,,,,,,,,,,,,,,,,,,,,,,,,,,,,,,,,,,,,,,,,,,,,,,,,,,,,,,,,,,,,,,,,,,,,,,,,,,,,,,,,,,,,,,,,,,,,,,,,,,,,,,,,,,,,,,,,,,,,,,,,,,,,,,,,,,,,,,,,,,,,,,,,,,,,,,,,,,,,,,,,,,,,,,,,,,,,,,,,,,,,,,,,,,,,20000.0,0.0,0.0,0.0,3.0,,,,,
1999,ARKANSAS,,,,,,,,,,,,,,,,,,,,,,,,,,,,,,,,,,,,,,,,,,,,,,,,,,,,,,,,,,,,,,,,,,,,,,,,,,,,,,,,,,,,,,,,,,,,,,,,,,,,,,,,,,,,,,,,,,,,,,,,,,,,,,,,,,,,,,,,,,,,,,,,,,,,,,,,,,,,,,,,,,,,,,,,,,,,,,,,,,,,,,,,,,,,,,,,,,,,,,,,,17000.0,0.0,0.0,0.0,9.0,,,,,
1999,ILLINOIS,,,,,,,,,,,,,,,,,,,,,,,,,,,,,,,,,,,,,,,,,,,,,,,,,,,,,,,,,,,,,,,,,,,,,,,,,,,,,,,,,,,,,,,,,,,,,,,,,,,,,,,,,,,,,,,,,,,,,,,,,,,,,,,,,,,,,,,,,,,,,,,,,,,,,,,,,,,,,,,,,,,,,,,,,,,,,,,,,,,,,,,,,,,,,,,,,,,,,,,,,20000.0,0.0,0.0,0.0,0.0,,,,,
1999,KANSAS,,,,,,,,,,,,,,,,,,,,,,,,,,,,,,,,,,,,,,,,,,,,,,,,,,,,,,,,,,,,,,,,,,,,,,,,,,,,,,,,,,,,,,,,,,,,,,,,,,,,,,,,,,,,,,,,,,,,,,,,,,,,,,,,,,,,,,,,,,,,,,,,,,,,,,,,,,,,,,,,,,,,,,,,,,,,,,,,,,,,,,,,,,,,,,,,,,,,,,,,,1000.0,0.0,0.0,0.0,0.0,,,,,
1999,NEBRASKA,,,,,,,,,,,,,,,,,,,,,,,,,,,,,,,,,,,,,,,,,,,,,,,,,,,,,,,,,,,,,,,,,,,,,,,,,,,,,,,,,,,,,,,,,,,,,,,,,,,,,,,,,,,,,,,,,,,,,,,,,,,,,,,,,,,,,,,,,,,,,,,,,,,,,,,,,,,,,,,,,,,,,,,,,,,,,,,,,,,,,,,,,,,,,,,,,,,,,,,,,10000.0,0.0,0.0,0.0,1.0,,,,,
1999,NORTH CAROLINA,,,,,,,,,,,,,,,,,,,,,,,,,,,,,,,,,,,,,,,,,,,,,,,,,,,,,,,,,,,,,,,,,,,,,,,,,,,,,,,,,,,,,,,,,,,,,,,,,,,,,,,,,,,,,,,,,,,,,,,,,,,,,,,,,,,,,,,,,,,,,,,,,,,,,,,,,,,,,,,,,,,,,,,,,,,,,,,,,,,,,,,,,,,,,,,,,,,,,,,,,3000.0,0.0,0.0,0.0,3.0,,,,,
1999,OHIO,,,,,,,,,,,,,,,,,,,,,,,,,,,,,,,,,,,,,,,,,,,,,,,,,,,,,,,,,,,,,,,,,,,,,,,,,,,,,,,,,,,,,,,,,,,,,,,,,,,,,,,,,,,,,,,,,,,,,,,,,,,,,,,,,,,,,,,,,,,,,,,,,,,,,,,,,,,,,,,,,,,,,,,,,,,,,,,,,,,,,,,,,,,,,,,,,,,,,,,,,3000.0,0.0,0.0,0.0,0.0,,,,,
1999,TENNESSEE,,,,,,,,,,,,,,,,,,,,,,,,,,,,,,,,,,,,,,,,,,,,,,,,,,,,,,,,,,,,,,,,,,,,,,,,,,,,,,,,,,,,,,,,,,,,,,,,,,,,,,,,,,,,,,,,,,,,,,,,,,,,,,,,,,,,,,,,,,,,,,,,,,,,,,,,,,,,,,,,,,,,,,,,,,,,,,,,,,,,,,,,,,,,,,,,,,,,,,,,,19000.0,0.0,0.0,0.0,2.0,,,,,
2000,ARKANSAS,,,,,,,,,,,,,,,,,,,,,,,,,,,,,,,,,,,,,,,,,,,,,,,,,,,,,,,,,,,,,,,,,,,,,,,,,,,,,,,,,,,,,,,,,,,,,,,,,,,,,,,,,,,,,,,,,,,,,,,,,,,,,,,,,,,,,,,,,,,,,,,,,,,,,,,,,,,,,,,,,,,,,,,,,,,,,,,,,,,,,,,,,,,,,,,,,,,,,,,,,4000.0,0.0,0.0,0.0,3.0,,,,,
2000,ILLINOIS,,,,,,,,,,,,,,,,,,,,,,,,,,,,,,,,,,,,,,,,,,,,,,,,,,,,,,,,,,,,,,,,,,,,,,,,,,,,,,,,,,,,,,,,,,,,,,,,,,,,,,,,,,,,,,,,,,,,,,,,,,,,,,,,,,,,,,,,,,,,,,,,,,,,,,,,,,,,,,,,,,,,,,,,,,,,,,,,,,,,,,,,,,,,,,,,,,,,,,,,,3000.0,0.0,0.0,0.0,1.0,,,,,
2000,KENTUCKY,,,,,,,,,,,,,,,,,,,,,,,,,,,,,,,,,,,,,,,,,,,,,,,,,,,,,,,,,,,,,,,,,,,,,,,,,,,,,,,,,,,,,,,,,,,,,,,,,,,,,,,,,,,,,,,,,,,,,,,,,,,,,,,,,,,,,,,,,,,,,,,,,,,,,,,,,,,,,,,,,,,,,,,,,,,,,,,,,,,,,,,,,,,,,,,,,,,,,,,,,6000.0,0.0,0.0,0.0,1.0,,,,,
2000,MISSISSIPPI,,,,,,,,,,,,,,,,,,,,,,,,,,,,,,,,,,,,,,,,,,,,,,,,,,,,,,,,,,,,,,,,,,,,,,,,,,,,,,,,,,,,,,,,,,,,,,,,,,,,,,,,,,,,,,,,,,,,,,,,,,,,,,,,,,,,,,,,,,,,,,,,,,,,,,,,,,,,,,,,,,,,,,,,,,,,,,,,,,,,,,,,,,,,,,,,,,,,,,,,,23000.0,0.0,0.0,0.0,5.0,,,,,
2000,NORTH CAROLINA,,,,,,,,,,,,,,,,,,,,,,,,,,,,,,,,,,,,,,,,,,,,,,,,,,,,,,,,,,,,,,,,,,,,,,,,,,,,,,,,,,,,,,,,,,,,,,,,,,,,,,,,,,,,,,,,,,,,,,,,,,,,,,,,,,,,,,,,,,,,,,,,,,,,,,,,,,,,,,,,,,,,,,,,,,,,,,,,,,,,,,,,,,,,,,,,,,,,,,,,,15000.0,0.0,0.0,0.0,7.0,,,,,
2000,OHIO,,,,,,,,,,,,,,,,,,,,,,,,,,,,,,,,,,,,,,,,,,,,,,,,,,,,,,,,,,,,,,,,,,,,,,,,,,,,,,,,,,,,,,,,,,,,,,,,,,,,,,,,,,,,,,,,,,,,,,,,,,,,,,,,,,,,,,,,,,,,,,,,,,,,,,,,,,,,,,,,,,,,,,,,,,,,,,,,,,,,,,,,,,,,,,,,,,,,,,,,,2000.0,0.0,0.0,0.0,1.0,,,,,
2000,TENNESSEE,,,,,,,,,,,,,,,,,,,,,,,,,,,,,,,,,,,,,,,,,,,,,,,,,,,,,,,,,,,,,,,,,,,,,,,,,,,,,,,,,,,,,,,,,,,,,,,,,,,,,,,,,,,,,,,,,,,,,,,,,,,,,,,,,,,,,,,,,,,,,,,,,,,,,,,,,,,,,,,,,,,,,,,,,,,,,,,,,,,,,,,,,,,,,,,,,,,,,,,,,8000.0,0.0,0.0,0.0,1.0,,,,,
2002,ARKANSAS,,,,,,,,,,,,,,,,,,,,,,,,,,,,,,,,,,,,,,,,,,,,,,,,,,,,,,,,,,,,,,,,,,,,,,,,,,,,,,,,,,,,,,,,,,,,,,,,,,,,,,,,,,,,,,,,,,,,,,,,,,,,,,,,,,,,,,,,,,,,,,,,,,,,,,,,,,,,,,,,,,,,,,,,,,,,,,,,,,,,,,,,,,,,,,,,,,,,,,,,,112000.0,0.0,0.0,0.0,14.0,,,,,
2002,MARYLAND,,,,,,,,,,,,,,,,,,,,,,,,,,,,,,,,,,,,,,,,,,,,,,,,,,,,,,,,,,,,,,,,,,,,,,,,,,,,,,,,,,,,,,,,,,,,,,,,,,,,,,,,,,,,,,,,,,,,,,,,,,,,,,,,,,,,,,,,,,,,,,,,,,,,,,,,,,,,,,,,,,,,,,,,,,,,,,,,,,,,,,,,,,,,,,,,,,,,,,,,,0.0,0.0,0.0,0.0,3.0,,,,,
2004,ILLINOIS,,,,,,,,,,,,,,,,,,,,,,,,,,,,,,,,,,,,,,,,,,,,,,,,,,,,,,,,,,,,,,,,,,,,,,,,,,,,,,,,,,,,,,,,,,,,,,,,,,,,,,,,,,,,,,,,,,,,,,,,,,,,,,,,,,,,,,,,,,,,,,,,,,,,,,,,,,,,,,,,,,,,,,,,,,,,,,,,,,,,,,,,,,,,,,,,,,,,,,,,,15000.0,0.0,0.0,0.0,1.0,,,,,
2005,ARKANSAS,,,,,,,,,,,,,,,,,,,,,,,,,,,,,,,,,,,,,,,,,,,,,,,,,,,,,,,,,,,,,,,,,,,,,,,,,,,,,,,,,,,,,,,,,,,,,,,,,,,,,,,,,,,,,,,,,,,,,,,,,,,,,,,,,,,,,,,,,,,,,,,,,,,,,,,,,,,,,,,,,,,,,,,,,,,,,,,,,,,,,,,,,,,,,,,,,,,,,,,,,344000.0,0.0,0.0,0.0,14.0,,,,,
2005,ILLINOIS,,,,,,,,,,,,,,,,,,,,,,,,,,,,,,,,,,,,,,,,,,,,,,,,,,,,,,,,,,,,,,,,,,,,,,,,,,,,,,,,,,,,,,,,,,,,,,,,,,,,,,,,,,,,,,,,,,,,,,,,,,,,,,,,,,,,,,,,,,,,,,,,,,,,,,,,,,,,,,,,,,,,,,,,,,,,,,,,,,,,,,,,,,,,,,,,,,,,,,,,,384000.0,0.0,0.0,0.0,9.0,,,,,
2005,INDIANA,,,,,,,,,,,,,,,,,,,,,,,,,,,,,,,,,,,,,,,,,,,,,,,,,,,,,,,,,,,,,,,,,,,,,,,,,,,,,,,,,,,,,,,,,,,,,,,,,,,,,,,,,,,,,,,,,,,,,,,,,,,,,,,,,,,,,,,,,,,,,,,,,,,,,,,,,,,,,,,,,,,,,,,,,,,,,,,,,,,,,,,,,,,,,,,,,,,,,,,,,209000.0,0.0,0.0,0.0,18.0,,,,,
2005,IOWA,,,,,,,,,,,,,,,,,,,,,,,,,,,,,,,,,,,,,,,,,,,,,,,,,,,,,,,,,,,,,,,,,,,,,,,,,,,,,,,,,,,,,,,,,,,,,,,,,,,,,,,,,,,,,,,,,,,,,,,,,,,,,,,,,,,,,,,,,,,,,,,,,,,,,,,,,,,,,,,,,,,,,,,,,,,,,,,,,,,,,,,,,,,,,,,,,,,,,,,,,509000.0,0.0,0.0,0.0,16.0,,,,,
2005,LOUISIANA,,,,,,,,,,,,,,,,,,,,,,,,,,,,,,,,,,,,,,,,,,,,,,,,,,,,,,,,,,,,,,,,,,,,,,,,,,,,,,,,,,,,,,,,,,,,,,,,,,,,,,,,,,,,,,,,,,,,,,,,,,,,,,,,,,,,,,,,,,,,,,,,,,,,,,,,,,,,,,,,,,,,,,,,,,,,,,,,,,,,,,,,,,,,,,,,,,,,,,,,,277000.0,0.0,0.0,0.0,44.0,,,,,
2005,MICHIGAN,,,,,,,,,,,,,,,,,,,,,,,,,,,,,,,,,,,,,,,,,,,,,,,,,,,,,,,,,,,,,,,,,,,,,,,,,,,,,,,,,,,,,,,,,,,,,,,,,,,,,,,,,,,,,,,,,,,,,,,,,,,,,,,,,,,,,,,,,,,,,,,,,,,,,,,,,,,,,,,,,,,,,,,,,,,,,,,,,,,,,,,,,,,,,,,,,,,,,,,,,172000.0,0.0,0.0,0.0,42.0,,,,,
2005,MINNESOTA,,,,,,,,,,,,,,,,,,,,,,,,,,,,,,,,,,,,,,,,,,,,,,,,,,,,,,,,,,,,,,,,,,,,,,,,,,,,,,,,,,,,,,,,,,,,,,,,,,,,,,,,,,,,,,,,,,,,,,,,,,,,,,,,,,,,,,,,,,,,,,,,,,,,,,,,,,,,,,,,,,,,,,,,,,,,,,,,,,,,,,,,,,,,,,,,,,,,,,,,,125000.0,0.0,0.0,0.0,30.0,,,,,
2005,MISSISSIPPI,,,,,,,,,,,,,,,,,,,,,,,,,,,,,,,,,,,,,,,,,,,,,,,,,,,,,,,,,,,,,,,,,,,,,,,,,,,,,,,,,,,,,,,,,,,,,,,,,,,,,,,,,,,,,,,,,,,,,,,,,,,,,,,,,,,,,,,,,,,,,,,,,,,,,,,,,,,,,,,,,,,,,,,,,,,,,,,,,,,,,,,,,,,,,,,,,,,,,,,,,9000.0,0.0,0.0,0.0,10.0,,,,,
2005,NORTH CAROLINA,,,,,,,,,,,,,,,,,,,,,,,,,,,,,,,,,,,,,,,,,,,,,,,,,,,,,,,,,,,,,,,,,,,,,,,,,,,,,,,,,,,,,,,,,,,,,,,,,,,,,,,,,,,,,,,,,,,,,,,,,,,,,,,,,,,,,,,,,,,,,,,,,,,,,,,,,,,,,,,,,,,,,,,,,,,,,,,,,,,,,,,,,,,,,,,,,,,,,,,,,94000.0,0.0,0.0,0.0,11.0,,,,,
2005,OHIO,,,,,,,,,,,,,,,,,,,,,,,,,,,,,,,,,,,,,,,,,,,,,,,,,,,,,,,,,,,,,,,,,,,,,,,,,,,,,,,,,,,,,,,,,,,,,,,,,,,,,,,,,,,,,,,,,,,,,,,,,,,,,,,,,,,,,,,,,,,,,,,,,,,,,,,,,,,,,,,,,,,,,,,,,,,,,,,,,,,,,,,,,,,,,,,,,,,,,,,,,152000.0,0.0,0.0,0.0,18.0,,,,,
2005,SOUTH DAKOTA,,,,,,,,,,,,,,,,,,,,,,,,,,,,,,,,,,,,,,,,,,,,,,,,,,,,,,,,,,,,,,,,,,,,,,,,,,,,,,,,,,,,,,,,,,,,,,,,,,,,,,,,,,,,,,,,,,,,,,,,,,,,,,,,,,,,,,,,,,,,,,,,,,,,,,,,,,,,,,,,,,,,,,,,,,,,,,,,,,,,,,,,,,,,,,,,,,,,,,,,,12000.0,0.0,0.0,0.0,13.0,,,,,
2005,TENNESSEE,,,,,,,,,,,,,,,,,,,,,,,,,,,,,,,,,,,,,,,,,,,,,,,,,,,,,,,,,,,,,,,,,,,,,,,,,,,,,,,,,,,,,,,,,,,,,,,,,,,,,,,,,,,,,,,,,,,,,,,,,,,,,,,,,,,,,,,,,,,,,,,,,,,,,,,,,,,,,,,,,,,,,,,,,,,,,,,,,,,,,,,,,,,,,,,,,,,,,,,,,5000.0,0.0,0.0,0.0,15.0,,,,,
2006,MISSOURI,,,,,,,,,,,,,,,,,,,,,,,,,,,,,,,,,,,,,,,,,,,,,,,,,,,,,,,,,,,,,,,,,,,,,,,,,,,,,,,,,,,,,,,,,,,,,,,,,,,,,,,,,,,,,,,,,,,,,,,,,,,,,,,,,,,,,,,,,,,,,,,,,,,,,,,,,,,,,,,,,,,,,,,,,,,,,,,,,,,,,,,,,,,,,,,,,,,,,,,,,28000.0,0.0,0.0,0.0,8.0,3000.0,0.024,0.027,1.1,2.0
2006,WISCONSIN,,,,,,,,,,,,,,,,,,,,,,,,,,,,,,,,,,,,,,,,,,,,,,,,,,,,,,,,,,,,,,,,,,,,,,,,,,,,,,,,,,,,,,,,,,,,,,,,,,,,,,,,,,,,,,,,,,,,,,,,,,,,,,,,,,,,,,,,,,,,,,,,,,,,,,,,,,,,,,,,,,,,,,,,,,,,,,,,,,,,,,,,,,,,,,,,,,,,,,,,,13000.0,0.0,0.0,0.0,4.0,,,,,
