YEAR,LOCATION,"STATE ANSI","ASD CODE","COUNTY ANSI","REFERENCE PERIOD",COMMODITY,DOMAINCAT,"APPLICATIONS in LB","APPLICATIONS in LB / ACRE / APPLICATION, AVG","APPLICATIONS in LB / ACRE / YEAR, AVG","APPLICATIONS in NUMBER, AVG","TREATED in PCT OF AREA PLANTED, AVG"
2000,LOUISIANA,22,"  ","   ",YEAR,SOYBEANS,"CHEMICAL, FUNGICIDE: (TOTAL)","2,000"," "," "," ",5
2002,LOUISIANA,22,"  ","   ",YEAR,SOYBEANS,"CHEMICAL, FUNGICIDE: (AZOXYSTROBIN = 128810)","8,000",0.07,0.07,1,14
2002,LOUISIANA,22,"  ","   ",YEAR,SOYBEANS,"CHEMICAL, FUNGICIDE: (TOTAL)","8,000"," "," "," ",14
2002,MISSISSIPPI,28,"  ","   ",YEAR,SOYBEANS,"CHEMICAL, FUNGICIDE: (AZOXYSTROBIN = 128810)","8,000",0.06,0.06,1,9
2004,ARKANSAS,05,"  ","   ",YEAR,SOYBEANS,"CHEMICAL, FUNGICIDE: (AZOXYSTROBIN = 128810)","23,000",0.12,0.13,1,6
2004,ARKANSAS,05,"  ","   ",YEAR,SOYBEANS,"CHEMICAL, FUNGICIDE: (TOTAL)","23,000"," "," "," ",6
2004,OHIO,39,"  ","   ",YEAR,SOYBEANS,"CHEMICAL, FUNGICIDE: (TOTAL)","8,000"," "," "," ",2
2005,ARKANSAS,05,"  ","   ",YEAR,SOYBEANS,"CHEMICAL, FUNGICIDE: (TOTAL)","21,000"," "," "," ",8
2005,KENTUCKY,21,"  ","   ",YEAR,SOYBEANS,"CHEMICAL, FUNGICIDE: (TOTAL)","9,000"," "," "," ",2
2005,OHIO,39,"  ","   ",YEAR,SOYBEANS,"CHEMICAL, FUNGICIDE: (TOTAL)","13,000"," "," "," ",3
2005,TENNESSEE,47,"  ","   ",YEAR,SOYBEANS,"CHEMICAL, FUNGICIDE: (TOTAL)","39,000"," "," "," ",25
2006,ARKANSAS,05,"  ","   ",YEAR,SOYBEANS,"CHEMICAL, FUNGICIDE: (AZOXYSTROBIN = 128810)","21,000",0.092,0.092,1,7
2006,ARKANSAS,05,"  ","   ",YEAR,SOYBEANS,"CHEMICAL, FUNGICIDE: (TOTAL)","26,000"," "," "," ",9
2006,ILLINOIS,17,"  ","   ",YEAR,SOYBEANS,"CHEMICAL, FUNGICIDE: (PYRACLOSTROBIN = 99100)","11,000",0.098,0.098,1,1
2006,ILLINOIS,17,"  ","   ",YEAR,SOYBEANS,"CHEMICAL, FUNGICIDE: (TOTAL)","12,000"," "," "," ",2
2006,INDIANA,18,"  ","   ",YEAR,SOYBEANS,"CHEMICAL, FUNGICIDE: (TOTAL)","44,000"," "," "," ",6
2006,KANSAS,20,"  ","   ",YEAR,SOYBEANS,"CHEMICAL, FUNGICIDE: (TOTAL)"," "," "," "," ",6
2006,KENTUCKY,21,"  ","   ",YEAR,SOYBEANS,"CHEMICAL, FUNGICIDE: (TOTAL)","40,000"," "," "," ",8
2006,LOUISIANA,22,"  ","   ",YEAR,SOYBEANS,"CHEMICAL, FUNGICIDE: (AZOXYSTROBIN = 128810)","22,000",0.114,0.127,1.1,20
2006,LOUISIANA,22,"  ","   ",YEAR,SOYBEANS,"CHEMICAL, FUNGICIDE: (PROPICONAZOLE = 122101)","12,000",0.091,0.096,1.1,14
2006,LOUISIANA,22,"  ","   ",YEAR,SOYBEANS,"CHEMICAL, FUNGICIDE: (PYRACLOSTROBIN = 99100)","11,000",0.135,0.135,1,10
2006,LOUISIANA,22,"  ","   ",YEAR,SOYBEANS,"CHEMICAL, FUNGICIDE: (TEBUCONAZOLE = 128997)","6,000",0.128,0.128,1,6
2006,LOUISIANA,22,"  ","   ",YEAR,SOYBEANS,"CHEMICAL, FUNGICIDE: (TOTAL)","66,000"," "," "," ",37
2006,LOUISIANA,22,"  ","   ",YEAR,SOYBEANS,"CHEMICAL, FUNGICIDE: (TRIFLOXYSTROBIN = 129112)","5,000",0.075,0.075,1,8
2006,MISSISSIPPI,28,"  ","   ",YEAR,SOYBEANS,"CHEMICAL, FUNGICIDE: (AZOXYSTROBIN = 128810)","11,000",0.086,0.086,1,8
2006,MISSISSIPPI,28,"  ","   ",YEAR,SOYBEANS,"CHEMICAL, FUNGICIDE: (TOTAL)","30,000"," "," "," ",12
2006,MISSOURI,29,"  ","   ",YEAR,SOYBEANS,"CHEMICAL, FUNGICIDE: (PYRACLOSTROBIN = 99100)","27,000",0.098,0.107,1.1,5
2006,MISSOURI,29,"  ","   ",YEAR,SOYBEANS,"CHEMICAL, FUNGICIDE: (TOTAL)","70,000"," "," "," ",6
2006,"NORTH CAROLINA",37,"  ","   ",YEAR,SOYBEANS,"CHEMICAL, FUNGICIDE: (TOTAL)","12,000"," "," "," ",6
2006,OHIO,39,"  ","   ",YEAR,SOYBEANS,"CHEMICAL, FUNGICIDE: (PYRACLOSTROBIN = 99100)","13,000",0.095,0.095,1,3
2006,OHIO,39,"  ","   ",YEAR,SOYBEANS,"CHEMICAL, FUNGICIDE: (TOTAL)","19,000"," "," "," ",4
2006,"SOUTH DAKOTA",46,"  ","   ",YEAR,SOYBEANS,"CHEMICAL, FUNGICIDE: (TOTAL)"," "," "," "," ",21
2006,TENNESSEE,47,"  ","   ",YEAR,SOYBEANS,"CHEMICAL, FUNGICIDE: (AZOXYSTROBIN = 128810)","12,000",0.074,0.084,1.1,12
2006,TENNESSEE,47,"  ","   ",YEAR,SOYBEANS,"CHEMICAL, FUNGICIDE: (PYRACLOSTROBIN = 99100)","31,000",0.115,0.115,1,23
2006,TENNESSEE,47,"  ","   ",YEAR,SOYBEANS,"CHEMICAL, FUNGICIDE: (TOTAL)","43,000"," "," "," ",35
2012,ARKANSAS,05,"  ","   ",YEAR,SOYBEANS,"CHEMICAL, FUNGICIDE: (AZOXYSTROBIN = 128810)","91,000",0.112,0.158,1.4,18
2012,ARKANSAS,05,"  ","   ",YEAR,SOYBEANS,"CHEMICAL, FUNGICIDE: (FLUXAPYROXAD = 138009)",(D),(D),(D),(D),(D)
2012,ARKANSAS,05,"  ","   ",YEAR,SOYBEANS,"CHEMICAL, FUNGICIDE: (PROPICONAZOLE = 122101)","8,000",0.066,0.066,1,4
2012,ARKANSAS,05,"  ","   ",YEAR,SOYBEANS,"CHEMICAL, FUNGICIDE: (PYRACLOSTROBIN = 99100)","25,000",0.134,0.134,1,6
2012,ARKANSAS,05,"  ","   ",YEAR,SOYBEANS,"CHEMICAL, FUNGICIDE: (TEBUCONAZOLE = 128997)",(D),(D),(D),(D),(D)
2012,ARKANSAS,05,"  ","   ",YEAR,SOYBEANS,"CHEMICAL, FUNGICIDE: (TOTAL)","132,000"," "," "," ",27
2012,ARKANSAS,05,"  ","   ",YEAR,SOYBEANS,"CHEMICAL, FUNGICIDE: (TRIFLOXYSTROBIN = 129112)",(D),(D),(D),(D),(D)
2012,ILLINOIS,17,"  ","   ",YEAR,SOYBEANS,"CHEMICAL, FUNGICIDE: (AZOXYSTROBIN = 128810)",(D),(D),(D),(D),(D)
2012,ILLINOIS,17,"  ","   ",YEAR,SOYBEANS,"CHEMICAL, FUNGICIDE: (FLUXAPYROXAD = 138009)",(D),(D),(D),(D),(D)
2012,ILLINOIS,17,"  ","   ",YEAR,SOYBEANS,"CHEMICAL, FUNGICIDE: (PROPICONAZOLE = 122101)",(D),(D),(D),(D),(D)
2012,ILLINOIS,17,"  ","   ",YEAR,SOYBEANS,"CHEMICAL, FUNGICIDE: (PROTHIOCONAZOLE = 113961)",(D),(D),(D),(D),(D)
2012,ILLINOIS,17,"  ","   ",YEAR,SOYBEANS,"CHEMICAL, FUNGICIDE: (PYRACLOSTROBIN = 99100)","69,000",0.103,0.103,1,7
2012,ILLINOIS,17,"  ","   ",YEAR,SOYBEANS,"CHEMICAL, FUNGICIDE: (TEBUCONAZOLE = 128997)",(D),(D),(D),(D),(D)
2012,ILLINOIS,17,"  ","   ",YEAR,SOYBEANS,"CHEMICAL, FUNGICIDE: (TOTAL)","105,000"," "," "," ",11
2012,ILLINOIS,17,"  ","   ",YEAR,SOYBEANS,"CHEMICAL, FUNGICIDE: (TRIFLOXYSTROBIN = 129112)",(D),(D),(D),(D),(D)
2012,INDIANA,18,"  ","   ",YEAR,SOYBEANS,"CHEMICAL, FUNGICIDE: (AZOXYSTROBIN = 128810)","38,000",0.151,0.151,1,5
2012,INDIANA,18,"  ","   ",YEAR,SOYBEANS,"CHEMICAL, FUNGICIDE: (PROPICONAZOLE = 122101)","8,000",0.056,0.056,1,3
2012,INDIANA,18,"  ","   ",YEAR,SOYBEANS,"CHEMICAL, FUNGICIDE: (PYRACLOSTROBIN = 99100)","31,000",0.107,0.107,1,6
2012,INDIANA,18,"  ","   ",YEAR,SOYBEANS,"CHEMICAL, FUNGICIDE: (SULFUR = 77501)",(D),(D),(D),(D),(D)
2012,INDIANA,18,"  ","   ",YEAR,SOYBEANS,"CHEMICAL, FUNGICIDE: (TOTAL)","95,000"," "," "," ",13
2012,INDIANA,18,"  ","   ",YEAR,SOYBEANS,"CHEMICAL, FUNGICIDE: (TRIFLOXYSTROBIN = 129112)",(D),(D),(D),(D),(D)
2012,IOWA,19,"  ","   ",YEAR,SOYBEANS,"CHEMICAL, FUNGICIDE: (AZOXYSTROBIN = 128810)",(D),(D),(D),(D),(D)
2012,IOWA,19,"  ","   ",YEAR,SOYBEANS,"CHEMICAL, FUNGICIDE: (FLUAZINAM = 129098)",(D),(D),(D),(D),(D)
2012,IOWA,19,"  ","   ",YEAR,SOYBEANS,"CHEMICAL, FUNGICIDE: (FLUOXASTROBIN = 28869)",(D),(D),(D),(D),(D)
2012,IOWA,19,"  ","   ",YEAR,SOYBEANS,"CHEMICAL, FUNGICIDE: (MYCLOBUTANIL = 128857)",(D),(D),(D),(D),(D)
2012,IOWA,19,"  ","   ",YEAR,SOYBEANS,"CHEMICAL, FUNGICIDE: (PROPICONAZOLE = 122101)","27,000",0.132,0.132,1,2
2012,IOWA,19,"  ","   ",YEAR,SOYBEANS,"CHEMICAL, FUNGICIDE: (PYRACLOSTROBIN = 99100)","100,000",0.106,0.106,1,10
2012,IOWA,19,"  ","   ",YEAR,SOYBEANS,"CHEMICAL, FUNGICIDE: (TETRACONAZOLE = 120603)",(D),(D),(D),(D),(D)
2012,IOWA,19,"  ","   ",YEAR,SOYBEANS,"CHEMICAL, FUNGICIDE: (TOTAL)","173,000"," "," "," ",16
2012,IOWA,19,"  ","   ",YEAR,SOYBEANS,"CHEMICAL, FUNGICIDE: (TRIFLOXYSTROBIN = 129112)","27,000",0.132,0.132,1,2
2012,KANSAS,20,"  ","   ",YEAR,SOYBEANS,"CHEMICAL, FUNGICIDE: (AZOXYSTROBIN = 128810)",(D),(D),(D),(D),(D)
2012,KANSAS,20,"  ","   ",YEAR,SOYBEANS,"CHEMICAL, FUNGICIDE: (PROPICONAZOLE = 122101)",(D),(D),(D),(D),(D)
2012,KANSAS,20,"  ","   ",YEAR,SOYBEANS,"CHEMICAL, FUNGICIDE: (PYRACLOSTROBIN = 99100)",(D),(D),(D),(D),(D)
2012,KANSAS,20,"  ","   ",YEAR,SOYBEANS,"CHEMICAL, FUNGICIDE: (TOTAL)",(D)," "," "," ",(D)
2012,KENTUCKY,21,"  ","   ",YEAR,SOYBEANS,"CHEMICAL, FUNGICIDE: (AZOXYSTROBIN = 128810)",(D),(D),(D),(D),(D)
2012,KENTUCKY,21,"  ","   ",YEAR,SOYBEANS,"CHEMICAL, FUNGICIDE: (PYRACLOSTROBIN = 99100)","6,000",0.098,0.098,1,4
2012,KENTUCKY,21,"  ","   ",YEAR,SOYBEANS,"CHEMICAL, FUNGICIDE: (TETRACONAZOLE = 120603)",(D),(D),(D),(D),(D)
2012,KENTUCKY,21,"  ","   ",YEAR,SOYBEANS,"CHEMICAL, FUNGICIDE: (TOTAL)","9,000"," "," "," ",7
2012,LOUISIANA,22,"  ","   ",YEAR,SOYBEANS,"CHEMICAL, FUNGICIDE: (AZOXYSTROBIN = 128810)","62,000",0.1,0.131,1.3,42
2012,LOUISIANA,22,"  ","   ",YEAR,SOYBEANS,"CHEMICAL, FUNGICIDE: (FLUXAPYROXAD = 138009)",(D),(D),(D),(D),(D)
2012,LOUISIANA,22,"  ","   ",YEAR,SOYBEANS,"CHEMICAL, FUNGICIDE: (PROPICONAZOLE = 122101)","16,000",0.159,0.159,1,9
2012,LOUISIANA,22,"  ","   ",YEAR,SOYBEANS,"CHEMICAL, FUNGICIDE: (PYRACLOSTROBIN = 99100)","24,000",0.128,0.128,1,17
2012,LOUISIANA,22,"  ","   ",YEAR,SOYBEANS,"CHEMICAL, FUNGICIDE: (TETRACONAZOLE = 120603)",(D),(D),(D),(D),(D)
2012,LOUISIANA,22,"  ","   ",YEAR,SOYBEANS,"CHEMICAL, FUNGICIDE: (THIOPHANATE-METHYL = 102001)",(D),(D),(D),(D),(D)
2012,LOUISIANA,22,"  ","   ",YEAR,SOYBEANS,"CHEMICAL, FUNGICIDE: (TOTAL)","130,000"," "," "," ",71
2012,LOUISIANA,22,"  ","   ",YEAR,SOYBEANS,"CHEMICAL, FUNGICIDE: (TRIFLOXYSTROBIN = 129112)","16,000",0.16,0.16,1,9
2012,MICHIGAN,26,"  ","   ",YEAR,SOYBEANS,"CHEMICAL, FUNGICIDE: (AZOXYSTROBIN = 128810)",(D),(D),(D),(D),(D)
2012,MICHIGAN,26,"  ","   ",YEAR,SOYBEANS,"CHEMICAL, FUNGICIDE: (PROPICONAZOLE = 122101)",(D),(D),(D),(D),(D)
2012,MICHIGAN,26,"  ","   ",YEAR,SOYBEANS,"CHEMICAL, FUNGICIDE: (PYRACLOSTROBIN = 99100)",(D),(D),(D),(D),(D)
2012,MICHIGAN,26,"  ","   ",YEAR,SOYBEANS,"CHEMICAL, FUNGICIDE: (TOTAL)",(D)," "," "," ",(D)
2012,MINNESOTA,27,"  ","   ",YEAR,SOYBEANS,"CHEMICAL, FUNGICIDE: (AZOXYSTROBIN = 128810)","21,000",0.09,0.09,1,3
2012,MINNESOTA,27,"  ","   ",YEAR,SOYBEANS,"CHEMICAL, FUNGICIDE: (PROPICONAZOLE = 122101)",(D),(D),(D),(D),(D)
2012,MINNESOTA,27,"  ","   ",YEAR,SOYBEANS,"CHEMICAL, FUNGICIDE: (PYRACLOSTROBIN = 99100)","30,000",0.098,0.098,1,4
2012,MINNESOTA,27,"  ","   ",YEAR,SOYBEANS,"CHEMICAL, FUNGICIDE: (TETRACONAZOLE = 120603)",(D),(D),(D),(D),(D)
2012,MINNESOTA,27,"  ","   ",YEAR,SOYBEANS,"CHEMICAL, FUNGICIDE: (TOTAL)","54,000"," "," "," ",8
2012,MISSISSIPPI,28,"  ","   ",YEAR,SOYBEANS,"CHEMICAL, FUNGICIDE: (AZOXYSTROBIN = 128810)","42,000",0.094,0.108,1.1,20
2012,MISSISSIPPI,28,"  ","   ",YEAR,SOYBEANS,"CHEMICAL, FUNGICIDE: (PROPICONAZOLE = 122101)",(D),(D),(D),(D),(D)
2012,MISSISSIPPI,28,"  ","   ",YEAR,SOYBEANS,"CHEMICAL, FUNGICIDE: (PROTHIOCONAZOLE = 113961)",(D),(D),(D),(D),(D)
2012,MISSISSIPPI,28,"  ","   ",YEAR,SOYBEANS,"CHEMICAL, FUNGICIDE: (PYRACLOSTROBIN = 99100)","12,000",0.056,0.056,1,11
2012,MISSISSIPPI,28,"  ","   ",YEAR,SOYBEANS,"CHEMICAL, FUNGICIDE: (TETRACONAZOLE = 120603)",(D),(D),(D),(D),(D)
2012,MISSISSIPPI,28,"  ","   ",YEAR,SOYBEANS,"CHEMICAL, FUNGICIDE: (TOTAL)","60,000"," "," "," ",33
2012,MISSISSIPPI,28,"  ","   ",YEAR,SOYBEANS,"CHEMICAL, FUNGICIDE: (TRIFLOXYSTROBIN = 129112)",(D),(D),(D),(D),(D)
2012,MISSOURI,29,"  ","   ",YEAR,SOYBEANS,"CHEMICAL, FUNGICIDE: (AZOXYSTROBIN = 128810)",(D),(D),(D),(D),(D)
2012,MISSOURI,29,"  ","   ",YEAR,SOYBEANS,"CHEMICAL, FUNGICIDE: (PROPICONAZOLE = 122101)",(D),(D),(D),(D),(D)
2012,MISSOURI,29,"  ","   ",YEAR,SOYBEANS,"CHEMICAL, FUNGICIDE: (PYRACLOSTROBIN = 99100)",(D),(D),(D),(D),(D)
2012,MISSOURI,29,"  ","   ",YEAR,SOYBEANS,"CHEMICAL, FUNGICIDE: (TOTAL)","18,000"," "," "," ",4
2012,MISSOURI,29,"  ","   ",YEAR,SOYBEANS,"CHEMICAL, FUNGICIDE: (TRIFLOXYSTROBIN = 129112)",(D),(D),(D),(D),(D)
2012,NEBRASKA,31,"  ","   ",YEAR,SOYBEANS,"CHEMICAL, FUNGICIDE: (AZOXYSTROBIN = 128810)",(D),(D),(D),(D),(D)
2012,NEBRASKA,31,"  ","   ",YEAR,SOYBEANS,"CHEMICAL, FUNGICIDE: (PROPICONAZOLE = 122101)",(D),(D),(D),(D),(D)
2012,NEBRASKA,31,"  ","   ",YEAR,SOYBEANS,"CHEMICAL, FUNGICIDE: (PYRACLOSTROBIN = 99100)",(D),(D),(D),(D),(D)
2012,NEBRASKA,31,"  ","   ",YEAR,SOYBEANS,"CHEMICAL, FUNGICIDE: (TOTAL)","23,000"," "," "," ",5
2012,NEBRASKA,31,"  ","   ",YEAR,SOYBEANS,"CHEMICAL, FUNGICIDE: (TRIFLOXYSTROBIN = 129112)",(D),(D),(D),(D),(D)
2012,"NORTH CAROLINA",37,"  ","   ",YEAR,SOYBEANS,"CHEMICAL, FUNGICIDE: (AZOXYSTROBIN = 128810)",(D),(D),(D),(D),(D)
2012,"NORTH CAROLINA",37,"  ","   ",YEAR,SOYBEANS,"CHEMICAL, FUNGICIDE: (PROPICONAZOLE = 122101)",(D),(D),(D),(D),(D)
2012,"NORTH CAROLINA",37,"  ","   ",YEAR,SOYBEANS,"CHEMICAL, FUNGICIDE: (PYRACLOSTROBIN = 99100)",(D),(D),(D),(D),(D)
2012,"NORTH CAROLINA",37,"  ","   ",YEAR,SOYBEANS,"CHEMICAL, FUNGICIDE: (TETRACONAZOLE = 120603)",(D),(D),(D),(D),(D)
2012,"NORTH CAROLINA",37,"  ","   ",YEAR,SOYBEANS,"CHEMICAL, FUNGICIDE: (TOTAL)","29,000"," "," "," ",14
2012,"NORTH DAKOTA",38,"  ","   ",YEAR,SOYBEANS,"CHEMICAL, FUNGICIDE: (METCONAZOLE = 125619)",(D),(D),(D),(D),(D)
2012,"NORTH DAKOTA",38,"  ","   ",YEAR,SOYBEANS,"CHEMICAL, FUNGICIDE: (PROPICONAZOLE = 122101)",(D),(D),(D),(D),(D)
2012,"NORTH DAKOTA",38,"  ","   ",YEAR,SOYBEANS,"CHEMICAL, FUNGICIDE: (PYRACLOSTROBIN = 99100)",(D),(D),(D),(D),(D)
2012,"NORTH DAKOTA",38,"  ","   ",YEAR,SOYBEANS,"CHEMICAL, FUNGICIDE: (TOTAL)","17,000"," "," "," ",3
2012,"NORTH DAKOTA",38,"  ","   ",YEAR,SOYBEANS,"CHEMICAL, FUNGICIDE: (TRIFLOXYSTROBIN = 129112)",(D),(D),(D),(D),(D)
2012,OHIO,39,"  ","   ",YEAR,SOYBEANS,"CHEMICAL, FUNGICIDE: (AZOXYSTROBIN = 128810)","10,000",0.066,0.066,1,3
2012,OHIO,39,"  ","   ",YEAR,SOYBEANS,"CHEMICAL, FUNGICIDE: (PYRACLOSTROBIN = 99100)","28,000",0.116,0.145,1.3,4
2012,OHIO,39,"  ","   ",YEAR,SOYBEANS,"CHEMICAL, FUNGICIDE: (TETRACONAZOLE = 120603)",(D),(D),(D),(D),(D)
2012,OHIO,39,"  ","   ",YEAR,SOYBEANS,"CHEMICAL, FUNGICIDE: (TOTAL)","40,000"," "," "," ",8
2012,"SOUTH DAKOTA",46,"  ","   ",YEAR,SOYBEANS,"CHEMICAL, FUNGICIDE: (AZOXYSTROBIN = 128810)",(D),(D),(D),(D),(D)
2012,"SOUTH DAKOTA",46,"  ","   ",YEAR,SOYBEANS,"CHEMICAL, FUNGICIDE: (CHLOROTHALONIL = 81901)",(D),(D),(D),(D),(D)
2012,"SOUTH DAKOTA",46,"  ","   ",YEAR,SOYBEANS,"CHEMICAL, FUNGICIDE: (PYRACLOSTROBIN = 99100)",(D),(D),(D),(D),(D)
2012,"SOUTH DAKOTA",46,"  ","   ",YEAR,SOYBEANS,"CHEMICAL, FUNGICIDE: (TOTAL)","77,000"," "," "," ",5
2012,TENNESSEE,47,"  ","   ",YEAR,SOYBEANS,"CHEMICAL, FUNGICIDE: (AZOXYSTROBIN = 128810)","8,000",0.085,0.085,1,8
2012,TENNESSEE,47,"  ","   ",YEAR,SOYBEANS,"CHEMICAL, FUNGICIDE: (PROPICONAZOLE = 122101)","13,000",0.102,0.102,1,10
2012,TENNESSEE,47,"  ","   ",YEAR,SOYBEANS,"CHEMICAL, FUNGICIDE: (PYRACLOSTROBIN = 99100)","6,000",0.075,0.075,1,6
2012,TENNESSEE,47,"  ","   ",YEAR,SOYBEANS,"CHEMICAL, FUNGICIDE: (TETRACONAZOLE = 120603)",(D),(D),(D),(D),(D)
2012,TENNESSEE,47,"  ","   ",YEAR,SOYBEANS,"CHEMICAL, FUNGICIDE: (TOTAL)","33,000"," "," "," ",23
2012,TENNESSEE,47,"  ","   ",YEAR,SOYBEANS,"CHEMICAL, FUNGICIDE: (TRIFLOXYSTROBIN = 129112)",(D),(D),(D),(D),(D)
2012,VIRGINIA,51,"  ","   ",YEAR,SOYBEANS,"CHEMICAL, FUNGICIDE: (AZOXYSTROBIN = 128810)",(D),(D),(D),(D),(D)
2012,VIRGINIA,51,"  ","   ",YEAR,SOYBEANS,"CHEMICAL, FUNGICIDE: (PROPICONAZOLE = 122101)",(D),(D),(D),(D),(D)
2012,VIRGINIA,51,"  ","   ",YEAR,SOYBEANS,"CHEMICAL, FUNGICIDE: (PYRACLOSTROBIN = 99100)","5,000",0.085,0.085,1,10
2012,VIRGINIA,51,"  ","   ",YEAR,SOYBEANS,"CHEMICAL, FUNGICIDE: (TEBUCONAZOLE = 128997)",(D),(D),(D),(D),(D)
2012,VIRGINIA,51,"  ","   ",YEAR,SOYBEANS,"CHEMICAL, FUNGICIDE: (TETRACONAZOLE = 120603)","3,000",0.062,0.062,1,9
2012,VIRGINIA,51,"  ","   ",YEAR,SOYBEANS,"CHEMICAL, FUNGICIDE: (TOTAL)","17,000"," "," "," ",26
2012,VIRGINIA,51,"  ","   ",YEAR,SOYBEANS,"CHEMICAL, FUNGICIDE: (TRIFLOXYSTROBIN = 129112)",(D),(D),(D),(D),(D)
2012,WISCONSIN,55,"  ","   ",YEAR,SOYBEANS,"CHEMICAL, FUNGICIDE: (PROPICONAZOLE = 122101)",(D),(D),(D),(D),(D)
2012,WISCONSIN,55,"  ","   ",YEAR,SOYBEANS,"CHEMICAL, FUNGICIDE: (PYRACLOSTROBIN = 99100)",(D),(D),(D),(D),(D)
2012,WISCONSIN,55,"  ","   ",YEAR,SOYBEANS,"CHEMICAL, FUNGICIDE: (TOTAL)","8,000"," "," "," ",5
2012,WISCONSIN,55,"  ","   ",YEAR,SOYBEANS,"CHEMICAL, FUNGICIDE: (TRIFLOXYSTROBIN = 129112)",(D),(D),(D),(D),(D)
2015,ARKANSAS,05,"  ","   ",YEAR,SOYBEANS,"CHEMICAL, FUNGICIDE: (AZOXYSTROBIN = 128810)","15,000",0.099,0.11,1.1,4
2015,ARKANSAS,05,"  ","   ",YEAR,SOYBEANS,"CHEMICAL, FUNGICIDE: (DIFENOCONAZOLE = 128847)",(D),(D),(D),(D),(D)
2015,ARKANSAS,05,"  ","   ",YEAR,SOYBEANS,"CHEMICAL, FUNGICIDE: (PROPICONAZOLE = 122101)","25,000",0.124,0.134,1.1,6
2015,ARKANSAS,05,"  ","   ",YEAR,SOYBEANS,"CHEMICAL, FUNGICIDE: (PROTHIOCONAZOLE = 113961)",(D),(D),(D),(D),(D)
2015,ARKANSAS,05,"  ","   ",YEAR,SOYBEANS,"CHEMICAL, FUNGICIDE: (TOTAL)","57,000"," "," "," ",10
2015,ARKANSAS,05,"  ","   ",YEAR,SOYBEANS,"CHEMICAL, FUNGICIDE: (TRIFLOXYSTROBIN = 129112)",(D),(D),(D),(D),(D)
2015,ILLINOIS,17,"  ","   ",YEAR,SOYBEANS,"CHEMICAL, FUNGICIDE: (AZOXYSTROBIN = 128810)","17,000",0.053,0.063,1.2,3
2015,ILLINOIS,17,"  ","   ",YEAR,SOYBEANS,"CHEMICAL, FUNGICIDE: (FLUOXASTROBIN = 28869)",(D),(D),(D),(D),(D)
2015,ILLINOIS,17,"  ","   ",YEAR,SOYBEANS,"CHEMICAL, FUNGICIDE: (FLUXAPYROXAD = 138009)","22,000",0.055,0.055,1,4
2015,ILLINOIS,17,"  ","   ",YEAR,SOYBEANS,"CHEMICAL, FUNGICIDE: (PICOXYSTROBIN = 129200)",(D),(D),(D),(D),(D)
2015,ILLINOIS,17,"  ","   ",YEAR,SOYBEANS,"CHEMICAL, FUNGICIDE: (PROPICONAZOLE = 122101)","47,000",0.097,0.108,1.1,4
2015,ILLINOIS,17,"  ","   ",YEAR,SOYBEANS,"CHEMICAL, FUNGICIDE: (PROTHIOCONAZOLE = 113961)",(D),(D),(D),(D),(D)
2015,ILLINOIS,17,"  ","   ",YEAR,SOYBEANS,"CHEMICAL, FUNGICIDE: (PYRACLOSTROBIN = 99100)","53,000",0.112,0.115,1,5
2015,ILLINOIS,17,"  ","   ",YEAR,SOYBEANS,"CHEMICAL, FUNGICIDE: (TEBUCONAZOLE = 128997)",(D),(D),(D),(D),(D)
2015,ILLINOIS,17,"  ","   ",YEAR,SOYBEANS,"CHEMICAL, FUNGICIDE: (TETRACONAZOLE = 120603)",(D),(D),(D),(D),(D)
2015,ILLINOIS,17,"  ","   ",YEAR,SOYBEANS,"CHEMICAL, FUNGICIDE: (TOTAL)","173,000"," "," "," ",12
2015,ILLINOIS,17,"  ","   ",YEAR,SOYBEANS,"CHEMICAL, FUNGICIDE: (TRIFLOXYSTROBIN = 129112)",(D),(D),(D),(D),(D)
2015,INDIANA,18,"  ","   ",YEAR,SOYBEANS,"CHEMICAL, FUNGICIDE: (AZOXYSTROBIN = 128810)","27,000",0.105,0.105,1,5
2015,INDIANA,18,"  ","   ",YEAR,SOYBEANS,"CHEMICAL, FUNGICIDE: (CYPROCONAZOLE = 128993)",(D),(D),(D),(D),(D)
2015,INDIANA,18,"  ","   ",YEAR,SOYBEANS,"CHEMICAL, FUNGICIDE: (DIFENOCONAZOLE = 128847)",(D),(D),(D),(D),(D)
2015,INDIANA,18,"  ","   ",YEAR,SOYBEANS,"CHEMICAL, FUNGICIDE: (FLUXAPYROXAD = 138009)",(D),(D),(D),(D),(D)
2015,INDIANA,18,"  ","   ",YEAR,SOYBEANS,"CHEMICAL, FUNGICIDE: (PICOXYSTROBIN = 129200)",(D),(D),(D),(D),(D)
2015,INDIANA,18,"  ","   ",YEAR,SOYBEANS,"CHEMICAL, FUNGICIDE: (PROPICONAZOLE = 122101)","11,000",0.092,0.092,1,2
2015,INDIANA,18,"  ","   ",YEAR,SOYBEANS,"CHEMICAL, FUNGICIDE: (PYRACLOSTROBIN = 99100)",(D),(D),(D),(D),(D)
2015,INDIANA,18,"  ","   ",YEAR,SOYBEANS,"CHEMICAL, FUNGICIDE: (TOTAL)","60,000"," "," "," ",8
2015,INDIANA,18,"  ","   ",YEAR,SOYBEANS,"CHEMICAL, FUNGICIDE: (TRIFLOXYSTROBIN = 129112)",(D),(D),(D),(D),(D)
2015,IOWA,19,"  ","   ",YEAR,SOYBEANS,"CHEMICAL, FUNGICIDE: (AZOXYSTROBIN = 128810)","17,000",0.07,0.07,1,3
2015,IOWA,19,"  ","   ",YEAR,SOYBEANS,"CHEMICAL, FUNGICIDE: (CYPROCONAZOLE = 128993)",(D),(D),(D),(D),(D)
2015,IOWA,19,"  ","   ",YEAR,SOYBEANS,"CHEMICAL, FUNGICIDE: (FLUOXASTROBIN = 28869)",(D),(D),(D),(D),(D)
2015,IOWA,19,"  ","   ",YEAR,SOYBEANS,"CHEMICAL, FUNGICIDE: (FLUXAPYROXAD = 138009)","35,000",0.046,0.046,1,8
2015,IOWA,19,"  ","   ",YEAR,SOYBEANS,"CHEMICAL, FUNGICIDE: (PICOXYSTROBIN = 129200)","27,000",0.09,0.09,1,3
2015,IOWA,19,"  ","   ",YEAR,SOYBEANS,"CHEMICAL, FUNGICIDE: (PROPICONAZOLE = 122101)","44,000",0.109,0.109,1,4
2015,IOWA,19,"  ","   ",YEAR,SOYBEANS,"CHEMICAL, FUNGICIDE: (PROTHIOCONAZOLE = 113961)",(D),(D),(D),(D),(D)
2015,IOWA,19,"  ","   ",YEAR,SOYBEANS,"CHEMICAL, FUNGICIDE: (PYRACLOSTROBIN = 99100)","101,000",0.104,0.104,1,10
2015,IOWA,19,"  ","   ",YEAR,SOYBEANS,"CHEMICAL, FUNGICIDE: (TOTAL)","235,000"," "," "," ",18
2015,IOWA,19,"  ","   ",YEAR,SOYBEANS,"CHEMICAL, FUNGICIDE: (TRIFLOXYSTROBIN = 129112)",(D),(D),(D),(D),(D)
2015,KANSAS,20,"  ","   ",YEAR,SOYBEANS,"CHEMICAL, FUNGICIDE: (AZOXYSTROBIN = 128810)",(D),(D),(D),(D),(D)
2015,KANSAS,20,"  ","   ",YEAR,SOYBEANS,"CHEMICAL, FUNGICIDE: (PROPICONAZOLE = 122101)",(D),(D),(D),(D),(D)
2015,KANSAS,20,"  ","   ",YEAR,SOYBEANS,"CHEMICAL, FUNGICIDE: (TOTAL)",(D)," "," "," ",(D)
2015,KENTUCKY,21,"  ","   ",YEAR,SOYBEANS,"CHEMICAL, FUNGICIDE: (AZOXYSTROBIN = 128810)","19,000",0.123,0.152,1.2,7
2015,KENTUCKY,21,"  ","   ",YEAR,SOYBEANS,"CHEMICAL, FUNGICIDE: (DIFENOCONAZOLE = 128847)","12,000",0.078,0.095,1.2,7
2015,KENTUCKY,21,"  ","   ",YEAR,SOYBEANS,"CHEMICAL, FUNGICIDE: (FLUXAPYROXAD = 138009)","6,000",0.048,0.054,1.1,6
2015,KENTUCKY,21,"  ","   ",YEAR,SOYBEANS,"CHEMICAL, FUNGICIDE: (PROPICONAZOLE = 122101)","15,000",0.113,0.113,1,7
2015,KENTUCKY,21,"  ","   ",YEAR,SOYBEANS,"CHEMICAL, FUNGICIDE: (PYRACLOSTROBIN = 99100)","18,000",0.097,0.105,1.1,9
2015,KENTUCKY,21,"  ","   ",YEAR,SOYBEANS,"CHEMICAL, FUNGICIDE: (TETRACONAZOLE = 120603)",(D),(D),(D),(D),(D)
2015,KENTUCKY,21,"  ","   ",YEAR,SOYBEANS,"CHEMICAL, FUNGICIDE: (TOTAL)","74,000"," "," "," ",20
2015,LOUISIANA,22,"  ","   ",YEAR,SOYBEANS,"CHEMICAL, FUNGICIDE: (AZOXYSTROBIN = 128810)","28,000",0.116,0.117,1,17
2015,LOUISIANA,22,"  ","   ",YEAR,SOYBEANS,"CHEMICAL, FUNGICIDE: (CYPROCONAZOLE = 128993)",(D),(D),(D),(D),(D)
2015,LOUISIANA,22,"  ","   ",YEAR,SOYBEANS,"CHEMICAL, FUNGICIDE: (DIFENOCONAZOLE = 128847)","11,000",0.085,0.086,1,9
2015,LOUISIANA,22,"  ","   ",YEAR,SOYBEANS,"CHEMICAL, FUNGICIDE: (FLUXAPYROXAD = 138009)","6,000",0.044,0.044,1,10
2015,LOUISIANA,22,"  ","   ",YEAR,SOYBEANS,"CHEMICAL, FUNGICIDE: (PICOXYSTROBIN = 129200)",(D),(D),(D),(D),(D)
2015,LOUISIANA,22,"  ","   ",YEAR,SOYBEANS,"CHEMICAL, FUNGICIDE: (PROPICONAZOLE = 122101)","24,000",0.104,0.104,1,16
2015,LOUISIANA,22,"  ","   ",YEAR,SOYBEANS,"CHEMICAL, FUNGICIDE: (PYRACLOSTROBIN = 99100)","19,000",0.091,0.1,1.1,13
2015,LOUISIANA,22,"  ","   ",YEAR,SOYBEANS,"CHEMICAL, FUNGICIDE: (TEBUCONAZOLE = 128997)",(D),(D),(D),(D),(D)
2015,LOUISIANA,22,"  ","   ",YEAR,SOYBEANS,"CHEMICAL, FUNGICIDE: (TETRACONAZOLE = 120603)",(D),(D),(D),(D),(D)
2015,LOUISIANA,22,"  ","   ",YEAR,SOYBEANS,"CHEMICAL, FUNGICIDE: (THIOPHANATE-METHYL = 102001)",(D),(D),(D),(D),(D)
2015,LOUISIANA,22,"  ","   ",YEAR,SOYBEANS,"CHEMICAL, FUNGICIDE: (TOTAL)","107,000"," "," "," ",43
2015,LOUISIANA,22,"  ","   ",YEAR,SOYBEANS,"CHEMICAL, FUNGICIDE: (TRIFLOXYSTROBIN = 129112)","8,000",0.074,0.074,1,8
2015,MICHIGAN,26,"  ","   ",YEAR,SOYBEANS,"CHEMICAL, FUNGICIDE: (AZOXYSTROBIN = 128810)",(D),(D),(D),(D),(D)
2015,MICHIGAN,26,"  ","   ",YEAR,SOYBEANS,"CHEMICAL, FUNGICIDE: (BOSCALID = 128008)",(D),(D),(D),(D),(D)
2015,MICHIGAN,26,"  ","   ",YEAR,SOYBEANS,"CHEMICAL, FUNGICIDE: (FLUOPYRAM = 80302)",(D),(D),(D),(D),(D)
2015,MICHIGAN,26,"  ","   ",YEAR,SOYBEANS,"CHEMICAL, FUNGICIDE: (FLUXAPYROXAD = 138009)",(D),(D),(D),(D),(D)
2015,MICHIGAN,26,"  ","   ",YEAR,SOYBEANS,"CHEMICAL, FUNGICIDE: (MONO-POTASSIUM SALT = 76416)",(D),(D),(D),(D),(D)
2015,MICHIGAN,26,"  ","   ",YEAR,SOYBEANS,"CHEMICAL, FUNGICIDE: (PICOXYSTROBIN = 129200)",(D),(D),(D),(D),(D)
2015,MICHIGAN,26,"  ","   ",YEAR,SOYBEANS,"CHEMICAL, FUNGICIDE: (PROPICONAZOLE = 122101)",(D),(D),(D),(D),(D)
2015,MICHIGAN,26,"  ","   ",YEAR,SOYBEANS,"CHEMICAL, FUNGICIDE: (PROTHIOCONAZOLE = 113961)",(D),(D),(D),(D),(D)
2015,MICHIGAN,26,"  ","   ",YEAR,SOYBEANS,"CHEMICAL, FUNGICIDE: (PYRACLOSTROBIN = 99100)",(D),(D),(D),(D),(D)
2015,MICHIGAN,26,"  ","   ",YEAR,SOYBEANS,"CHEMICAL, FUNGICIDE: (TEBUCONAZOLE = 128997)",(D),(D),(D),(D),(D)
2015,MICHIGAN,26,"  ","   ",YEAR,SOYBEANS,"CHEMICAL, FUNGICIDE: (TOTAL)","63,000"," "," "," ",9
2015,MINNESOTA,27,"  ","   ",YEAR,SOYBEANS,"CHEMICAL, FUNGICIDE: (AZOXYSTROBIN = 128810)",(D),(D),(D),(D),(D)
2015,MINNESOTA,27,"  ","   ",YEAR,SOYBEANS,"CHEMICAL, FUNGICIDE: (BOSCALID = 128008)",(D),(D),(D),(D),(D)
2015,MINNESOTA,27,"  ","   ",YEAR,SOYBEANS,"CHEMICAL, FUNGICIDE: (FLUOXASTROBIN = 28869)",(D),(D),(D),(D),(D)
2015,MINNESOTA,27,"  ","   ",YEAR,SOYBEANS,"CHEMICAL, FUNGICIDE: (FLUXAPYROXAD = 138009)","16,000",0.044,0.044,1,5
2015,MINNESOTA,27,"  ","   ",YEAR,SOYBEANS,"CHEMICAL, FUNGICIDE: (PROPICONAZOLE = 122101)","17,000",0.116,0.116,1,2
2015,MINNESOTA,27,"  ","   ",YEAR,SOYBEANS,"CHEMICAL, FUNGICIDE: (PYRACLOSTROBIN = 99100)","39,000",0.09,0.09,1,6
2015,MINNESOTA,27,"  ","   ",YEAR,SOYBEANS,"CHEMICAL, FUNGICIDE: (TEBUCONAZOLE = 128997)",(D),(D),(D),(D),(D)
2015,MINNESOTA,27,"  ","   ",YEAR,SOYBEANS,"CHEMICAL, FUNGICIDE: (TETRACONAZOLE = 120603)",(D),(D),(D),(D),(D)
2015,MINNESOTA,27,"  ","   ",YEAR,SOYBEANS,"CHEMICAL, FUNGICIDE: (TOTAL)","118,000"," "," "," ",11
2015,MINNESOTA,27,"  ","   ",YEAR,SOYBEANS,"CHEMICAL, FUNGICIDE: (TRIFLOXYSTROBIN = 129112)",(D),(D),(D),(D),(D)
2015,MISSISSIPPI,28,"  ","   ",YEAR,SOYBEANS,"CHEMICAL, FUNGICIDE: (AZOXYSTROBIN = 128810)","41,000",0.102,0.106,1,17
2015,MISSISSIPPI,28,"  ","   ",YEAR,SOYBEANS,"CHEMICAL, FUNGICIDE: (CYPROCONAZOLE = 128993)","3,000",0.028,0.028,1,4
2015,MISSISSIPPI,28,"  ","   ",YEAR,SOYBEANS,"CHEMICAL, FUNGICIDE: (DIFENOCONAZOLE = 128847)","16,000",0.067,0.072,1.1,10
2015,MISSISSIPPI,28,"  ","   ",YEAR,SOYBEANS,"CHEMICAL, FUNGICIDE: (FLUXAPYROXAD = 138009)",(D),(D),(D),(D),(D)
2015,MISSISSIPPI,28,"  ","   ",YEAR,SOYBEANS,"CHEMICAL, FUNGICIDE: (MEFENOXAM = 113502)",(D),(D),(D),(D),(D)
2015,MISSISSIPPI,28,"  ","   ",YEAR,SOYBEANS,"CHEMICAL, FUNGICIDE: (MONO-POTASSIUM SALT = 76416)",(D),(D),(D),(D),(D)
2015,MISSISSIPPI,28,"  ","   ",YEAR,SOYBEANS,"CHEMICAL, FUNGICIDE: (PICOXYSTROBIN = 129200)",(D),(D),(D),(D),(D)
2015,MISSISSIPPI,28,"  ","   ",YEAR,SOYBEANS,"CHEMICAL, FUNGICIDE: (PROPICONAZOLE = 122101)","12,000",0.096,0.096,1,5
2015,MISSISSIPPI,28,"  ","   ",YEAR,SOYBEANS,"CHEMICAL, FUNGICIDE: (PROTHIOCONAZOLE = 113961)",(D),(D),(D),(D),(D)
2015,MISSISSIPPI,28,"  ","   ",YEAR,SOYBEANS,"CHEMICAL, FUNGICIDE: (PYRACLOSTROBIN = 99100)","8,000",0.091,0.165,1.8,2
2015,MISSISSIPPI,28,"  ","   ",YEAR,SOYBEANS,"CHEMICAL, FUNGICIDE: (TEBUCONAZOLE = 128997)",(D),(D),(D),(D),(D)
2015,MISSISSIPPI,28,"  ","   ",YEAR,SOYBEANS,"CHEMICAL, FUNGICIDE: (TETRACONAZOLE = 120603)",(D),(D),(D),(D),(D)
2015,MISSISSIPPI,28,"  ","   ",YEAR,SOYBEANS,"CHEMICAL, FUNGICIDE: (TOTAL)","103,000"," "," "," ",25
2015,MISSISSIPPI,28,"  ","   ",YEAR,SOYBEANS,"CHEMICAL, FUNGICIDE: (TRIFLOXYSTROBIN = 129112)","8,000",0.082,0.082,1,5
2015,MISSOURI,29,"  ","   ",YEAR,SOYBEANS,"CHEMICAL, FUNGICIDE: (AZOXYSTROBIN = 128810)",(D),(D),(D),(D),(D)
2015,MISSOURI,29,"  ","   ",YEAR,SOYBEANS,"CHEMICAL, FUNGICIDE: (FLUXAPYROXAD = 138009)",(D),(D),(D),(D),(D)
2015,MISSOURI,29,"  ","   ",YEAR,SOYBEANS,"CHEMICAL, FUNGICIDE: (PICOXYSTROBIN = 129200)",(D),(D),(D),(D),(D)
2015,MISSOURI,29,"  ","   ",YEAR,SOYBEANS,"CHEMICAL, FUNGICIDE: (PYRACLOSTROBIN = 99100)",(D),(D),(D),(D),(D)
2015,MISSOURI,29,"  ","   ",YEAR,SOYBEANS,"CHEMICAL, FUNGICIDE: (TOTAL)",(D)," "," "," ",(D)
2015,NEBRASKA,31,"  ","   ",YEAR,SOYBEANS,"CHEMICAL, FUNGICIDE: (AZOXYSTROBIN = 128810)",(D),(D),(D),(D),(D)
2015,NEBRASKA,31,"  ","   ",YEAR,SOYBEANS,"CHEMICAL, FUNGICIDE: (CYPROCONAZOLE = 128993)",(D),(D),(D),(D),(D)
2015,NEBRASKA,31,"  ","   ",YEAR,SOYBEANS,"CHEMICAL, FUNGICIDE: (FLUXAPYROXAD = 138009)",(D),(D),(D),(D),(D)
2015,NEBRASKA,31,"  ","   ",YEAR,SOYBEANS,"CHEMICAL, FUNGICIDE: (PICOXYSTROBIN = 129200)",(D),(D),(D),(D),(D)
2015,NEBRASKA,31,"  ","   ",YEAR,SOYBEANS,"CHEMICAL, FUNGICIDE: (PROPICONAZOLE = 122101)",(D),(D),(D),(D),(D)
2015,NEBRASKA,31,"  ","   ",YEAR,SOYBEANS,"CHEMICAL, FUNGICIDE: (PYRACLOSTROBIN = 99100)",(D),(D),(D),(D),(D)
2015,NEBRASKA,31,"  ","   ",YEAR,SOYBEANS,"CHEMICAL, FUNGICIDE: (TETRACONAZOLE = 120603)",(D),(D),(D),(D),(D)
2015,NEBRASKA,31,"  ","   ",YEAR,SOYBEANS,"CHEMICAL, FUNGICIDE: (TOTAL)","44,000"," "," "," ",7
2015,NEBRASKA,31,"  ","   ",YEAR,SOYBEANS,"CHEMICAL, FUNGICIDE: (TRIFLOXYSTROBIN = 129112)",(D),(D),(D),(D),(D)
2015,"NORTH CAROLINA",37,"  ","   ",YEAR,SOYBEANS,"CHEMICAL, FUNGICIDE: (AZOXYSTROBIN = 128810)","12,000",0.106,0.119,1.1,6
2015,"NORTH CAROLINA",37,"  ","   ",YEAR,SOYBEANS,"CHEMICAL, FUNGICIDE: (CYPROCONAZOLE = 128993)","2,000",0.036,0.036,1,3
2015,"NORTH CAROLINA",37,"  ","   ",YEAR,SOYBEANS,"CHEMICAL, FUNGICIDE: (DIFENOCONAZOLE = 128847)",(D),(D),(D),(D),(D)
2015,"NORTH CAROLINA",37,"  ","   ",YEAR,SOYBEANS,"CHEMICAL, FUNGICIDE: (PICOXYSTROBIN = 129200)",(D),(D),(D),(D),(D)
2015,"NORTH CAROLINA",37,"  ","   ",YEAR,SOYBEANS,"CHEMICAL, FUNGICIDE: (PROPICONAZOLE = 122101)","8,000",0.11,0.11,1,4
2015,"NORTH CAROLINA",37,"  ","   ",YEAR,SOYBEANS,"CHEMICAL, FUNGICIDE: (PYRACLOSTROBIN = 99100)",(D),(D),(D),(D),(D)
2015,"NORTH CAROLINA",37,"  ","   ",YEAR,SOYBEANS,"CHEMICAL, FUNGICIDE: (TETRACONAZOLE = 120603)",(D),(D),(D),(D),(D)
2015,"NORTH CAROLINA",37,"  ","   ",YEAR,SOYBEANS,"CHEMICAL, FUNGICIDE: (TOTAL)","64,000"," "," "," ",13
2015,"NORTH CAROLINA",37,"  ","   ",YEAR,SOYBEANS,"CHEMICAL, FUNGICIDE: (TRIFLOXYSTROBIN = 129112)",(D),(D),(D),(D),(D)
2015,"NORTH DAKOTA",38,"  ","   ",YEAR,SOYBEANS,"CHEMICAL, FUNGICIDE: (AZOXYSTROBIN = 128810)",(D),(D),(D),(D),(D)
2015,"NORTH DAKOTA",38,"  ","   ",YEAR,SOYBEANS,"CHEMICAL, FUNGICIDE: (BOSCALID = 128008)",(D),(D),(D),(D),(D)
2015,"NORTH DAKOTA",38,"  ","   ",YEAR,SOYBEANS,"CHEMICAL, FUNGICIDE: (FLUXAPYROXAD = 138009)","10,000",0.042,0.042,1,4
2015,"NORTH DAKOTA",38,"  ","   ",YEAR,SOYBEANS,"CHEMICAL, FUNGICIDE: (PICOXYSTROBIN = 129200)",(D),(D),(D),(D),(D)
2015,"NORTH DAKOTA",38,"  ","   ",YEAR,SOYBEANS,"CHEMICAL, FUNGICIDE: (PROPICONAZOLE = 122101)",(D),(D),(D),(D),(D)
2015,"NORTH DAKOTA",38,"  ","   ",YEAR,SOYBEANS,"CHEMICAL, FUNGICIDE: (PYRACLOSTROBIN = 99100)","25,000",0.093,0.093,1,5
2015,"NORTH DAKOTA",38,"  ","   ",YEAR,SOYBEANS,"CHEMICAL, FUNGICIDE: (TOTAL)","79,000"," "," "," ",7
2015,OHIO,39,"  ","   ",YEAR,SOYBEANS,"CHEMICAL, FUNGICIDE: (AZOXYSTROBIN = 128810)","10,000",0.077,0.077,1,3
2015,OHIO,39,"  ","   ",YEAR,SOYBEANS,"CHEMICAL, FUNGICIDE: (FLUXAPYROXAD = 138009)",(D),(D),(D),(D),(D)
2015,OHIO,39,"  ","   ",YEAR,SOYBEANS,"CHEMICAL, FUNGICIDE: (PROPICONAZOLE = 122101)","34,000",0.116,0.116,1,6
2015,OHIO,39,"  ","   ",YEAR,SOYBEANS,"CHEMICAL, FUNGICIDE: (PYRACLOSTROBIN = 99100)","18,000",0.111,0.111,1,3
2015,OHIO,39,"  ","   ",YEAR,SOYBEANS,"CHEMICAL, FUNGICIDE: (TOTAL)","67,000"," "," "," ",10
2015,"SOUTH DAKOTA",46,"  ","   ",YEAR,SOYBEANS,"CHEMICAL, FUNGICIDE: (AZOXYSTROBIN = 128810)",(D),(D),(D),(D),(D)
2015,"SOUTH DAKOTA",46,"  ","   ",YEAR,SOYBEANS,"CHEMICAL, FUNGICIDE: (FLUXAPYROXAD = 138009)",(D),(D),(D),(D),(D)
2015,"SOUTH DAKOTA",46,"  ","   ",YEAR,SOYBEANS,"CHEMICAL, FUNGICIDE: (PROPICONAZOLE = 122101)","15,000",0.089,0.089,1,3
2015,"SOUTH DAKOTA",46,"  ","   ",YEAR,SOYBEANS,"CHEMICAL, FUNGICIDE: (PYRACLOSTROBIN = 99100)",(D),(D),(D),(D),(D)
2015,"SOUTH DAKOTA",46,"  ","   ",YEAR,SOYBEANS,"CHEMICAL, FUNGICIDE: (TETRACONAZOLE = 120603)",(D),(D),(D),(D),(D)
2015,"SOUTH DAKOTA",46,"  ","   ",YEAR,SOYBEANS,"CHEMICAL, FUNGICIDE: (TOTAL)","33,000"," "," "," ",5
2015,"SOUTH DAKOTA",46,"  ","   ",YEAR,SOYBEANS,"CHEMICAL, FUNGICIDE: (TRIFLOXYSTROBIN = 129112)",(D),(D),(D),(D),(D)
2015,TENNESSEE,47,"  ","   ",YEAR,SOYBEANS,"CHEMICAL, FUNGICIDE: (AZOXYSTROBIN = 128810)",(D),(D),(D),(D),(D)
2015,TENNESSEE,47,"  ","   ",YEAR,SOYBEANS,"CHEMICAL, FUNGICIDE: (DIFENOCONAZOLE = 128847)",(D),(D),(D),(D),(D)
2015,TENNESSEE,47,"  ","   ",YEAR,SOYBEANS,"CHEMICAL, FUNGICIDE: (FLUXAPYROXAD = 138009)","3,000",0.054,0.054,1,4
2015,TENNESSEE,47,"  ","   ",YEAR,SOYBEANS,"CHEMICAL, FUNGICIDE: (PROPICONAZOLE = 122101)",(D),(D),(D),(D),(D)
2015,TENNESSEE,47,"  ","   ",YEAR,SOYBEANS,"CHEMICAL, FUNGICIDE: (PYRACLOSTROBIN = 99100)","13,000",0.105,0.105,1,7
2015,TENNESSEE,47,"  ","   ",YEAR,SOYBEANS,"CHEMICAL, FUNGICIDE: (TETRACONAZOLE = 120603)",(D),(D),(D),(D),(D)
2015,TENNESSEE,47,"  ","   ",YEAR,SOYBEANS,"CHEMICAL, FUNGICIDE: (TOTAL)","40,000"," "," "," ",15
2015,TENNESSEE,47,"  ","   ",YEAR,SOYBEANS,"CHEMICAL, FUNGICIDE: (TRIFLOXYSTROBIN = 129112)",(D),(D),(D),(D),(D)
2015,VIRGINIA,51,"  ","   ",YEAR,SOYBEANS,"CHEMICAL, FUNGICIDE: (AZOXYSTROBIN = 128810)","7,000",0.101,0.101,1,12
2015,VIRGINIA,51,"  ","   ",YEAR,SOYBEANS,"CHEMICAL, FUNGICIDE: (DIFENOCONAZOLE = 128847)","3,000",0.069,0.069,1,7
2015,VIRGINIA,51,"  ","   ",YEAR,SOYBEANS,"CHEMICAL, FUNGICIDE: (PROPICONAZOLE = 122101)",(D),(D),(D),(D),(D)
2015,VIRGINIA,51,"  ","   ",YEAR,SOYBEANS,"CHEMICAL, FUNGICIDE: (PYRACLOSTROBIN = 99100)",(D),(D),(D),(D),(D)
2015,VIRGINIA,51,"  ","   ",YEAR,SOYBEANS,"CHEMICAL, FUNGICIDE: (TEBUCONAZOLE = 128997)",(D),(D),(D),(D),(D)
2015,VIRGINIA,51,"  ","   ",YEAR,SOYBEANS,"CHEMICAL, FUNGICIDE: (THIOPHANATE-METHYL = 102001)",(D),(D),(D),(D),(D)
2015,VIRGINIA,51,"  ","   ",YEAR,SOYBEANS,"CHEMICAL, FUNGICIDE: (TOTAL)","19,000"," "," "," ",16
2015,VIRGINIA,51,"  ","   ",YEAR,SOYBEANS,"CHEMICAL, FUNGICIDE: (TRIFLOXYSTROBIN = 129112)",(D),(D),(D),(D),(D)
2015,WISCONSIN,55,"  ","   ",YEAR,SOYBEANS,"CHEMICAL, FUNGICIDE: (AZOXYSTROBIN = 128810)",(D),(D),(D),(D),(D)
2015,WISCONSIN,55,"  ","   ",YEAR,SOYBEANS,"CHEMICAL, FUNGICIDE: (FLUXAPYROXAD = 138009)","3,000",0.053,0.053,1,3
2015,WISCONSIN,55,"  ","   ",YEAR,SOYBEANS,"CHEMICAL, FUNGICIDE: (PICOXYSTROBIN = 129200)",(D),(D),(D),(D),(D)
2015,WISCONSIN,55,"  ","   ",YEAR,SOYBEANS,"CHEMICAL, FUNGICIDE: (PROPICONAZOLE = 122101)","10,000",0.087,0.091,1,6
2015,WISCONSIN,55,"  ","   ",YEAR,SOYBEANS,"CHEMICAL, FUNGICIDE: (PROTHIOCONAZOLE = 113961)",(D),(D),(D),(D),(D)
2015,WISCONSIN,55,"  ","   ",YEAR,SOYBEANS,"CHEMICAL, FUNGICIDE: (PYRACLOSTROBIN = 99100)","7,000",0.108,0.108,1,3
2015,WISCONSIN,55,"  ","   ",YEAR,SOYBEANS,"CHEMICAL, FUNGICIDE: (TOTAL)","30,000"," "," "," ",11
2015,WISCONSIN,55,"  ","   ",YEAR,SOYBEANS,"CHEMICAL, FUNGICIDE: (TRIFLOXYSTROBIN = 129112)",(D),(D),(D),(D),(D)
2017,ARKANSAS,05,"  ","   ",YEAR,SOYBEANS,"CHEMICAL, FUNGICIDE: (AZOXYSTROBIN = 128810)","28,000",0.125,0.128,1,6
2017,ARKANSAS,05,"  ","   ",YEAR,SOYBEANS,"CHEMICAL, FUNGICIDE: (CYPROCONAZOLE = 128993)",(D),(D),(D),(D),(D)
2017,ARKANSAS,05,"  ","   ",YEAR,SOYBEANS,"CHEMICAL, FUNGICIDE: (DIFENOCONAZOLE = 128847)","12,000",0.087,0.09,1,4
2017,ARKANSAS,05,"  ","   ",YEAR,SOYBEANS,"CHEMICAL, FUNGICIDE: (FLUXAPYROXAD = 138009)",(D),(D),(D),(D),(D)
2017,ARKANSAS,05,"  ","   ",YEAR,SOYBEANS,"CHEMICAL, FUNGICIDE: (PICOXYSTROBIN = 129200)",(D),(D),(D),(D),(D)
2017,ARKANSAS,05,"  ","   ",YEAR,SOYBEANS,"CHEMICAL, FUNGICIDE: (PROPICONAZOLE = 122101)","10,000",0.078,0.078,1,4
2017,ARKANSAS,05,"  ","   ",YEAR,SOYBEANS,"CHEMICAL, FUNGICIDE: (PROTHIOCONAZOLE = 113961)",(D),(D),(D),(D),(D)
2017,ARKANSAS,05,"  ","   ",YEAR,SOYBEANS,"CHEMICAL, FUNGICIDE: (PYRACLOSTROBIN = 99100)",(D),(D),(D),(D),(D)
2017,ARKANSAS,05,"  ","   ",YEAR,SOYBEANS,"CHEMICAL, FUNGICIDE: (TEBUCONAZOLE = 128997)",(D),(D),(D),(D),(D)
2017,ARKANSAS,05,"  ","   ",YEAR,SOYBEANS,"CHEMICAL, FUNGICIDE: (TETRACONAZOLE = 120603)",(D),(D),(D),(D),(D)
2017,ARKANSAS,05,"  ","   ",YEAR,SOYBEANS,"CHEMICAL, FUNGICIDE: (TOTAL)","76,000"," "," "," ",13
2017,ARKANSAS,05,"  ","   ",YEAR,SOYBEANS,"CHEMICAL, FUNGICIDE: (TRIFLOXYSTROBIN = 129112)","7,000",0.074,0.074,1,3
2017,ILLINOIS,17,"  ","   ",YEAR,SOYBEANS,"CHEMICAL, FUNGICIDE: (AZOXYSTROBIN = 128810)","45,000",0.089,0.089,1,5
2017,ILLINOIS,17,"  ","   ",YEAR,SOYBEANS,"CHEMICAL, FUNGICIDE: (BENZOVINDIFLUPYR = 122305)",(D),(D),(D),(D),(D)
2017,ILLINOIS,17,"  ","   ",YEAR,SOYBEANS,"CHEMICAL, FUNGICIDE: (CONIOTHYRIUM MINITAN = 28836)",(D),(D),(D),(D),(D)
2017,ILLINOIS,17,"  ","   ",YEAR,SOYBEANS,"CHEMICAL, FUNGICIDE: (CYPROCONAZOLE = 128993)","15,000",0.04,0.044,1.1,3
2017,ILLINOIS,17,"  ","   ",YEAR,SOYBEANS,"CHEMICAL, FUNGICIDE: (DIFENOCONAZOLE = 128847)",(D),(D),(D),(D),(D)
2017,ILLINOIS,17,"  ","   ",YEAR,SOYBEANS,"CHEMICAL, FUNGICIDE: (FLUOXASTROBIN = 28869)",(D),(D),(D),(D),(D)
2017,ILLINOIS,17,"  ","   ",YEAR,SOYBEANS,"CHEMICAL, FUNGICIDE: (FLUXAPYROXAD = 138009)","43,000",0.061,0.061,1,7
2017,ILLINOIS,17,"  ","   ",YEAR,SOYBEANS,"CHEMICAL, FUNGICIDE: (PICOXYSTROBIN = 129200)","53,000",0.128,0.141,1.1,4
2017,ILLINOIS,17,"  ","   ",YEAR,SOYBEANS,"CHEMICAL, FUNGICIDE: (PROPICONAZOLE = 122101)",(D),(D),(D),(D),(D)
2017,ILLINOIS,17,"  ","   ",YEAR,SOYBEANS,"CHEMICAL, FUNGICIDE: (PROTHIOCONAZOLE = 113961)","17,000",0.07,0.07,1,2
2017,ILLINOIS,17,"  ","   ",YEAR,SOYBEANS,"CHEMICAL, FUNGICIDE: (PYRACLOSTROBIN = 99100)","121,000",0.132,0.132,1,9
2017,ILLINOIS,17,"  ","   ",YEAR,SOYBEANS,"CHEMICAL, FUNGICIDE: (TEBUCONAZOLE = 128997)",(D),(D),(D),(D),(D)
2017,ILLINOIS,17,"  ","   ",YEAR,SOYBEANS,"CHEMICAL, FUNGICIDE: (TETRACONAZOLE = 120603)",(D),(D),(D),(D),(D)
2017,ILLINOIS,17,"  ","   ",YEAR,SOYBEANS,"CHEMICAL, FUNGICIDE: (TOTAL)","399,000"," "," "," ",22
2017,ILLINOIS,17,"  ","   ",YEAR,SOYBEANS,"CHEMICAL, FUNGICIDE: (TRIFLOXYSTROBIN = 129112)","50,000",0.209,0.209,1,2
2017,INDIANA,18,"  ","   ",YEAR,SOYBEANS,"CHEMICAL, FUNGICIDE: (AZOXYSTROBIN = 128810)","23,000",0.097,0.097,1,4
2017,INDIANA,18,"  ","   ",YEAR,SOYBEANS,"CHEMICAL, FUNGICIDE: (BENZOVINDIFLUPYR = 122305)",(D),(D),(D),(D),(D)
2017,INDIANA,18,"  ","   ",YEAR,SOYBEANS,"CHEMICAL, FUNGICIDE: (DIFENOCONAZOLE = 128847)",(D),(D),(D),(D),(D)
2017,INDIANA,18,"  ","   ",YEAR,SOYBEANS,"CHEMICAL, FUNGICIDE: (FLUOXASTROBIN = 28869)",(D),(D),(D),(D),(D)
2017,INDIANA,18,"  ","   ",YEAR,SOYBEANS,"CHEMICAL, FUNGICIDE: (FLUXAPYROXAD = 138009)","15,000",0.044,0.058,1.3,4
2017,INDIANA,18,"  ","   ",YEAR,SOYBEANS,"CHEMICAL, FUNGICIDE: (METCONAZOLE = 125619)",(D),(D),(D),(D),(D)
2017,INDIANA,18,"  ","   ",YEAR,SOYBEANS,"CHEMICAL, FUNGICIDE: (MONO-POTASSIUM SALT = 76416)",(D),(D),(D),(D),(D)
2017,INDIANA,18,"  ","   ",YEAR,SOYBEANS,"CHEMICAL, FUNGICIDE: (PICOXYSTROBIN = 129200)",(D),(D),(D),(D),(D)
2017,INDIANA,18,"  ","   ",YEAR,SOYBEANS,"CHEMICAL, FUNGICIDE: (PROPICONAZOLE = 122101)",(D),(D),(D),(D),(D)
2017,INDIANA,18,"  ","   ",YEAR,SOYBEANS,"CHEMICAL, FUNGICIDE: (PROTHIOCONAZOLE = 113961)",(D),(D),(D),(D),(D)
2017,INDIANA,18,"  ","   ",YEAR,SOYBEANS,"CHEMICAL, FUNGICIDE: (PYRACLOSTROBIN = 99100)","47,000",0.106,0.143,1.3,6
2017,INDIANA,18,"  ","   ",YEAR,SOYBEANS,"CHEMICAL, FUNGICIDE: (TEBUCONAZOLE = 128997)",(D),(D),(D),(D),(D)
2017,INDIANA,18,"  ","   ",YEAR,SOYBEANS,"CHEMICAL, FUNGICIDE: (TETRACONAZOLE = 120603)",(D),(D),(D),(D),(D)
2017,INDIANA,18,"  ","   ",YEAR,SOYBEANS,"CHEMICAL, FUNGICIDE: (TOTAL)","209,000"," "," "," ",16
2017,INDIANA,18,"  ","   ",YEAR,SOYBEANS,"CHEMICAL, FUNGICIDE: (TRIFLOXYSTROBIN = 129112)","15,000",0.086,0.093,1.1,3
2017,IOWA,19,"  ","   ",YEAR,SOYBEANS,"CHEMICAL, FUNGICIDE: (AZOXYSTROBIN = 128810)","29,000",0.103,0.155,1.5,2
2017,IOWA,19,"  ","   ",YEAR,SOYBEANS,"CHEMICAL, FUNGICIDE: (BENZOVINDIFLUPYR = 122305)",(D),(D),(D),(D),(D)
2017,IOWA,19,"  ","   ",YEAR,SOYBEANS,"CHEMICAL, FUNGICIDE: (CYPROCONAZOLE = 128993)",(D),(D),(D),(D),(D)
2017,IOWA,19,"  ","   ",YEAR,SOYBEANS,"CHEMICAL, FUNGICIDE: (FLUXAPYROXAD = 138009)","53,000",0.051,0.051,1,11
2017,IOWA,19,"  ","   ",YEAR,SOYBEANS,"CHEMICAL, FUNGICIDE: (PICOXYSTROBIN = 129200)",(D),(D),(D),(D),(D)
2017,IOWA,19,"  ","   ",YEAR,SOYBEANS,"CHEMICAL, FUNGICIDE: (PROPICONAZOLE = 122101)","26,000",0.1,0.156,1.6,2
2017,IOWA,19,"  ","   ",YEAR,SOYBEANS,"CHEMICAL, FUNGICIDE: (PROTHIOCONAZOLE = 113961)",(D),(D),(D),(D),(D)
2017,IOWA,19,"  ","   ",YEAR,SOYBEANS,"CHEMICAL, FUNGICIDE: (PYRACLOSTROBIN = 99100)","135,000",0.115,0.115,1,12
2017,IOWA,19,"  ","   ",YEAR,SOYBEANS,"CHEMICAL, FUNGICIDE: (TOTAL)","280,000"," "," "," ",17
2017,IOWA,19,"  ","   ",YEAR,SOYBEANS,"CHEMICAL, FUNGICIDE: (TRIFLOXYSTROBIN = 129112)",(D),(D),(D),(D),(D)
2017,KANSAS,20,"  ","   ",YEAR,SOYBEANS,"CHEMICAL, FUNGICIDE: (AZOXYSTROBIN = 128810)",(D),(D),(D),(D),(D)
2017,KANSAS,20,"  ","   ",YEAR,SOYBEANS,"CHEMICAL, FUNGICIDE: (PROPICONAZOLE = 122101)",(D),(D),(D),(D),(D)
2017,KANSAS,20,"  ","   ",YEAR,SOYBEANS,"CHEMICAL, FUNGICIDE: (TEBUCONAZOLE = 128997)",(D),(D),(D),(D),(D)
2017,KANSAS,20,"  ","   ",YEAR,SOYBEANS,"CHEMICAL, FUNGICIDE: (TETRACONAZOLE = 120603)",(D),(D),(D),(D),(D)
2017,KANSAS,20,"  ","   ",YEAR,SOYBEANS,"CHEMICAL, FUNGICIDE: (TOTAL)","22,000"," "," "," ",4
2017,KANSAS,20,"  ","   ",YEAR,SOYBEANS,"CHEMICAL, FUNGICIDE: (TRIFLOXYSTROBIN = 129112)",(D),(D),(D),(D),(D)
2017,KENTUCKY,21,"  ","   ",YEAR,SOYBEANS,"CHEMICAL, FUNGICIDE: (AZOXYSTROBIN = 128810)","6,000",0.091,0.091,1,4
2017,KENTUCKY,21,"  ","   ",YEAR,SOYBEANS,"CHEMICAL, FUNGICIDE: (BORAX DECAHYDRATE = 11102)",(D),(D),(D),(D),(D)
2017,KENTUCKY,21,"  ","   ",YEAR,SOYBEANS,"CHEMICAL, FUNGICIDE: (CYPROCONAZOLE = 128993)",(D),(D),(D),(D),(D)
2017,KENTUCKY,21,"  ","   ",YEAR,SOYBEANS,"CHEMICAL, FUNGICIDE: (DIFENOCONAZOLE = 128847)","4,000",0.057,0.057,1,4
2017,KENTUCKY,21,"  ","   ",YEAR,SOYBEANS,"CHEMICAL, FUNGICIDE: (FLUXAPYROXAD = 138009)","7,000",0.044,0.044,1,8
2017,KENTUCKY,21,"  ","   ",YEAR,SOYBEANS,"CHEMICAL, FUNGICIDE: (METCONAZOLE = 125619)",(D),(D),(D),(D),(D)
2017,KENTUCKY,21,"  ","   ",YEAR,SOYBEANS,"CHEMICAL, FUNGICIDE: (MONO-POTASSIUM SALT = 76416)",(D),(D),(D),(D),(D)
2017,KENTUCKY,21,"  ","   ",YEAR,SOYBEANS,"CHEMICAL, FUNGICIDE: (PICOXYSTROBIN = 129200)",(D),(D),(D),(D),(D)
2017,KENTUCKY,21,"  ","   ",YEAR,SOYBEANS,"CHEMICAL, FUNGICIDE: (PROPICONAZOLE = 122101)","3,000",0.109,0.109,1,2
2017,KENTUCKY,21,"  ","   ",YEAR,SOYBEANS,"CHEMICAL, FUNGICIDE: (PROTHIOCONAZOLE = 113961)",(D),(D),(D),(D),(D)
2017,KENTUCKY,21,"  ","   ",YEAR,SOYBEANS,"CHEMICAL, FUNGICIDE: (PYRACLOSTROBIN = 99100)","27,000",0.1,0.11,1.1,13
2017,KENTUCKY,21,"  ","   ",YEAR,SOYBEANS,"CHEMICAL, FUNGICIDE: (TEBUCONAZOLE = 128997)",(D),(D),(D),(D),(D)
2017,KENTUCKY,21,"  ","   ",YEAR,SOYBEANS,"CHEMICAL, FUNGICIDE: (TOTAL)","55,000"," "," "," ",21
2017,KENTUCKY,21,"  ","   ",YEAR,SOYBEANS,"CHEMICAL, FUNGICIDE: (TRIFLOXYSTROBIN = 129112)",(D),(D),(D),(D),(D)
2017,MICHIGAN,26,"  ","   ",YEAR,SOYBEANS,"CHEMICAL, FUNGICIDE: (AZOXYSTROBIN = 128810)",(D),(D),(D),(D),(D)
2017,MICHIGAN,26,"  ","   ",YEAR,SOYBEANS,"CHEMICAL, FUNGICIDE: (CONIOTHYRIUM MINITAN = 28836)",(D),(D),(D),(D),(D)
2017,MICHIGAN,26,"  ","   ",YEAR,SOYBEANS,"CHEMICAL, FUNGICIDE: (CYPROCONAZOLE = 128993)",(D),(D),(D),(D),(D)
2017,MICHIGAN,26,"  ","   ",YEAR,SOYBEANS,"CHEMICAL, FUNGICIDE: (FLUXAPYROXAD = 138009)",(D),(D),(D),(D),(D)
2017,MICHIGAN,26,"  ","   ",YEAR,SOYBEANS,"CHEMICAL, FUNGICIDE: (PICOXYSTROBIN = 129200)",(D),(D),(D),(D),(D)
2017,MICHIGAN,26,"  ","   ",YEAR,SOYBEANS,"CHEMICAL, FUNGICIDE: (PROPICONAZOLE = 122101)",(D),(D),(D),(D),(D)
2017,MICHIGAN,26,"  ","   ",YEAR,SOYBEANS,"CHEMICAL, FUNGICIDE: (PROTHIOCONAZOLE = 113961)",(D),(D),(D),(D),(D)
2017,MICHIGAN,26,"  ","   ",YEAR,SOYBEANS,"CHEMICAL, FUNGICIDE: (PYRACLOSTROBIN = 99100)",(D),(D),(D),(D),(D)
2017,MICHIGAN,26,"  ","   ",YEAR,SOYBEANS,"CHEMICAL, FUNGICIDE: (TOTAL)","24,000"," "," "," ",7
2017,MICHIGAN,26,"  ","   ",YEAR,SOYBEANS,"CHEMICAL, FUNGICIDE: (TRIFLOXYSTROBIN = 129112)",(D),(D),(D),(D),(D)
2017,MINNESOTA,27,"  ","   ",YEAR,SOYBEANS,"CHEMICAL, FUNGICIDE: (AZOXYSTROBIN = 128810)","32,000",0.086,0.086,1,5
2017,MINNESOTA,27,"  ","   ",YEAR,SOYBEANS,"CHEMICAL, FUNGICIDE: (BENZOVINDIFLUPYR = 122305)",(D),(D),(D),(D),(D)
2017,MINNESOTA,27,"  ","   ",YEAR,SOYBEANS,"CHEMICAL, FUNGICIDE: (FLUXAPYROXAD = 138009)","36,000",0.067,0.067,1,7
2017,MINNESOTA,27,"  ","   ",YEAR,SOYBEANS,"CHEMICAL, FUNGICIDE: (PICOXYSTROBIN = 129200)",(D),(D),(D),(D),(D)
2017,MINNESOTA,27,"  ","   ",YEAR,SOYBEANS,"CHEMICAL, FUNGICIDE: (PROPICONAZOLE = 122101)","31,000",0.104,0.104,1,4
2017,MINNESOTA,27,"  ","   ",YEAR,SOYBEANS,"CHEMICAL, FUNGICIDE: (PROTHIOCONAZOLE = 113961)",(D),(D),(D),(D),(D)
2017,MINNESOTA,27,"  ","   ",YEAR,SOYBEANS,"CHEMICAL, FUNGICIDE: (PYRACLOSTROBIN = 99100)","81,000",0.142,0.142,1,7
2017,MINNESOTA,27,"  ","   ",YEAR,SOYBEANS,"CHEMICAL, FUNGICIDE: (TOTAL)","203,000"," "," "," ",13
2017,MINNESOTA,27,"  ","   ",YEAR,SOYBEANS,"CHEMICAL, FUNGICIDE: (TRIFLOXYSTROBIN = 129112)",(D),(D),(D),(D),(D)
2017,MISSISSIPPI,28,"  ","   ",YEAR,SOYBEANS,"CHEMICAL, FUNGICIDE: (AZOXYSTROBIN = 128810)","64,000",0.098,0.098,1,30
2017,MISSISSIPPI,28,"  ","   ",YEAR,SOYBEANS,"CHEMICAL, FUNGICIDE: (CYPROCONAZOLE = 128993)","7,000",0.03,0.032,1,10
2017,MISSISSIPPI,28,"  ","   ",YEAR,SOYBEANS,"CHEMICAL, FUNGICIDE: (DIFENOCONAZOLE = 128847)","26,000",0.071,0.071,1,17
2017,MISSISSIPPI,28,"  ","   ",YEAR,SOYBEANS,"CHEMICAL, FUNGICIDE: (FLUXAPYROXAD = 138009)",(D),(D),(D),(D),(D)
2017,MISSISSIPPI,28,"  ","   ",YEAR,SOYBEANS,"CHEMICAL, FUNGICIDE: (PICOXYSTROBIN = 129200)",(D),(D),(D),(D),(D)
2017,MISSISSIPPI,28,"  ","   ",YEAR,SOYBEANS,"CHEMICAL, FUNGICIDE: (PROPICONAZOLE = 122101)","20,000",0.105,0.105,1,9
2017,MISSISSIPPI,28,"  ","   ",YEAR,SOYBEANS,"CHEMICAL, FUNGICIDE: (PROTHIOCONAZOLE = 113961)",(D),(D),(D),(D),(D)
2017,MISSISSIPPI,28,"  ","   ",YEAR,SOYBEANS,"CHEMICAL, FUNGICIDE: (PYRACLOSTROBIN = 99100)",(D),(D),(D),(D),(D)
2017,MISSISSIPPI,28,"  ","   ",YEAR,SOYBEANS,"CHEMICAL, FUNGICIDE: (TETRACONAZOLE = 120603)",(D),(D),(D),(D),(D)
2017,MISSISSIPPI,28,"  ","   ",YEAR,SOYBEANS,"CHEMICAL, FUNGICIDE: (TOTAL)","135,000"," "," "," ",40
2017,MISSISSIPPI,28,"  ","   ",YEAR,SOYBEANS,"CHEMICAL, FUNGICIDE: (TRIFLOXYSTROBIN = 129112)","6,000",0.063,0.063,1,4
2017,MISSOURI,29,"  ","   ",YEAR,SOYBEANS,"CHEMICAL, FUNGICIDE: (AZOXYSTROBIN = 128810)","27,000",0.084,0.084,1,5
2017,MISSOURI,29,"  ","   ",YEAR,SOYBEANS,"CHEMICAL, FUNGICIDE: (CYPROCONAZOLE = 128993)",(D),(D),(D),(D),(D)
2017,MISSOURI,29,"  ","   ",YEAR,SOYBEANS,"CHEMICAL, FUNGICIDE: (DIFENOCONAZOLE = 128847)",(D),(D),(D),(D),(D)
2017,MISSOURI,29,"  ","   ",YEAR,SOYBEANS,"CHEMICAL, FUNGICIDE: (FLUXAPYROXAD = 138009)",(D),(D),(D),(D),(D)
2017,MISSOURI,29,"  ","   ",YEAR,SOYBEANS,"CHEMICAL, FUNGICIDE: (PICOXYSTROBIN = 129200)",(D),(D),(D),(D),(D)
2017,MISSOURI,29,"  ","   ",YEAR,SOYBEANS,"CHEMICAL, FUNGICIDE: (PROPICONAZOLE = 122101)","16,000",0.077,0.077,1,3
2017,MISSOURI,29,"  ","   ",YEAR,SOYBEANS,"CHEMICAL, FUNGICIDE: (PYRACLOSTROBIN = 99100)",(D),(D),(D),(D),(D)
2017,MISSOURI,29,"  ","   ",YEAR,SOYBEANS,"CHEMICAL, FUNGICIDE: (TOTAL)","102,000"," "," "," ",12
2017,MISSOURI,29,"  ","   ",YEAR,SOYBEANS,"CHEMICAL, FUNGICIDE: (TRIFLOXYSTROBIN = 129112)",(D),(D),(D),(D),(D)
2017,NEBRASKA,31,"  ","   ",YEAR,SOYBEANS,"CHEMICAL, FUNGICIDE: (AZOXYSTROBIN = 128810)",(D),(D),(D),(D),(D)
2017,NEBRASKA,31,"  ","   ",YEAR,SOYBEANS,"CHEMICAL, FUNGICIDE: (BENZOVINDIFLUPYR = 122305)",(D),(D),(D),(D),(D)
2017,NEBRASKA,31,"  ","   ",YEAR,SOYBEANS,"CHEMICAL, FUNGICIDE: (DIFENOCONAZOLE = 128847)",(D),(D),(D),(D),(D)
2017,NEBRASKA,31,"  ","   ",YEAR,SOYBEANS,"CHEMICAL, FUNGICIDE: (FLUXAPYROXAD = 138009)","15,000",0.048,0.048,1,5
2017,NEBRASKA,31,"  ","   ",YEAR,SOYBEANS,"CHEMICAL, FUNGICIDE: (PROPICONAZOLE = 122101)",(D),(D),(D),(D),(D)
2017,NEBRASKA,31,"  ","   ",YEAR,SOYBEANS,"CHEMICAL, FUNGICIDE: (PROTHIOCONAZOLE = 113961)",(D),(D),(D),(D),(D)
2017,NEBRASKA,31,"  ","   ",YEAR,SOYBEANS,"CHEMICAL, FUNGICIDE: (PYRACLOSTROBIN = 99100)","35,000",0.106,0.106,1,6
2017,NEBRASKA,31,"  ","   ",YEAR,SOYBEANS,"CHEMICAL, FUNGICIDE: (TEBUCONAZOLE = 128997)",(D),(D),(D),(D),(D)
2017,NEBRASKA,31,"  ","   ",YEAR,SOYBEANS,"CHEMICAL, FUNGICIDE: (TETRACONAZOLE = 120603)",(D),(D),(D),(D),(D)
2017,NEBRASKA,31,"  ","   ",YEAR,SOYBEANS,"CHEMICAL, FUNGICIDE: (TOTAL)","105,000"," "," "," ",9
2017,NEBRASKA,31,"  ","   ",YEAR,SOYBEANS,"CHEMICAL, FUNGICIDE: (TRIFLOXYSTROBIN = 129112)",(D),(D),(D),(D),(D)
2017,"NORTH CAROLINA",37,"  ","   ",YEAR,SOYBEANS,"CHEMICAL, FUNGICIDE: (AZOXYSTROBIN = 128810)","9,000",0.097,0.097,1,6
2017,"NORTH CAROLINA",37,"  ","   ",YEAR,SOYBEANS,"CHEMICAL, FUNGICIDE: (CYPROCONAZOLE = 128993)","2,000",0.028,0.028,1,4
2017,"NORTH CAROLINA",37,"  ","   ",YEAR,SOYBEANS,"CHEMICAL, FUNGICIDE: (DIFENOCONAZOLE = 128847)","5,000",0.072,0.072,1,4
2017,"NORTH CAROLINA",37,"  ","   ",YEAR,SOYBEANS,"CHEMICAL, FUNGICIDE: (FLUXAPYROXAD = 138009)","6,000",0.076,0.085,1.1,4
2017,"NORTH CAROLINA",37,"  ","   ",YEAR,SOYBEANS,"CHEMICAL, FUNGICIDE: (PICOXYSTROBIN = 129200)",(D),(D),(D),(D),(D)
2017,"NORTH CAROLINA",37,"  ","   ",YEAR,SOYBEANS,"CHEMICAL, FUNGICIDE: (PROPICONAZOLE = 122101)",(D),(D),(D),(D),(D)
2017,"NORTH CAROLINA",37,"  ","   ",YEAR,SOYBEANS,"CHEMICAL, FUNGICIDE: (PROTHIOCONAZOLE = 113961)","3,000",0.036,0.036,1,5
2017,"NORTH CAROLINA",37,"  ","   ",YEAR,SOYBEANS,"CHEMICAL, FUNGICIDE: (PYRACLOSTROBIN = 99100)","13,000",0.148,0.166,1.1,5
2017,"NORTH CAROLINA",37,"  ","   ",YEAR,SOYBEANS,"CHEMICAL, FUNGICIDE: (TEBUCONAZOLE = 128997)",(D),(D),(D),(D),(D)
2017,"NORTH CAROLINA",37,"  ","   ",YEAR,SOYBEANS,"CHEMICAL, FUNGICIDE: (TOTAL)","52,000"," "," "," ",18
2017,"NORTH CAROLINA",37,"  ","   ",YEAR,SOYBEANS,"CHEMICAL, FUNGICIDE: (TRIFLOXYSTROBIN = 129112)","8,000",0.104,0.104,1,5
2017,"NORTH DAKOTA",38,"  ","   ",YEAR,SOYBEANS,"CHEMICAL, FUNGICIDE: (AZOXYSTROBIN = 128810)",(D),(D),(D),(D),(D)
2017,"NORTH DAKOTA",38,"  ","   ",YEAR,SOYBEANS,"CHEMICAL, FUNGICIDE: (FLUXAPYROXAD = 138009)","14,000",0.047,0.047,1,4
2017,"NORTH DAKOTA",38,"  ","   ",YEAR,SOYBEANS,"CHEMICAL, FUNGICIDE: (ISOFETAMID = 270000)",(D),(D),(D),(D),(D)
2017,"NORTH DAKOTA",38,"  ","   ",YEAR,SOYBEANS,"CHEMICAL, FUNGICIDE: (PICOXYSTROBIN = 129200)",(D),(D),(D),(D),(D)
2017,"NORTH DAKOTA",38,"  ","   ",YEAR,SOYBEANS,"CHEMICAL, FUNGICIDE: (PROPICONAZOLE = 122101)",(D),(D),(D),(D),(D)
2017,"NORTH DAKOTA",38,"  ","   ",YEAR,SOYBEANS,"CHEMICAL, FUNGICIDE: (PYRACLOSTROBIN = 99100)","35,000",0.107,0.107,1,5
2017,"NORTH DAKOTA",38,"  ","   ",YEAR,SOYBEANS,"CHEMICAL, FUNGICIDE: (TETRACONAZOLE = 120603)",(D),(D),(D),(D),(D)
2017,"NORTH DAKOTA",38,"  ","   ",YEAR,SOYBEANS,"CHEMICAL, FUNGICIDE: (TOTAL)","82,000"," "," "," ",6
2017,"NORTH DAKOTA",38,"  ","   ",YEAR,SOYBEANS,"CHEMICAL, FUNGICIDE: (TRIFLOXYSTROBIN = 129112)",(D),(D),(D),(D),(D)
2017,OHIO,39,"  ","   ",YEAR,SOYBEANS,"CHEMICAL, FUNGICIDE: (AZOXYSTROBIN = 128810)","26,000",0.077,0.077,1,7
2017,OHIO,39,"  ","   ",YEAR,SOYBEANS,"CHEMICAL, FUNGICIDE: (BENZOVINDIFLUPYR = 122305)",(D),(D),(D),(D),(D)
2017,OHIO,39,"  ","   ",YEAR,SOYBEANS,"CHEMICAL, FUNGICIDE: (CYPROCONAZOLE = 128993)",(D),(D),(D),(D),(D)
2017,OHIO,39,"  ","   ",YEAR,SOYBEANS,"CHEMICAL, FUNGICIDE: (FLUOXASTROBIN = 28869)",(D),(D),(D),(D),(D)
2017,OHIO,39,"  ","   ",YEAR,SOYBEANS,"CHEMICAL, FUNGICIDE: (FLUXAPYROXAD = 138009)","10,000",0.039,0.039,1,5
2017,OHIO,39,"  ","   ",YEAR,SOYBEANS,"CHEMICAL, FUNGICIDE: (PICOXYSTROBIN = 129200)","16,000",0.097,0.114,1.2,3
2017,OHIO,39,"  ","   ",YEAR,SOYBEANS,"CHEMICAL, FUNGICIDE: (PROPICONAZOLE = 122101)","35,000",0.1,0.1,1,7
2017,OHIO,39,"  ","   ",YEAR,SOYBEANS,"CHEMICAL, FUNGICIDE: (PROTHIOCONAZOLE = 113961)",(D),(D),(D),(D),(D)
2017,OHIO,39,"  ","   ",YEAR,SOYBEANS,"CHEMICAL, FUNGICIDE: (PYRACLOSTROBIN = 99100)","20,000",0.077,0.077,1,5
2017,OHIO,39,"  ","   ",YEAR,SOYBEANS,"CHEMICAL, FUNGICIDE: (TETRACONAZOLE = 120603)",(D),(D),(D),(D),(D)
2017,OHIO,39,"  ","   ",YEAR,SOYBEANS,"CHEMICAL, FUNGICIDE: (TOTAL)","126,000"," "," "," ",18
2017,OHIO,39,"  ","   ",YEAR,SOYBEANS,"CHEMICAL, FUNGICIDE: (TRIFLOXYSTROBIN = 129112)",(D),(D),(D),(D),(D)
2017,"SOUTH DAKOTA",46,"  ","   ",YEAR,SOYBEANS,"CHEMICAL, FUNGICIDE: (AZOXYSTROBIN = 128810)",(D),(D),(D),(D),(D)
2017,"SOUTH DAKOTA",46,"  ","   ",YEAR,SOYBEANS,"CHEMICAL, FUNGICIDE: (FLUAZINAM = 129098)",(D),(D),(D),(D),(D)
2017,"SOUTH DAKOTA",46,"  ","   ",YEAR,SOYBEANS,"CHEMICAL, FUNGICIDE: (PICOXYSTROBIN = 129200)",(D),(D),(D),(D),(D)
2017,"SOUTH DAKOTA",46,"  ","   ",YEAR,SOYBEANS,"CHEMICAL, FUNGICIDE: (PROPICONAZOLE = 122101)",(D),(D),(D),(D),(D)
2017,"SOUTH DAKOTA",46,"  ","   ",YEAR,SOYBEANS,"CHEMICAL, FUNGICIDE: (TOTAL)","18,000"," "," "," ",3
2017,WISCONSIN,55,"  ","   ",YEAR,SOYBEANS,"CHEMICAL, FUNGICIDE: (AZOXYSTROBIN = 128810)",(D),(D),(D),(D),(D)
2017,WISCONSIN,55,"  ","   ",YEAR,SOYBEANS,"CHEMICAL, FUNGICIDE: (BOSCALID = 128008)",(D),(D),(D),(D),(D)
2017,WISCONSIN,55,"  ","   ",YEAR,SOYBEANS,"CHEMICAL, FUNGICIDE: (CONIOTHYRIUM MINITAN = 28836)",(D),(D),(D),(D),(D)
2017,WISCONSIN,55,"  ","   ",YEAR,SOYBEANS,"CHEMICAL, FUNGICIDE: (CYPROCONAZOLE = 128993)",(D),(D),(D),(D),(D)
2017,WISCONSIN,55,"  ","   ",YEAR,SOYBEANS,"CHEMICAL, FUNGICIDE: (FLUDIOXONIL = 71503)",(D),(D),(D),(D),(D)
2017,WISCONSIN,55,"  ","   ",YEAR,SOYBEANS,"CHEMICAL, FUNGICIDE: (FLUXAPYROXAD = 138009)","4,000",0.047,0.047,1,4
2017,WISCONSIN,55,"  ","   ",YEAR,SOYBEANS,"CHEMICAL, FUNGICIDE: (MEFENOXAM = 113502)",(D),(D),(D),(D),(D)
2017,WISCONSIN,55,"  ","   ",YEAR,SOYBEANS,"CHEMICAL, FUNGICIDE: (PICOXYSTROBIN = 129200)",(D),(D),(D),(D),(D)
2017,WISCONSIN,55,"  ","   ",YEAR,SOYBEANS,"CHEMICAL, FUNGICIDE: (PROPICONAZOLE = 122101)",(D),(D),(D),(D),(D)
2017,WISCONSIN,55,"  ","   ",YEAR,SOYBEANS,"CHEMICAL, FUNGICIDE: (PROTHIOCONAZOLE = 113961)",(D),(D),(D),(D),(D)
2017,WISCONSIN,55,"  ","   ",YEAR,SOYBEANS,"CHEMICAL, FUNGICIDE: (PYRACLOSTROBIN = 99100)","8,000",0.094,0.094,1,4
2017,WISCONSIN,55,"  ","   ",YEAR,SOYBEANS,"CHEMICAL, FUNGICIDE: (SEDAXANE = 129223)",(D),(D),(D),(D),(D)
2017,WISCONSIN,55,"  ","   ",YEAR,SOYBEANS,"CHEMICAL, FUNGICIDE: (TETRACONAZOLE = 120603)",(D),(D),(D),(D),(D)
2017,WISCONSIN,55,"  ","   ",YEAR,SOYBEANS,"CHEMICAL, FUNGICIDE: (TOTAL)","47,000"," "," "," ",14
2017,WISCONSIN,55,"  ","   ",YEAR,SOYBEANS,"CHEMICAL, FUNGICIDE: (TRIFLOXYSTROBIN = 129112)",(D),(D),(D),(D),(D)
2018,ARKANSAS,05,"  ","   ",YEAR,SOYBEANS,"CHEMICAL, FUNGICIDE: (AZOXYSTROBIN = 128810)","71,000",0.236,0.236,1,9
2018,ARKANSAS,05,"  ","   ",YEAR,SOYBEANS,"CHEMICAL, FUNGICIDE: (CYPROCONAZOLE = 128993)",(D),(D),(D),(D),(D)
2018,ARKANSAS,05,"  ","   ",YEAR,SOYBEANS,"CHEMICAL, FUNGICIDE: (DIFENOCONAZOLE = 128847)","22,000",0.097,0.097,1,7
2018,ARKANSAS,05,"  ","   ",YEAR,SOYBEANS,"CHEMICAL, FUNGICIDE: (FLUXAPYROXAD = 138009)","37,000",0.321,0.321,1,4
2018,ARKANSAS,05,"  ","   ",YEAR,SOYBEANS,"CHEMICAL, FUNGICIDE: (MEFENOXAM = 113502)",(D),(D),(D),(D),(D)
2018,ARKANSAS,05,"  ","   ",YEAR,SOYBEANS,"CHEMICAL, FUNGICIDE: (PICOXYSTROBIN = 129200)",(D),(D),(D),(D),(D)
2018,ARKANSAS,05,"  ","   ",YEAR,SOYBEANS,"CHEMICAL, FUNGICIDE: (PROPICONAZOLE = 122101)",(D),(D),(D),(D),(D)
2018,ARKANSAS,05,"  ","   ",YEAR,SOYBEANS,"CHEMICAL, FUNGICIDE: (PROTHIOCONAZOLE = 113961)",(D),(D),(D),(D),(D)
2018,ARKANSAS,05,"  ","   ",YEAR,SOYBEANS,"CHEMICAL, FUNGICIDE: (PYRACLOSTROBIN = 99100)","74,000",0.643,0.643,1,4
2018,ARKANSAS,05,"  ","   ",YEAR,SOYBEANS,"CHEMICAL, FUNGICIDE: (TETRACONAZOLE = 120603)","50,000",0.439,0.439,1,4
2018,ARKANSAS,05,"  ","   ",YEAR,SOYBEANS,"CHEMICAL, FUNGICIDE: (TOTAL)","328,000"," "," "," ",17
2018,ARKANSAS,05,"  ","   ",YEAR,SOYBEANS,"CHEMICAL, FUNGICIDE: (TRIFLOXYSTROBIN = 129112)",(D),(D),(D),(D),(D)
2018,ILLINOIS,17,"  ","   ",YEAR,SOYBEANS,"CHEMICAL, FUNGICIDE: (AZOXYSTROBIN = 128810)","110,000",0.117,0.117,1,9
2018,ILLINOIS,17,"  ","   ",YEAR,SOYBEANS,"CHEMICAL, FUNGICIDE: (BENZOVINDIFLUPYR = 122305)",(D),(D),(D),(D),(D)
2018,ILLINOIS,17,"  ","   ",YEAR,SOYBEANS,"CHEMICAL, FUNGICIDE: (CYPROCONAZOLE = 128993)",(D),(D),(D),(D),(D)
2018,ILLINOIS,17,"  ","   ",YEAR,SOYBEANS,"CHEMICAL, FUNGICIDE: (DIFENOCONAZOLE = 128847)",(D),(D),(D),(D),(D)
2018,ILLINOIS,17,"  ","   ",YEAR,SOYBEANS,"CHEMICAL, FUNGICIDE: (FLUXAPYROXAD = 138009)","41,000",0.051,0.051,1,8
2018,ILLINOIS,17,"  ","   ",YEAR,SOYBEANS,"CHEMICAL, FUNGICIDE: (MONO-POTASSIUM SALT = 76416)",(D),(D),(D),(D),(D)
2018,ILLINOIS,17,"  ","   ",YEAR,SOYBEANS,"CHEMICAL, FUNGICIDE: (PICOXYSTROBIN = 129200)","174,000",0.326,0.326,1,5
2018,ILLINOIS,17,"  ","   ",YEAR,SOYBEANS,"CHEMICAL, FUNGICIDE: (PROPICONAZOLE = 122101)","69,000",0.12,0.12,1,5
2018,ILLINOIS,17,"  ","   ",YEAR,SOYBEANS,"CHEMICAL, FUNGICIDE: (PROTHIOCONAZOLE = 113961)",(D),(D),(D),(D),(D)
2018,ILLINOIS,17,"  ","   ",YEAR,SOYBEANS,"CHEMICAL, FUNGICIDE: (PYRACLOSTROBIN = 99100)","83,000",0.102,0.102,1,8
2018,ILLINOIS,17,"  ","   ",YEAR,SOYBEANS,"CHEMICAL, FUNGICIDE: (TEBUCONAZOLE = 128997)",(D),(D),(D),(D),(D)
2018,ILLINOIS,17,"  ","   ",YEAR,SOYBEANS,"CHEMICAL, FUNGICIDE: (TETRACONAZOLE = 120603)","42,000",0.074,0.074,1,5
2018,ILLINOIS,17,"  ","   ",YEAR,SOYBEANS,"CHEMICAL, FUNGICIDE: (TOTAL)","643,000"," "," "," ",24
2018,ILLINOIS,17,"  ","   ",YEAR,SOYBEANS,"CHEMICAL, FUNGICIDE: (TRIFLOXYSTROBIN = 129112)",(D),(D),(D),(D),(D)
2018,INDIANA,18,"  ","   ",YEAR,SOYBEANS,"CHEMICAL, FUNGICIDE: (AZOXYSTROBIN = 128810)","47,000",0.115,0.115,1,7
2018,INDIANA,18,"  ","   ",YEAR,SOYBEANS,"CHEMICAL, FUNGICIDE: (BENZOVINDIFLUPYR = 122305)",(D),(D),(D),(D),(D)
2018,INDIANA,18,"  ","   ",YEAR,SOYBEANS,"CHEMICAL, FUNGICIDE: (CYPROCONAZOLE = 128993)",(D),(D),(D),(D),(D)
2018,INDIANA,18,"  ","   ",YEAR,SOYBEANS,"CHEMICAL, FUNGICIDE: (DIFENOCONAZOLE = 128847)",(D),(D),(D),(D),(D)
2018,INDIANA,18,"  ","   ",YEAR,SOYBEANS,"CHEMICAL, FUNGICIDE: (FLUXAPYROXAD = 138009)",(D),(D),(D),(D),(D)
2018,INDIANA,18,"  ","   ",YEAR,SOYBEANS,"CHEMICAL, FUNGICIDE: (PICOXYSTROBIN = 129200)",(D),(D),(D),(D),(D)
2018,INDIANA,18,"  ","   ",YEAR,SOYBEANS,"CHEMICAL, FUNGICIDE: (PROPICONAZOLE = 122101)","31,000",0.073,0.073,1,7
2018,INDIANA,18,"  ","   ",YEAR,SOYBEANS,"CHEMICAL, FUNGICIDE: (PROTHIOCONAZOLE = 113961)",(D),(D),(D),(D),(D)
2018,INDIANA,18,"  ","   ",YEAR,SOYBEANS,"CHEMICAL, FUNGICIDE: (PYRACLOSTROBIN = 99100)",(D),(D),(D),(D),(D)
2018,INDIANA,18,"  ","   ",YEAR,SOYBEANS,"CHEMICAL, FUNGICIDE: (TETRACONAZOLE = 120603)",(D),(D),(D),(D),(D)
2018,INDIANA,18,"  ","   ",YEAR,SOYBEANS,"CHEMICAL, FUNGICIDE: (TOTAL)","172,000"," "," "," ",18
2018,INDIANA,18,"  ","   ",YEAR,SOYBEANS,"CHEMICAL, FUNGICIDE: (TRIFLOXYSTROBIN = 129112)","8,000",0.035,0.035,1,4
2018,IOWA,19,"  ","   ",YEAR,SOYBEANS,"CHEMICAL, FUNGICIDE: (AZOXYSTROBIN = 128810)","56,000",0.104,0.104,1,5
2018,IOWA,19,"  ","   ",YEAR,SOYBEANS,"CHEMICAL, FUNGICIDE: (BENZOVINDIFLUPYR = 122305)",(D),(D),(D),(D),(D)
2018,IOWA,19,"  ","   ",YEAR,SOYBEANS,"CHEMICAL, FUNGICIDE: (FLUOXASTROBIN = 28869)",(D),(D),(D),(D),(D)
2018,IOWA,19,"  ","   ",YEAR,SOYBEANS,"CHEMICAL, FUNGICIDE: (FLUXAPYROXAD = 138009)","25,000",0.047,0.047,1,5
2018,IOWA,19,"  ","   ",YEAR,SOYBEANS,"CHEMICAL, FUNGICIDE: (PICOXYSTROBIN = 129200)",(D),(D),(D),(D),(D)
2018,IOWA,19,"  ","   ",YEAR,SOYBEANS,"CHEMICAL, FUNGICIDE: (PROPICONAZOLE = 122101)","64,000",0.104,0.104,1,6
2018,IOWA,19,"  ","   ",YEAR,SOYBEANS,"CHEMICAL, FUNGICIDE: (PROTHIOCONAZOLE = 113961)",(D),(D),(D),(D),(D)
2018,IOWA,19,"  ","   ",YEAR,SOYBEANS,"CHEMICAL, FUNGICIDE: (PYRACLOSTROBIN = 99100)","126,000",0.133,0.133,1,9
2018,IOWA,19,"  ","   ",YEAR,SOYBEANS,"CHEMICAL, FUNGICIDE: (TEBUCONAZOLE = 128997)",(D),(D),(D),(D),(D)
2018,IOWA,19,"  ","   ",YEAR,SOYBEANS,"CHEMICAL, FUNGICIDE: (TETRACONAZOLE = 120603)","32,000",0.065,0.065,1,5
2018,IOWA,19,"  ","   ",YEAR,SOYBEANS,"CHEMICAL, FUNGICIDE: (TOTAL)","357,000"," "," "," ",19
2018,IOWA,19,"  ","   ",YEAR,SOYBEANS,"CHEMICAL, FUNGICIDE: (TRIFLOXYSTROBIN = 129112)",(D),(D),(D),(D),(D)
2018,KANSAS,20,"  ","   ",YEAR,SOYBEANS,"CHEMICAL, FUNGICIDE: (AZOXYSTROBIN = 128810)",(D),(D),(D),(D),(D)
2018,KANSAS,20,"  ","   ",YEAR,SOYBEANS,"CHEMICAL, FUNGICIDE: (BENZOVINDIFLUPYR = 122305)",(D),(D),(D),(D),(D)
2018,KANSAS,20,"  ","   ",YEAR,SOYBEANS,"CHEMICAL, FUNGICIDE: (CHLOROTHALONIL = 81901)",(D),(D),(D),(D),(D)
2018,KANSAS,20,"  ","   ",YEAR,SOYBEANS,"CHEMICAL, FUNGICIDE: (CYPROCONAZOLE = 128993)",(D),(D),(D),(D),(D)
2018,KANSAS,20,"  ","   ",YEAR,SOYBEANS,"CHEMICAL, FUNGICIDE: (FENHEXAMID = 90209)",(D),(D),(D),(D),(D)
2018,KANSAS,20,"  ","   ",YEAR,SOYBEANS,"CHEMICAL, FUNGICIDE: (FLUXAPYROXAD = 138009)",(D),(D),(D),(D),(D)
2018,KANSAS,20,"  ","   ",YEAR,SOYBEANS,"CHEMICAL, FUNGICIDE: (PICOXYSTROBIN = 129200)",(D),(D),(D),(D),(D)
2018,KANSAS,20,"  ","   ",YEAR,SOYBEANS,"CHEMICAL, FUNGICIDE: (PROPICONAZOLE = 122101)",(D),(D),(D),(D),(D)
2018,KANSAS,20,"  ","   ",YEAR,SOYBEANS,"CHEMICAL, FUNGICIDE: (PYRACLOSTROBIN = 99100)",(D),(D),(D),(D),(D)
2018,KANSAS,20,"  ","   ",YEAR,SOYBEANS,"CHEMICAL, FUNGICIDE: (TETRACONAZOLE = 120603)",(D),(D),(D),(D),(D)
2018,KANSAS,20,"  ","   ",YEAR,SOYBEANS,"CHEMICAL, FUNGICIDE: (TOTAL)","109,000"," "," "," ",11
2018,KENTUCKY,21,"  ","   ",YEAR,SOYBEANS,"CHEMICAL, FUNGICIDE: (AZOXYSTROBIN = 128810)",(D),(D),(D),(D),(D)
2018,KENTUCKY,21,"  ","   ",YEAR,SOYBEANS,"CHEMICAL, FUNGICIDE: (FLUOXASTROBIN = 28869)",(D),(D),(D),(D),(D)
2018,KENTUCKY,21,"  ","   ",YEAR,SOYBEANS,"CHEMICAL, FUNGICIDE: (FLUXAPYROXAD = 138009)",(D),(D),(D),(D),(D)
2018,KENTUCKY,21,"  ","   ",YEAR,SOYBEANS,"CHEMICAL, FUNGICIDE: (PROPICONAZOLE = 122101)",(D),(D),(D),(D),(D)
2018,KENTUCKY,21,"  ","   ",YEAR,SOYBEANS,"CHEMICAL, FUNGICIDE: (PROTHIOCONAZOLE = 113961)",(D),(D),(D),(D),(D)
2018,KENTUCKY,21,"  ","   ",YEAR,SOYBEANS,"CHEMICAL, FUNGICIDE: (PYRACLOSTROBIN = 99100)",(D),(D),(D),(D),(D)
2018,KENTUCKY,21,"  ","   ",YEAR,SOYBEANS,"CHEMICAL, FUNGICIDE: (SULFUR = 77501)",(D),(D),(D),(D),(D)
2018,KENTUCKY,21,"  ","   ",YEAR,SOYBEANS,"CHEMICAL, FUNGICIDE: (TETRACONAZOLE = 120603)",(D),(D),(D),(D),(D)
2018,KENTUCKY,21,"  ","   ",YEAR,SOYBEANS,"CHEMICAL, FUNGICIDE: (TOTAL)","32,000"," "," "," ",12
2018,KENTUCKY,21,"  ","   ",YEAR,SOYBEANS,"CHEMICAL, FUNGICIDE: (TRIFLOXYSTROBIN = 129112)",(D),(D),(D),(D),(D)
2018,LOUISIANA,22,"  ","   ",YEAR,SOYBEANS,"CHEMICAL, FUNGICIDE: (AZOXYSTROBIN = 128810)","72,000",0.167,0.171,1,32
2018,LOUISIANA,22,"  ","   ",YEAR,SOYBEANS,"CHEMICAL, FUNGICIDE: (BENZOVINDIFLUPYR = 122305)",(D),(D),(D),(D),(D)
2018,LOUISIANA,22,"  ","   ",YEAR,SOYBEANS,"CHEMICAL, FUNGICIDE: (CYPROCONAZOLE = 128993)",(D),(D),(D),(D),(D)
2018,LOUISIANA,22,"  ","   ",YEAR,SOYBEANS,"CHEMICAL, FUNGICIDE: (DIFENOCONAZOLE = 128847)","30,000",0.123,0.123,1,18
2018,LOUISIANA,22,"  ","   ",YEAR,SOYBEANS,"CHEMICAL, FUNGICIDE: (FLUXAPYROXAD = 138009)","4,000",0.061,0.061,1,5
2018,LOUISIANA,22,"  ","   ",YEAR,SOYBEANS,"CHEMICAL, FUNGICIDE: (MEFENOXAM = 113502)",(D),(D),(D),(D),(D)
2018,LOUISIANA,22,"  ","   ",YEAR,SOYBEANS,"CHEMICAL, FUNGICIDE: (PROPICONAZOLE = 122101)","13,000",0.077,0.082,1.1,12
2018,LOUISIANA,22,"  ","   ",YEAR,SOYBEANS,"CHEMICAL, FUNGICIDE: (PROTHIOCONAZOLE = 113961)",(D),(D),(D),(D),(D)
2018,LOUISIANA,22,"  ","   ",YEAR,SOYBEANS,"CHEMICAL, FUNGICIDE: (PYRACLOSTROBIN = 99100)","8,000",0.122,0.122,1,5
2018,LOUISIANA,22,"  ","   ",YEAR,SOYBEANS,"CHEMICAL, FUNGICIDE: (TEBUCONAZOLE = 128997)",(D),(D),(D),(D),(D)
2018,LOUISIANA,22,"  ","   ",YEAR,SOYBEANS,"CHEMICAL, FUNGICIDE: (TETRACONAZOLE = 120603)",(D),(D),(D),(D),(D)
2018,LOUISIANA,22,"  ","   ",YEAR,SOYBEANS,"CHEMICAL, FUNGICIDE: (THIOPHANATE-METHYL = 102001)",(D),(D),(D),(D),(D)
2018,LOUISIANA,22,"  ","   ",YEAR,SOYBEANS,"CHEMICAL, FUNGICIDE: (TOTAL)","659,000"," "," "," ",46
2018,LOUISIANA,22,"  ","   ",YEAR,SOYBEANS,"CHEMICAL, FUNGICIDE: (TRIFLOXYSTROBIN = 129112)","393,000",3.563,3.563,1,8
2018,MICHIGAN,26,"  ","   ",YEAR,SOYBEANS,"CHEMICAL, FUNGICIDE: (BACILLUS PUMILUS = 6485)",(NA),(NA),(NA),(D),(D)
2018,MICHIGAN,26,"  ","   ",YEAR,SOYBEANS,"CHEMICAL, FUNGICIDE: (PROPICONAZOLE = 122101)",(D),(D),(D),(D),(D)
2018,MICHIGAN,26,"  ","   ",YEAR,SOYBEANS,"CHEMICAL, FUNGICIDE: (PROTHIOCONAZOLE = 113961)",(D),(D),(D),(D),(D)
2018,MICHIGAN,26,"  ","   ",YEAR,SOYBEANS,"CHEMICAL, FUNGICIDE: (TOTAL)",(D)," "," "," ",(D)
2018,MICHIGAN,26,"  ","   ",YEAR,SOYBEANS,"CHEMICAL, FUNGICIDE: (TRIFLOXYSTROBIN = 129112)",(D),(D),(D),(D),(D)
2018,MINNESOTA,27,"  ","   ",YEAR,SOYBEANS,"CHEMICAL, FUNGICIDE: (AZOXYSTROBIN = 128810)","42,000",0.095,0.095,1,6
2018,MINNESOTA,27,"  ","   ",YEAR,SOYBEANS,"CHEMICAL, FUNGICIDE: (BENZOVINDIFLUPYR = 122305)",(D),(D),(D),(D),(D)
2018,MINNESOTA,27,"  ","   ",YEAR,SOYBEANS,"CHEMICAL, FUNGICIDE: (FLUOXASTROBIN = 28869)",(D),(D),(D),(D),(D)
2018,MINNESOTA,27,"  ","   ",YEAR,SOYBEANS,"CHEMICAL, FUNGICIDE: (FLUXAPYROXAD = 138009)","26,000",0.048,0.048,1,7
2018,MINNESOTA,27,"  ","   ",YEAR,SOYBEANS,"CHEMICAL, FUNGICIDE: (MANCOZEB = 14504)",(D),(D),(D),(D),(D)
2018,MINNESOTA,27,"  ","   ",YEAR,SOYBEANS,"CHEMICAL, FUNGICIDE: (PICOXYSTROBIN = 129200)",(D),(D),(D),(D),(D)
2018,MINNESOTA,27,"  ","   ",YEAR,SOYBEANS,"CHEMICAL, FUNGICIDE: (PROPICONAZOLE = 122101)","49,000",0.098,0.098,1,6
2018,MINNESOTA,27,"  ","   ",YEAR,SOYBEANS,"CHEMICAL, FUNGICIDE: (PROTHIOCONAZOLE = 113961)",(D),(D),(D),(D),(D)
2018,MINNESOTA,27,"  ","   ",YEAR,SOYBEANS,"CHEMICAL, FUNGICIDE: (PYRACLOSTROBIN = 99100)","99,000",0.12,0.12,1,11
2018,MINNESOTA,27,"  ","   ",YEAR,SOYBEANS,"CHEMICAL, FUNGICIDE: (TETRACONAZOLE = 120603)","31,000",0.066,0.066,1,6
2018,MINNESOTA,27,"  ","   ",YEAR,SOYBEANS,"CHEMICAL, FUNGICIDE: (TOTAL)","299,000"," "," "," ",21
2018,MINNESOTA,27,"  ","   ",YEAR,SOYBEANS,"CHEMICAL, FUNGICIDE: (TRIFLOXYSTROBIN = 129112)",(D),(D),(D),(D),(D)
2018,MISSISSIPPI,28,"  ","   ",YEAR,SOYBEANS,"CHEMICAL, FUNGICIDE: (AZOXYSTROBIN = 128810)","70,000",0.143,0.143,1,22
2018,MISSISSIPPI,28,"  ","   ",YEAR,SOYBEANS,"CHEMICAL, FUNGICIDE: (BOSCALID = 128008)",(D),(D),(D),(D),(D)
2018,MISSISSIPPI,28,"  ","   ",YEAR,SOYBEANS,"CHEMICAL, FUNGICIDE: (CHLOROTHALONIL = 81901)","31,000",0.482,0.482,1,3
2018,MISSISSIPPI,28,"  ","   ",YEAR,SOYBEANS,"CHEMICAL, FUNGICIDE: (CYPROCONAZOLE = 128993)",(D),(D),(D),(D),(D)
2018,MISSISSIPPI,28,"  ","   ",YEAR,SOYBEANS,"CHEMICAL, FUNGICIDE: (DIFENOCONAZOLE = 128847)","33,000",0.12,0.12,1,12
2018,MISSISSIPPI,28,"  ","   ",YEAR,SOYBEANS,"CHEMICAL, FUNGICIDE: (FLUXAPYROXAD = 138009)",(D),(D),(D),(D),(D)
2018,MISSISSIPPI,28,"  ","   ",YEAR,SOYBEANS,"CHEMICAL, FUNGICIDE: (MANCOZEB = 14504)",(D),(D),(D),(D),(D)
2018,MISSISSIPPI,28,"  ","   ",YEAR,SOYBEANS,"CHEMICAL, FUNGICIDE: (MEFENOXAM = 113502)",(D),(D),(D),(D),(D)
2018,MISSISSIPPI,28,"  ","   ",YEAR,SOYBEANS,"CHEMICAL, FUNGICIDE: (PICOXYSTROBIN = 129200)",(D),(D),(D),(D),(D)
2018,MISSISSIPPI,28,"  ","   ",YEAR,SOYBEANS,"CHEMICAL, FUNGICIDE: (PROPICONAZOLE = 122101)","22,000",0.131,0.131,1,8
2018,MISSISSIPPI,28,"  ","   ",YEAR,SOYBEANS,"CHEMICAL, FUNGICIDE: (PYRACLOSTROBIN = 99100)","11,000",0.118,0.134,1.1,4
2018,MISSISSIPPI,28,"  ","   ",YEAR,SOYBEANS,"CHEMICAL, FUNGICIDE: (STREPTOMYCES LYDICUS = 6327)",(NA),(NA),(NA),(D),(D)
2018,MISSISSIPPI,28,"  ","   ",YEAR,SOYBEANS,"CHEMICAL, FUNGICIDE: (TEBUCONAZOLE = 128997)",(D),(D),(D),(D),(D)
2018,MISSISSIPPI,28,"  ","   ",YEAR,SOYBEANS,"CHEMICAL, FUNGICIDE: (TETRACONAZOLE = 120603)","6,000",0.09,0.109,1.2,2
2018,MISSISSIPPI,28,"  ","   ",YEAR,SOYBEANS,"CHEMICAL, FUNGICIDE: (THIOPHANATE-METHYL = 102001)",(D),(D),(D),(D),(D)
2018,MISSISSIPPI,28,"  ","   ",YEAR,SOYBEANS,"CHEMICAL, FUNGICIDE: (TOTAL)","291,000"," "," "," ",35
2018,MISSISSIPPI,28,"  ","   ",YEAR,SOYBEANS,"CHEMICAL, FUNGICIDE: (TRIFLOXYSTROBIN = 129112)","17,000",0.152,0.152,1,5
2018,MISSISSIPPI,28,"  ","   ",YEAR,SOYBEANS,"CHEMICAL, FUNGICIDE: (ZOXAMIDE = 101702)",(D),(D),(D),(D),(D)
2018,MISSOURI,29,"  ","   ",YEAR,SOYBEANS,"CHEMICAL, FUNGICIDE: (AZOXYSTROBIN = 128810)",(D),(D),(D),(D),(D)
2018,MISSOURI,29,"  ","   ",YEAR,SOYBEANS,"CHEMICAL, FUNGICIDE: (CYPROCONAZOLE = 128993)",(D),(D),(D),(D),(D)
2018,MISSOURI,29,"  ","   ",YEAR,SOYBEANS,"CHEMICAL, FUNGICIDE: (CYPRODINIL = 288202)",(D),(D),(D),(D),(D)
2018,MISSOURI,29,"  ","   ",YEAR,SOYBEANS,"CHEMICAL, FUNGICIDE: (DIFENOCONAZOLE = 128847)",(D),(D),(D),(D),(D)
2018,MISSOURI,29,"  ","   ",YEAR,SOYBEANS,"CHEMICAL, FUNGICIDE: (FLUXAPYROXAD = 138009)",(D),(D),(D),(D),(D)
2018,MISSOURI,29,"  ","   ",YEAR,SOYBEANS,"CHEMICAL, FUNGICIDE: (MONO-POTASSIUM SALT = 76416)",(D),(D),(D),(D),(D)
2018,MISSOURI,29,"  ","   ",YEAR,SOYBEANS,"CHEMICAL, FUNGICIDE: (PICOXYSTROBIN = 129200)",(D),(D),(D),(D),(D)
2018,MISSOURI,29,"  ","   ",YEAR,SOYBEANS,"CHEMICAL, FUNGICIDE: (PROTHIOCONAZOLE = 113961)",(D),(D),(D),(D),(D)
2018,MISSOURI,29,"  ","   ",YEAR,SOYBEANS,"CHEMICAL, FUNGICIDE: (PYRACLOSTROBIN = 99100)",(D),(D),(D),(D),(D)
2018,MISSOURI,29,"  ","   ",YEAR,SOYBEANS,"CHEMICAL, FUNGICIDE: (TEBUCONAZOLE = 128997)",(D),(D),(D),(D),(D)
2018,MISSOURI,29,"  ","   ",YEAR,SOYBEANS,"CHEMICAL, FUNGICIDE: (TETRACONAZOLE = 120603)",(D),(D),(D),(D),(D)
2018,MISSOURI,29,"  ","   ",YEAR,SOYBEANS,"CHEMICAL, FUNGICIDE: (TOTAL)","201,000"," "," "," ",6
2018,MISSOURI,29,"  ","   ",YEAR,SOYBEANS,"CHEMICAL, FUNGICIDE: (TRIFLOXYSTROBIN = 129112)",(D),(D),(D),(D),(D)
2018,NEBRASKA,31,"  ","   ",YEAR,SOYBEANS,"CHEMICAL, FUNGICIDE: (AZOXYSTROBIN = 128810)",(D),(D),(D),(D),(D)
2018,NEBRASKA,31,"  ","   ",YEAR,SOYBEANS,"CHEMICAL, FUNGICIDE: (BENZOVINDIFLUPYR = 122305)",(D),(D),(D),(D),(D)
2018,NEBRASKA,31,"  ","   ",YEAR,SOYBEANS,"CHEMICAL, FUNGICIDE: (COPPER CHLORIDE HYD. = 23501)",(D),(D),(D),(D),(D)
2018,NEBRASKA,31,"  ","   ",YEAR,SOYBEANS,"CHEMICAL, FUNGICIDE: (FLUXAPYROXAD = 138009)","12,000",0.052,0.052,1,4
2018,NEBRASKA,31,"  ","   ",YEAR,SOYBEANS,"CHEMICAL, FUNGICIDE: (MONO-POTASSIUM SALT = 76416)",(D),(D),(D),(D),(D)
2018,NEBRASKA,31,"  ","   ",YEAR,SOYBEANS,"CHEMICAL, FUNGICIDE: (PROPICONAZOLE = 122101)",(D),(D),(D),(D),(D)
2018,NEBRASKA,31,"  ","   ",YEAR,SOYBEANS,"CHEMICAL, FUNGICIDE: (PYRACLOSTROBIN = 99100)","35,000",0.092,0.092,1,7
2018,NEBRASKA,31,"  ","   ",YEAR,SOYBEANS,"CHEMICAL, FUNGICIDE: (TETRACONAZOLE = 120603)",(D),(D),(D),(D),(D)
2018,NEBRASKA,31,"  ","   ",YEAR,SOYBEANS,"CHEMICAL, FUNGICIDE: (TOTAL)","244,000"," "," "," ",13
2018,"NORTH CAROLINA",37,"  ","   ",YEAR,SOYBEANS,"CHEMICAL, FUNGICIDE: (AZOXYSTROBIN = 128810)","12,000",0.106,0.106,1,7
2018,"NORTH CAROLINA",37,"  ","   ",YEAR,SOYBEANS,"CHEMICAL, FUNGICIDE: (CYPROCONAZOLE = 128993)",(D),(D),(D),(D),(D)
2018,"NORTH CAROLINA",37,"  ","   ",YEAR,SOYBEANS,"CHEMICAL, FUNGICIDE: (DIFENOCONAZOLE = 128847)","7,000",0.067,0.067,1,6
2018,"NORTH CAROLINA",37,"  ","   ",YEAR,SOYBEANS,"CHEMICAL, FUNGICIDE: (PICOXYSTROBIN = 129200)",(D),(D),(D),(D),(D)
2018,"NORTH CAROLINA",37,"  ","   ",YEAR,SOYBEANS,"CHEMICAL, FUNGICIDE: (PROTHIOCONAZOLE = 113961)",(D),(D),(D),(D),(D)
2018,"NORTH CAROLINA",37,"  ","   ",YEAR,SOYBEANS,"CHEMICAL, FUNGICIDE: (TEBUCONAZOLE = 128997)",(D),(D),(D),(D),(D)
2018,"NORTH CAROLINA",37,"  ","   ",YEAR,SOYBEANS,"CHEMICAL, FUNGICIDE: (TETRACONAZOLE = 120603)",(D),(D),(D),(D),(D)
2018,"NORTH CAROLINA",37,"  ","   ",YEAR,SOYBEANS,"CHEMICAL, FUNGICIDE: (TOTAL)","33,000"," "," "," ",14
2018,"NORTH CAROLINA",37,"  ","   ",YEAR,SOYBEANS,"CHEMICAL, FUNGICIDE: (TRIFLOXYSTROBIN = 129112)",(D),(D),(D),(D),(D)
2018,"NORTH DAKOTA",38,"  ","   ",YEAR,SOYBEANS,"CHEMICAL, FUNGICIDE: (FLUXAPYROXAD = 138009)",(D),(D),(D),(D),(D)
2018,"NORTH DAKOTA",38,"  ","   ",YEAR,SOYBEANS,"CHEMICAL, FUNGICIDE: (PICOXYSTROBIN = 129200)",(D),(D),(D),(D),(D)
2018,"NORTH DAKOTA",38,"  ","   ",YEAR,SOYBEANS,"CHEMICAL, FUNGICIDE: (PYRACLOSTROBIN = 99100)",(D),(D),(D),(D),(D)
2018,"NORTH DAKOTA",38,"  ","   ",YEAR,SOYBEANS,"CHEMICAL, FUNGICIDE: (TOTAL)",(D)," "," "," ",(D)
2018,OHIO,39,"  ","   ",YEAR,SOYBEANS,"CHEMICAL, FUNGICIDE: (AZOXYSTROBIN = 128810)","62,000",0.174,0.174,1,7
2018,OHIO,39,"  ","   ",YEAR,SOYBEANS,"CHEMICAL, FUNGICIDE: (BENZOVINDIFLUPYR = 122305)","5,000",0.026,0.026,1,4
2018,OHIO,39,"  ","   ",YEAR,SOYBEANS,"CHEMICAL, FUNGICIDE: (FLUOXASTROBIN = 28869)",(D),(D),(D),(D),(D)
2018,OHIO,39,"  ","   ",YEAR,SOYBEANS,"CHEMICAL, FUNGICIDE: (FLUXAPYROXAD = 138009)",(D),(D),(D),(D),(D)
2018,OHIO,39,"  ","   ",YEAR,SOYBEANS,"CHEMICAL, FUNGICIDE: (MONO-POTASSIUM SALT = 76416)",(D),(D),(D),(D),(D)
2018,OHIO,39,"  ","   ",YEAR,SOYBEANS,"CHEMICAL, FUNGICIDE: (PICOXYSTROBIN = 129200)",(D),(D),(D),(D),(D)
2018,OHIO,39,"  ","   ",YEAR,SOYBEANS,"CHEMICAL, FUNGICIDE: (PROPICONAZOLE = 122101)","24,000",0.108,0.108,1,4
2018,OHIO,39,"  ","   ",YEAR,SOYBEANS,"CHEMICAL, FUNGICIDE: (PROTHIOCONAZOLE = 113961)",(D),(D),(D),(D),(D)
2018,OHIO,39,"  ","   ",YEAR,SOYBEANS,"CHEMICAL, FUNGICIDE: (PYRACLOSTROBIN = 99100)",(D),(D),(D),(D),(D)
2018,OHIO,39,"  ","   ",YEAR,SOYBEANS,"CHEMICAL, FUNGICIDE: (TEBUCONAZOLE = 128997)",(D),(D),(D),(D),(D)
2018,OHIO,39,"  ","   ",YEAR,SOYBEANS,"CHEMICAL, FUNGICIDE: (TETRACONAZOLE = 120603)",(D),(D),(D),(D),(D)
2018,OHIO,39,"  ","   ",YEAR,SOYBEANS,"CHEMICAL, FUNGICIDE: (TOTAL)","123,000"," "," "," ",11
2018,"SOUTH DAKOTA",46,"  ","   ",YEAR,SOYBEANS,"CHEMICAL, FUNGICIDE: (AZOXYSTROBIN = 128810)",(D),(D),(D),(D),(D)
2018,"SOUTH DAKOTA",46,"  ","   ",YEAR,SOYBEANS,"CHEMICAL, FUNGICIDE: (BOSCALID = 128008)",(D),(D),(D),(D),(D)
2018,"SOUTH DAKOTA",46,"  ","   ",YEAR,SOYBEANS,"CHEMICAL, FUNGICIDE: (PROPICONAZOLE = 122101)",(D),(D),(D),(D),(D)
2018,"SOUTH DAKOTA",46,"  ","   ",YEAR,SOYBEANS,"CHEMICAL, FUNGICIDE: (TOTAL)",(D)," "," "," ",(D)
2018,TENNESSEE,47,"  ","   ",YEAR,SOYBEANS,"CHEMICAL, FUNGICIDE: (AZOXYSTROBIN = 128810)","7,000",0.088,0.088,1,5
2018,TENNESSEE,47,"  ","   ",YEAR,SOYBEANS,"CHEMICAL, FUNGICIDE: (CHLOROTHALONIL = 81901)",(D),(D),(D),(D),(D)
2018,TENNESSEE,47,"  ","   ",YEAR,SOYBEANS,"CHEMICAL, FUNGICIDE: (CYPROCONAZOLE = 128993)",(D),(D),(D),(D),(D)
2018,TENNESSEE,47,"  ","   ",YEAR,SOYBEANS,"CHEMICAL, FUNGICIDE: (DIFENOCONAZOLE = 128847)",(D),(D),(D),(D),(D)
2018,TENNESSEE,47,"  ","   ",YEAR,SOYBEANS,"CHEMICAL, FUNGICIDE: (FLUXAPYROXAD = 138009)","2,000",0.035,0.04,1.1,3
2018,TENNESSEE,47,"  ","   ",YEAR,SOYBEANS,"CHEMICAL, FUNGICIDE: (MONO-POTASSIUM SALT = 76416)",(D),(D),(D),(D),(D)
2018,TENNESSEE,47,"  ","   ",YEAR,SOYBEANS,"CHEMICAL, FUNGICIDE: (PICOXYSTROBIN = 129200)",(D),(D),(D),(D),(D)
2018,TENNESSEE,47,"  ","   ",YEAR,SOYBEANS,"CHEMICAL, FUNGICIDE: (PROPICONAZOLE = 122101)",(D),(D),(D),(D),(D)
2018,TENNESSEE,47,"  ","   ",YEAR,SOYBEANS,"CHEMICAL, FUNGICIDE: (PROTHIOCONAZOLE = 113961)",(D),(D),(D),(D),(D)
2018,TENNESSEE,47,"  ","   ",YEAR,SOYBEANS,"CHEMICAL, FUNGICIDE: (PYRACLOSTROBIN = 99100)","4,000",0.071,0.079,1.1,3
2018,TENNESSEE,47,"  ","   ",YEAR,SOYBEANS,"CHEMICAL, FUNGICIDE: (TEBUCONAZOLE = 128997)",(D),(D),(D),(D),(D)
2018,TENNESSEE,47,"  ","   ",YEAR,SOYBEANS,"CHEMICAL, FUNGICIDE: (TETRACONAZOLE = 120603)",(D),(D),(D),(D),(D)
2018,TENNESSEE,47,"  ","   ",YEAR,SOYBEANS,"CHEMICAL, FUNGICIDE: (TOTAL)","37,000"," "," "," ",14
2018,TENNESSEE,47,"  ","   ",YEAR,SOYBEANS,"CHEMICAL, FUNGICIDE: (TRIFLOXYSTROBIN = 129112)",(D),(D),(D),(D),(D)
2018,VIRGINIA,51,"  ","   ",YEAR,SOYBEANS,"CHEMICAL, FUNGICIDE: (AZOXYSTROBIN = 128810)","4,000",0.099,0.099,1,7
2018,VIRGINIA,51,"  ","   ",YEAR,SOYBEANS,"CHEMICAL, FUNGICIDE: (BASIC COPPER SULFATE = 8101)",(D),(D),(D),(D),(D)
2018,VIRGINIA,51,"  ","   ",YEAR,SOYBEANS,"CHEMICAL, FUNGICIDE: (BENZOVINDIFLUPYR = 122305)",(D),(D),(D),(D),(D)
2018,VIRGINIA,51,"  ","   ",YEAR,SOYBEANS,"CHEMICAL, FUNGICIDE: (CYPROCONAZOLE = 128993)",(D),(D),(D),(D),(D)
2018,VIRGINIA,51,"  ","   ",YEAR,SOYBEANS,"CHEMICAL, FUNGICIDE: (DIFENOCONAZOLE = 128847)","1,000",0.063,0.063,1,3
2018,VIRGINIA,51,"  ","   ",YEAR,SOYBEANS,"CHEMICAL, FUNGICIDE: (FLUXAPYROXAD = 138009)",(D),(D),(D),(D),(D)
2018,VIRGINIA,51,"  ","   ",YEAR,SOYBEANS,"CHEMICAL, FUNGICIDE: (MEFENOXAM = 113502)",(D),(D),(D),(D),(D)
2018,VIRGINIA,51,"  ","   ",YEAR,SOYBEANS,"CHEMICAL, FUNGICIDE: (PICOXYSTROBIN = 129200)",(D),(D),(D),(D),(D)
2018,VIRGINIA,51,"  ","   ",YEAR,SOYBEANS,"CHEMICAL, FUNGICIDE: (PROPICONAZOLE = 122101)",(D),(D),(D),(D),(D)
2018,VIRGINIA,51,"  ","   ",YEAR,SOYBEANS,"CHEMICAL, FUNGICIDE: (PROTHIOCONAZOLE = 113961)",(D),(D),(D),(D),(D)
2018,VIRGINIA,51,"  ","   ",YEAR,SOYBEANS,"CHEMICAL, FUNGICIDE: (PYRACLOSTROBIN = 99100)",(D),(D),(D),(D),(D)
2018,VIRGINIA,51,"  ","   ",YEAR,SOYBEANS,"CHEMICAL, FUNGICIDE: (TETRACONAZOLE = 120603)",(D),(D),(D),(D),(D)
2018,VIRGINIA,51,"  ","   ",YEAR,SOYBEANS,"CHEMICAL, FUNGICIDE: (TOTAL)","33,000"," "," "," ",24
2018,VIRGINIA,51,"  ","   ",YEAR,SOYBEANS,"CHEMICAL, FUNGICIDE: (TRIFLOXYSTROBIN = 129112)",(D),(D),(D),(D),(D)
2018,WISCONSIN,55,"  ","   ",YEAR,SOYBEANS,"CHEMICAL, FUNGICIDE: (AZOXYSTROBIN = 128810)",(D),(D),(D),(D),(D)
2018,WISCONSIN,55,"  ","   ",YEAR,SOYBEANS,"CHEMICAL, FUNGICIDE: (BENZOVINDIFLUPYR = 122305)",(D),(D),(D),(D),(D)
2018,WISCONSIN,55,"  ","   ",YEAR,SOYBEANS,"CHEMICAL, FUNGICIDE: (DIFENOCONAZOLE = 128847)",(D),(D),(D),(D),(D)
2018,WISCONSIN,55,"  ","   ",YEAR,SOYBEANS,"CHEMICAL, FUNGICIDE: (FLUDIOXONIL = 71503)",(D),(D),(D),(D),(D)
2018,WISCONSIN,55,"  ","   ",YEAR,SOYBEANS,"CHEMICAL, FUNGICIDE: (FLUOXASTROBIN = 28869)",(D),(D),(D),(D),(D)
2018,WISCONSIN,55,"  ","   ",YEAR,SOYBEANS,"CHEMICAL, FUNGICIDE: (FLUXAPYROXAD = 138009)",(D),(D),(D),(D),(D)
2018,WISCONSIN,55,"  ","   ",YEAR,SOYBEANS,"CHEMICAL, FUNGICIDE: (MEFENOXAM = 113502)",(D),(D),(D),(D),(D)
2018,WISCONSIN,55,"  ","   ",YEAR,SOYBEANS,"CHEMICAL, FUNGICIDE: (PICOXYSTROBIN = 129200)",(D),(D),(D),(D),(D)
2018,WISCONSIN,55,"  ","   ",YEAR,SOYBEANS,"CHEMICAL, FUNGICIDE: (PROPICONAZOLE = 122101)",(D),(D),(D),(D),(D)
2018,WISCONSIN,55,"  ","   ",YEAR,SOYBEANS,"CHEMICAL, FUNGICIDE: (PYRACLOSTROBIN = 99100)",(D),(D),(D),(D),(D)
2018,WISCONSIN,55,"  ","   ",YEAR,SOYBEANS,"CHEMICAL, FUNGICIDE: (SEDAXANE = 129223)",(D),(D),(D),(D),(D)
2018,WISCONSIN,55,"  ","   ",YEAR,SOYBEANS,"CHEMICAL, FUNGICIDE: (TETRACONAZOLE = 120603)",(D),(D),(D),(D),(D)
2018,WISCONSIN,55,"  ","   ",YEAR,SOYBEANS,"CHEMICAL, FUNGICIDE: (TOTAL)","49,000"," "," "," ",14
2018,WISCONSIN,55,"  ","   ",YEAR,SOYBEANS,"CHEMICAL, FUNGICIDE: (TRIFLOXYSTROBIN = 129112)",(D),(D),(D),(D),(D)
